experiment,config_name,dataset,condition,condition_value,model,seed,n_train,n_test,treated_fraction_train,fit_seconds,pehe,abs_ate_error,cate_mae,cate_bias,ate_true,ate_hat,policy_value,policy_regret,optimal_policy_value,pehe_tau_q1,pehe_tau_q2,pehe_tau_q3,pehe_tau_q4,diag_treated_fraction,diag_ps_min,diag_ps_max,diag_ps_frac_below_0.1,diag_ps_frac_above_0.9,diag_ps_ks_treated_vs_control,diag_smd_mean,diag_smd_max,diag_smd_frac_above_0.1,diag_true_ps_min,diag_true_ps_max,error
confounding,confounding,synthetic,confounding_strength,0.0,s_learner,0,2000,2000,0.5,1.8278427124023438,0.35253513862227254,0.14357524132762445,0.2626078693206382,-0.14357524132762445,0.988634815670337,0.8450595743427125,0.9654001634460548,0.009241086330087023,0.9746412497761419,0.30395527347967977,0.25771166429937015,0.26453276504380846,0.5180177621278239,0.5,0.30161096242148194,0.6755440672048536,0.0,0.0,0.096,0.03617392029560568,0.12084866904148066,0.1,0.5,0.5,
confounding,confounding,synthetic,confounding_strength,0.0,s_learner,1,2000,2000,0.495,1.8000741004943848,0.47047812199738825,0.23063789373556953,0.3427351781503719,-0.23063789373556948,0.9947717733296532,0.7641338795940836,1.0498530548256966,0.014046195956159746,1.0638992507818563,0.30060572050421763,0.30947192682079655,0.38500934940251813,0.7423138024416431,0.495,0.2615105049613446,0.6718587160923126,0.0,0.0,0.11812181218121812,0.04292046311676366,0.10668488565857716,0.05,0.5,0.5,
confounding,confounding,synthetic,confounding_strength,0.0,s_learner,2,2000,2000,0.5035,1.830742597579956,0.4038689208822067,0.15856428294995983,0.2962043681811425,-0.1585642829499598,0.9804604494287746,0.8218961664788148,0.9337506323875646,0.0038958221113138958,0.9376464544988785,0.25998860900944526,0.23529190112697798,0.3379158926503766,0.6444353458353429,0.5035,0.2929037483019912,0.7107596090634787,0.0,0.0,0.12976335840456182,0.05200336617670166,0.1300180432092643,0.1,0.5,0.5,
confounding,confounding,synthetic,confounding_strength,0.0,s_learner,3,2000,2000,0.5,1.8259320259094238,0.4290324093960833,0.2772366054806197,0.3244651035829741,-0.27723660548061974,1.0087926713972664,0.7315560659166467,0.8924886171779959,0.010029798849319871,0.9025184160273158,0.2480602826054762,0.3758652851266567,0.35307027775404615,0.6393809473591334,0.5,0.3339531679415336,0.674103785436549,0.0,0.0,0.108,0.04397804774632658,0.08348393134626104,0.0,0.5,0.5,
confounding,confounding,synthetic,confounding_strength,0.0,s_learner,4,2000,2000,0.4745,1.850839614868164,0.4599605137263315,0.29410093296589956,0.3473872987087061,-0.2941009329658997,0.9903193784566898,0.6962184454907903,0.9167811065868517,0.005554477097697408,0.9223355836845492,0.2151891980521652,0.32279529352784336,0.36087301285558254,0.7520120829215693,0.4745,0.2989067005510385,0.646543204391403,0.0,0.0,0.09182884683060641,0.040307352301775956,0.09620872186074654,0.0,0.5,0.5,
confounding,confounding,synthetic,confounding_strength,0.0,s_learner,5,2000,2000,0.5075,1.803466796875,0.41094362934661727,0.17424807929295827,0.2986872738290691,-0.1742480792929582,0.9664879542782492,0.7922398749852909,0.9713478606191683,0.008920549578362191,0.9802684101975305,0.26644965646854746,0.30416479798492485,0.30803511457542676,0.645833872157048,0.5075,0.32807189819113414,0.6704747301170138,0.0,0.0,0.09521642369533145,0.035002717603518106,0.14606359355552034,0.05,0.5,0.5,
confounding,confounding,synthetic,confounding_strength,0.0,s_learner,6,2000,2000,0.489,1.802067756652832,0.4443205802837115,0.23512505164191533,0.34103848539264625,-0.23512505164191536,1.003619649399195,0.7684945977572796,1.0223854282719749,0.013548049758735248,1.0359334780307101,0.2944430047456428,0.30869680105552993,0.3801307768364067,0.6805830637995676,0.489,0.347036171468478,0.6192937795864211,0.0,0.0,0.09889186366201241,0.02776811845669277,0.09743066258171393,0.0,0.5,0.5,
confounding,confounding,synthetic,confounding_strength,0.0,s_learner,7,2000,2000,0.4925,1.8340117931365967,0.4870899930561938,0.309349385942446,0.3617525139139406,-0.3093493859424461,0.9985860310672204,0.6892366451247744,0.9909176201034573,0.011333244428860745,1.002250864532318,0.2633570998251135,0.30840012754990453,0.3976572420726605,0.7914718961959452,0.4925,0.2613921765664383,0.6923932826880763,0.0,0.0,0.11139006276412193,0.041775178257900794,0.11379574324848574,0.1,0.5,0.5,
confounding,confounding,synthetic,confounding_strength,0.0,s_learner,8,2000,2000,0.493,1.8280043601989746,0.5043418777213382,0.2782515163417356,0.3818011678075579,-0.2782515163417356,1.0063284488837538,0.7280769325420182,1.034951710573873,0.007008786391734967,1.041960496965608,0.28368189851237924,0.34598065638984593,0.42176503191509473,0.7996118697268468,0.493,0.3201051481548517,0.6428530196688977,0.0,0.0,0.087255101999992,0.0355156250203149,0.0810216864786433,0.0,0.5,0.5,
confounding,confounding,synthetic,confounding_strength,0.0,s_learner,9,2000,2000,0.497,1.8287184238433838,0.5067629951757302,0.3479986730772465,0.4036190971700552,-0.34799867307724663,1.000148146210073,0.6521494731328265,0.9037632159134144,0.003507484091695545,0.9072707000051099,0.22980114417992922,0.38113434106050675,0.4672354763654468,0.7815714880555913,0.497,0.34894679724308725,0.6455766442257557,0.0,0.0,0.08948522146797284,0.03447847881826681,0.08078551820768623,0.0,0.5,0.5,
confounding,confounding,synthetic,confounding_strength,0.0,s_learner,10,2000,2000,0.484,1.8141443729400635,0.39332118591784127,0.18682145863220911,0.3007336641596414,-0.18682145863220895,1.0102761104198241,0.823454651787615,1.0108875691617782,0.010445353364865184,1.0213329225266434,0.2760592742268665,0.28794039899423496,0.30787091629777336,0.6040722835932916,0.484,0.2634772348719492,0.7084660029825222,0.0,0.0,0.11208277275930553,0.04894391429161667,0.11440045072227362,0.1,0.5,0.5,
confounding,confounding,synthetic,confounding_strength,0.0,s_learner,11,2000,2000,0.495,1.804839849472046,0.4203424212936206,0.25966422150895196,0.30616255366769785,-0.25966422150895185,1.004209171295834,0.7445449497868821,1.0224616597455238,0.005500460284910469,1.0279621200304343,0.21263299011125175,0.27969333121238427,0.3345823367207728,0.6865599147212644,0.495,0.3442068138429245,0.6372707111713533,0.0,0.0,0.09464946494649465,0.02941239818286929,0.09611552777215057,0.0,0.5,0.5,
confounding,confounding,synthetic,confounding_strength,0.0,s_learner,12,2000,2000,0.509,1.8041043281555176,0.47046137408492955,0.27504888722945264,0.34012836261049983,-0.2750488872294526,1.0076912717470716,0.732642384517619,1.0074062588663366,0.00892609812148093,1.0163323569878175,0.24265097283443654,0.3383148463403219,0.4048233404978613,0.7403494115212753,0.509,0.3257734165160842,0.6853947295131546,0.0,0.0,0.09664931437785843,0.039104357628740476,0.08077544118162547,0.0,0.5,0.5,
confounding,confounding,synthetic,confounding_strength,0.0,s_learner,13,2000,2000,0.5,1.832228183746338,0.36550094030334557,0.17267980361284252,0.270528716165431,-0.1726798036128424,0.9934729095450703,0.8207931059322278,0.9673716694596401,0.004608738186125394,0.9719804076457655,0.22337195101396135,0.2700831382248503,0.283425768004227,0.5754942688060117,0.5,0.3022884216423782,0.6784214934336719,0.0,0.0,0.105,0.03684026729527717,0.11923480287143695,0.05,0.5,0.5,
confounding,confounding,synthetic,confounding_strength,0.0,s_learner,14,2000,2000,0.511,1.8830499649047852,0.43148346758747247,0.2190504457321305,0.3134573502221057,-0.21905044573213062,0.9864716718243007,0.7674212260921702,0.8339075826120568,0.019723584473510303,0.8536311670855671,0.3058125389340973,0.3160304983794464,0.3028401494605951,0.6779404031363245,0.511,0.32065096746408267,0.6892736866186576,0.0,0.0,0.10565313611788106,0.03942937374351729,0.11064346666361993,0.1,0.5,0.5,
confounding,confounding,synthetic,confounding_strength,0.0,s_learner,15,2000,2000,0.506,1.9031033515930176,0.3538139448173485,0.21405770617465536,0.2792686773238323,-0.2140577061746555,0.9872567721697856,0.7731990659951302,1.0529339436799265,0.003631664588715555,1.056565608268642,0.21707769015305362,0.2722034835503989,0.33874284897102624,0.5145610288786842,0.506,0.3208518736520211,0.7333859599752864,0.0,0.0,0.08508025155622409,0.04093872747994716,0.12699354593735465,0.1,0.5,0.5,
confounding,confounding,synthetic,confounding_strength,0.0,s_learner,16,2000,2000,0.505,1.987332820892334,0.505360459089008,0.3209773166735458,0.3807189274532473,-0.3209773166735459,1.003893844164219,0.6829165274906731,1.012858648584775,0.00853101749643348,1.0213896660812085,0.26532455750318906,0.3291607139200008,0.39920714603467883,0.8267082511955898,0.505,0.3352262999157425,0.6840039728915296,0.0,0.0,0.09285928592859286,0.04038468825481288,0.0888227822996207,0.0,0.5,0.5,
confounding,confounding,synthetic,confounding_strength,0.0,s_learner,17,2000,2000,0.493,1.882059097290039,0.4274416376750605,0.27386473232659414,0.33870880152090843,-0.27386473232659414,0.9793423811024536,0.7054776487758595,0.893335814819628,0.007698464420736406,0.9010342792403644,0.26318992974312283,0.329524209313101,0.4094607765868188,0.6207351635509751,0.493,0.3516098306088573,0.6229960827735688,0.0,0.0,0.07084588579361555,0.03161254980472318,0.0680944299097911,0.0,0.5,0.5,
confounding,confounding,synthetic,confounding_strength,0.0,s_learner,18,2000,2000,0.518,1.8384172916412354,0.43083739704237733,0.2515252091576188,0.31836324120341125,-0.2515252091576188,0.9985727292068496,0.7470475200492308,1.071298604376979,0.008170192367732643,1.0794687967447116,0.2485920965423928,0.2670171637568759,0.3192434327762339,0.712369907552349,0.518,0.30433364425062887,0.6877242160908482,0.0,0.0,0.10219644659478684,0.03902893634136021,0.08684168392760973,0.0,0.5,0.5,
confounding,confounding,synthetic,confounding_strength,0.0,s_learner,19,2000,2000,0.4935,1.8439056873321533,0.4024485490525522,0.17393688308844713,0.2925999625538098,-0.1739368830884473,1.0013442425231096,0.8274073594346625,0.928169444320349,0.003326414047970405,0.9314958583683194,0.24007549163919875,0.2411969638070557,0.33302879290820825,0.6489521897617532,0.4935,0.33888954490192524,0.6511087888037899,0.0,0.0,0.09395687871250241,0.03365141035218352,0.077437892271242,0.0,0.5,0.5,
confounding,confounding,synthetic,confounding_strength,0.0,s_learner,20,2000,2000,0.4755,1.8538672924041748,0.47352565708776617,0.18305746817710267,0.36764003919528443,-0.18305746817710286,0.9972729066129272,0.8142154384358246,1.0221329992099242,0.012108576699913831,1.034241575909838,0.41179319150740457,0.3056561212950392,0.4165075587804762,0.6785487072446232,0.4755,0.3617193235184242,0.5954856007967797,0.0,0.0,0.08989383509807047,0.02568745522208655,0.07967446168670389,0.0,0.5,0.5,
confounding,confounding,synthetic,confounding_strength,0.0,s_learner,21,2000,2000,0.4985,1.8174858093261719,0.4026132878582239,0.16394072336404464,0.304451542601698,-0.1639407233640447,0.9942709486025046,0.83033022523846,0.9788887920797221,0.007356050491985844,0.986244842571708,0.25815687440461604,0.2988142783629949,0.365782355764084,0.5988807574933054,0.4985,0.3101180886788159,0.6413869166994082,0.0,0.0,0.0938728448556037,0.03703018654521409,0.08597188552461899,0.0,0.5,0.5,
confounding,confounding,synthetic,confounding_strength,0.0,s_learner,22,2000,2000,0.491,1.859032154083252,0.45070648019967646,0.16751061864026418,0.3318378952763588,-0.16751061864026418,1.005694401834314,0.8381837831940497,1.0284131898274018,0.008194985127139232,1.036608174954541,0.31585863468554465,0.2716647611489123,0.3428852837576061,0.7220848896098572,0.491,0.3407052463480576,0.6461462133889466,0.0,0.0,0.08840464310436581,0.03382187253859759,0.09163018508675916,0.0,0.5,0.5,
confounding,confounding,synthetic,confounding_strength,0.0,s_learner,23,2000,2000,0.503,1.867182970046997,0.4147974507558905,0.2155333737283791,0.3191024346883363,-0.21553337372837922,0.9863786558371623,0.7708452821087832,0.9831119725020329,0.0055461685235546065,0.9886581410255875,0.27620760284554297,0.30202799840553823,0.356219301844133,0.6275539482128074,0.503,0.35919448554826816,0.6455945253278249,0.0,0.0,0.07509470340932274,0.029279438740008608,0.10956228566621484,0.05,0.5,0.5,
confounding,confounding,synthetic,confounding_strength,0.0,s_learner,24,2000,2000,0.5055,1.909029245376587,0.3707664275462831,0.17356681065541268,0.2819184774047356,-0.17356681065541266,0.9987093506981598,0.8251425400427471,0.9623361833427098,0.0059340144219254265,0.9682701977646352,0.2691976820699293,0.30965753648359173,0.3143523952406658,0.5316938638495645,0.5055,0.31659998713896786,0.6747531683223398,0.0,0.0,0.10052716378681821,0.038231863696342495,0.09319709806901535,0.0,0.5,0.5,
confounding,confounding,synthetic,confounding_strength,0.0,s_learner,25,2000,2000,0.5045,1.8849070072174072,0.40771715214398735,0.21480561180070745,0.28631992906737297,-0.21480561180070754,0.9991239276584803,0.7843183158577729,0.9648464279495826,0.002425368462171562,0.9672717964117542,0.18069115116643797,0.26428617472922716,0.30088368182382214,0.6869538851763589,0.5045,0.38572315913478256,0.6555997844467204,0.0,0.0,0.0939416092703509,0.027939346751877325,0.09930971385924925,0.0,0.5,0.5,
confounding,confounding,synthetic,confounding_strength,0.0,s_learner,26,2000,2000,0.499,1.9081063270568848,0.5142068673360457,0.303531376725664,0.4104300507761666,-0.3035313767256637,1.0171306539049356,0.7135992771792716,1.0185955613546482,0.006561095944048079,1.0251566572986963,0.32773582257718015,0.39267912614796874,0.42379690063930203,0.7851263154155814,0.499,0.32524265994102264,0.6468789145013637,0.0,0.0,0.11267845071380285,0.03393608458192473,0.10013965941088122,0.05,0.5,0.5,
confounding,confounding,synthetic,confounding_strength,0.0,s_learner,27,2000,2000,0.5105,1.9073734283447266,0.46801138500664075,0.24682909913815076,0.35777562994834344,-0.24682909913815085,0.9959384935616975,0.7491093944235467,0.9541307301504359,0.00849249136429786,0.9626232215147338,0.29817551552573096,0.28624740974404916,0.41403011254890054,0.7306650903402105,0.5105,0.3014028512401697,0.7073440811211678,0.0,0.0,0.14556519425066455,0.046659874125251334,0.09823726219066715,0.0,0.5,0.5,
confounding,confounding,synthetic,confounding_strength,0.0,s_learner,28,2000,2000,0.4965,1.8787658214569092,0.42439233749476635,0.18023946758171694,0.3125640889977418,-0.18023946758171694,0.9766359953808899,0.7963965277991729,0.8408933918211999,0.0070942704314876925,0.8479876622526876,0.30069328375060644,0.25805042825501473,0.3537007379287937,0.6620609776073456,0.4965,0.33887345705261585,0.6610439165869166,0.0,0.0,0.1016499808490616,0.038730642295192415,0.08198401500561629,0.0,0.5,0.5,
confounding,confounding,synthetic,confounding_strength,0.0,s_learner,29,2000,2000,0.5025,1.9080958366394043,0.41995917994018783,0.2114075478708598,0.30350505121822446,-0.21140754787085972,0.9856623929546574,0.7742548450837976,0.8788334168308323,0.009328343554872554,0.8881617603857048,0.23243689662711434,0.24487924180652562,0.32086572037540195,0.6989386859880715,0.5025,0.3056640327139708,0.6586157217502635,0.0,0.0,0.10604765119127978,0.03323339031748489,0.10731938915657915,0.05,0.5,0.5,
confounding,confounding,synthetic,confounding_strength,0.0,t_learner,0,2000,2000,0.5,1.9001407623291016,0.8403901820877633,0.04289530735883729,0.6633382879375651,0.042895307358837224,0.988634815670337,1.0315301230291742,0.8754057350935399,0.09923551468260194,0.9746412497761419,0.8117809072777493,0.850340316590064,0.8261504458424587,0.8720270511819838,0.5,0.30161096242148194,0.6755440672048536,0.0,0.0,0.096,0.03617392029560568,0.12084866904148066,0.1,0.5,0.5,
confounding,confounding,synthetic,confounding_strength,0.0,t_learner,1,2000,2000,0.495,1.8929872512817383,0.8608695338165514,0.07210988140741803,0.6771592213537728,0.07210988140741802,0.9947717733296532,1.0668816547370712,0.9885058022707672,0.07539344851108909,1.0638992507818563,0.7898726411114902,0.7694993563819438,0.8590172634295392,1.005209783823986,0.495,0.2615105049613446,0.6718587160923126,0.0,0.0,0.11812181218121812,0.04292046311676366,0.10668488565857716,0.05,0.5,0.5,
confounding,confounding,synthetic,confounding_strength,0.0,t_learner,2,2000,2000,0.5035,1.8306465148925781,0.9051665682277188,0.03787233060384165,0.7105712762927838,0.03787233060384168,0.9804604494287746,1.0183327800326163,0.8469536727950749,0.09069278170380357,0.9376464544988785,0.9529138577173498,0.8903456546531704,0.8407257352953575,0.9325910668514463,0.5035,0.2929037483019912,0.7107596090634787,0.0,0.0,0.12976335840456182,0.05200336617670166,0.1300180432092643,0.1,0.5,0.5,
confounding,confounding,synthetic,confounding_strength,0.0,t_learner,3,2000,2000,0.5,1.8666017055511475,0.8763103031794199,0.03941639730737212,0.6847771403902748,-0.039416397307372245,1.0087926713972664,0.9693762740898942,0.7931858797247034,0.1093325363026123,0.9025184160273158,0.8593998191916234,0.8430716102804263,0.9079925667839887,0.8932472777519255,0.5,0.3339531679415336,0.674103785436549,0.0,0.0,0.108,0.04397804774632658,0.08348393134626104,0.0,0.5,0.5,
confounding,confounding,synthetic,confounding_strength,0.0,t_learner,4,2000,2000,0.4745,1.8468506336212158,0.9822893295025011,0.10991389026351239,0.7782467920018459,-0.10991389026351238,0.9903193784566898,0.8804054881931774,0.7786438716439936,0.14369171204055553,0.9223355836845492,0.9306835709298505,0.9140047903318879,0.9767515114210733,1.097246155794663,0.4745,0.2989067005510385,0.646543204391403,0.0,0.0,0.09182884683060641,0.040307352301775956,0.09620872186074654,0.0,0.5,0.5,
confounding,confounding,synthetic,confounding_strength,0.0,t_learner,5,2000,2000,0.5075,1.8054664134979248,0.8915806008215775,0.07487120700623162,0.693513793489487,0.0748712070062314,0.9664879542782492,1.0413591612844808,0.8906252841520926,0.0896431260454379,0.9802684101975305,0.8540565165849796,0.8640745144296327,0.8876442480664225,0.9569296002904192,0.5075,0.32807189819113414,0.6704747301170138,0.0,0.0,0.09521642369533145,0.035002717603518106,0.14606359355552034,0.05,0.5,0.5,
confounding,confounding,synthetic,confounding_strength,0.0,t_learner,6,2000,2000,0.489,1.8562474250793457,0.8409844615360182,0.07639606009738442,0.6602722118793636,-0.0763960600973845,1.003619649399195,0.9272235893018105,0.9327235199246979,0.10320995810601219,1.0359334780307101,0.8268320263657973,0.8472347288656881,0.774474209147218,0.909808370991172,0.489,0.347036171468478,0.6192937795864211,0.0,0.0,0.09889186366201241,0.02776811845669277,0.09743066258171393,0.0,0.5,0.5,
confounding,confounding,synthetic,confounding_strength,0.0,t_learner,7,2000,2000,0.4925,1.8786249160766602,0.8525328116636121,0.10855221639206569,0.6617132635023593,-0.10855221639206565,0.9985860310672204,0.8900338146751547,0.8955452257799633,0.10670563875235473,1.002250864532318,0.7773557606426105,0.8062508937628206,0.8530597097741374,0.9618811928272231,0.4925,0.2613921765664383,0.6923932826880763,0.0,0.0,0.11139006276412193,0.041775178257900794,0.11379574324848574,0.1,0.5,0.5,
confounding,confounding,synthetic,confounding_strength,0.0,t_learner,8,2000,2000,0.493,1.8981568813323975,0.866795361412907,0.02439057832197966,0.6928677102348388,-0.024390578321979682,1.0063284488837538,0.9819378705617742,0.9362543289170577,0.10570616804855026,1.041960496965608,0.8282370618014832,0.8843794252851304,0.8270688271327808,0.9236830360268197,0.493,0.3201051481548517,0.6428530196688977,0.0,0.0,0.087255101999992,0.0355156250203149,0.0810216864786433,0.0,0.5,0.5,
confounding,confounding,synthetic,confounding_strength,0.0,t_learner,9,2000,2000,0.497,1.8324394226074219,0.9092938887706212,0.1403300667718299,0.7174247929531411,-0.14033006677182988,1.000148146210073,0.8598180794382431,0.7675298282860518,0.13974087171905814,0.9072707000051099,0.8150702076888523,0.7934470877686952,0.9300602048731025,1.0716117745635432,0.497,0.34894679724308725,0.6455766442257557,0.0,0.0,0.08948522146797284,0.03447847881826681,0.08078551820768623,0.0,0.5,0.5,
confounding,confounding,synthetic,confounding_strength,0.0,t_learner,10,2000,2000,0.484,1.8761372566223145,0.8499516138286581,0.06551148513551186,0.6724680324113432,0.06551148513551178,1.0102761104198241,1.075787595555336,0.9427213398139848,0.07861158271265867,1.0213329225266434,0.7959682386232825,0.8502510454848079,0.8431646036782832,0.9067812069395492,0.484,0.2634772348719492,0.7084660029825222,0.0,0.0,0.11208277275930553,0.04894391429161667,0.11440045072227362,0.1,0.5,0.5,
confounding,confounding,synthetic,confounding_strength,0.0,t_learner,11,2000,2000,0.495,1.8733866214752197,0.9111011144662886,0.022944542177870786,0.7174139009177561,-0.02294454217787071,1.004209171295834,0.9812646291179633,0.9247879444963215,0.10317417553411279,1.0279621200304343,0.8992471307527556,0.8889485845707921,0.9110370787620575,0.9442231812818784,0.495,0.3442068138429245,0.6372707111713533,0.0,0.0,0.09464946494649465,0.02941239818286929,0.09611552777215057,0.0,0.5,0.5,
confounding,confounding,synthetic,confounding_strength,0.0,t_learner,12,2000,2000,0.509,1.904022455215454,0.8594342170043247,0.039658160830966294,0.6641900112811465,-0.03965816083096632,1.0076912717470716,0.9680331109161053,0.923553090191705,0.09277926679611259,1.0163323569878175,0.8071883094343281,0.8025579991635479,0.8278054436800619,0.9867089398278284,0.509,0.3257734165160842,0.6853947295131546,0.0,0.0,0.09664931437785843,0.039104357628740476,0.08077544118162547,0.0,0.5,0.5,
confounding,confounding,synthetic,confounding_strength,0.0,t_learner,13,2000,2000,0.5,1.8514230251312256,0.9589438314987676,0.07650436207017064,0.7606005499247892,0.07650436207017071,0.9934729095450703,1.069977271615241,0.879926456456434,0.09205395118933157,0.9719804076457655,0.9246040841137055,0.9165370283680465,0.9473122286990525,1.0420939461036647,0.5,0.3022884216423782,0.6784214934336719,0.0,0.0,0.105,0.03684026729527717,0.11923480287143695,0.05,0.5,0.5,
confounding,confounding,synthetic,confounding_strength,0.0,t_learner,14,2000,2000,0.511,1.8700149059295654,0.8929447732781501,0.031651438459753045,0.7070824703944857,-0.03165143845975307,0.9864716718243007,0.9548202333645477,0.7575139878294418,0.09611717925612528,0.8536311670855671,0.9266785144895524,0.8688399848168451,0.8243696984115623,0.9466784482636111,0.511,0.32065096746408267,0.6892736866186576,0.0,0.0,0.10565313611788106,0.03942937374351729,0.11064346666361993,0.1,0.5,0.5,
confounding,confounding,synthetic,confounding_strength,0.0,t_learner,15,2000,2000,0.506,1.8392019271850586,0.8707297006706817,0.07109856862044861,0.6957521453304869,0.07109856862044839,0.9872567721697856,1.0583553407902342,0.9737995799576006,0.08276602831104152,1.056565608268642,0.8274901624486112,0.9170069429355797,0.8741592553108998,0.8619076171685837,0.506,0.3208518736520211,0.7333859599752864,0.0,0.0,0.08508025155622409,0.04093872747994716,0.12699354593735465,0.1,0.5,0.5,
confounding,confounding,synthetic,confounding_strength,0.0,t_learner,16,2000,2000,0.505,1.8218998908996582,0.9250596219506403,0.10713422911751236,0.7261780077779816,-0.1071342291175124,1.003893844164219,0.8967596150467065,0.8918419574699958,0.12954770861121268,1.0213896660812085,0.9232540060608092,0.8556999245890744,0.8447848655703272,1.0604996119320789,0.505,0.3352262999157425,0.6840039728915296,0.0,0.0,0.09285928592859286,0.04038468825481288,0.0888227822996207,0.0,0.5,0.5,
confounding,confounding,synthetic,confounding_strength,0.0,t_learner,17,2000,2000,0.493,1.8537986278533936,0.9050548735004643,0.10873609256819505,0.7180651787983098,-0.10873609256819497,0.9793423811024536,0.8706062885342586,0.7721707966239539,0.12886348261641045,0.9010342792403644,0.9152998144344096,0.9017012875738897,0.9019325943203792,0.901208038786939,0.493,0.3516098306088573,0.6229960827735688,0.0,0.0,0.07084588579361555,0.03161254980472318,0.0680944299097911,0.0,0.5,0.5,
confounding,confounding,synthetic,confounding_strength,0.0,t_learner,18,2000,2000,0.518,1.9418628215789795,0.8828964176487667,0.00789265240180459,0.6975081009645727,-0.007892652401804446,0.9985727292068496,0.990680076805045,0.9801716606026811,0.0992971361420305,1.0794687967447116,0.860890825814042,0.7860357446832325,0.845760932818943,1.0216298624329783,0.518,0.30433364425062887,0.6877242160908482,0.0,0.0,0.10219644659478684,0.03902893634136021,0.08684168392760973,0.0,0.5,0.5,
confounding,confounding,synthetic,confounding_strength,0.0,t_learner,19,2000,2000,0.4935,1.9656484127044678,0.8542733231250386,0.0559144476344311,0.6669349264473662,0.05591444763443103,1.0013442425231096,1.0572586901575407,0.8530195791419788,0.0784762792263406,0.9314958583683194,0.8811775426970406,0.8434552248146677,0.825342151691229,0.8660550773670932,0.4935,0.33888954490192524,0.6511087888037899,0.0,0.0,0.09395687871250241,0.03365141035218352,0.077437892271242,0.0,0.5,0.5,
confounding,confounding,synthetic,confounding_strength,0.0,t_learner,20,2000,2000,0.4755,1.8970341682434082,0.9373602340667145,0.032169094522738306,0.7493017696287725,0.03216909452273839,0.9972729066129272,1.0294420011356655,0.9411255266761589,0.09311604923367911,1.034241575909838,0.9704452255573994,0.9718584812470787,0.8713269438951338,0.9322517616511964,0.4755,0.3617193235184242,0.5954856007967797,0.0,0.0,0.08989383509807047,0.02568745522208655,0.07967446168670389,0.0,0.5,0.5,
confounding,confounding,synthetic,confounding_strength,0.0,t_learner,21,2000,2000,0.4985,1.8265032768249512,0.9201260004025681,0.010728129228063654,0.7352574948068665,-0.01072812922806365,0.9942709486025046,0.983542819374441,0.8770754320560189,0.10916941051568907,0.986244842571708,0.8463962375052919,0.9075384738738025,0.908504784276101,1.0105116580180742,0.4985,0.3101180886788159,0.6413869166994082,0.0,0.0,0.0938728448556037,0.03703018654521409,0.08597188552461899,0.0,0.5,0.5,
confounding,confounding,synthetic,confounding_strength,0.0,t_learner,22,2000,2000,0.491,1.8585960865020752,0.9056039622009541,0.0860610150596437,0.7196233207439636,0.08606101505964366,1.005694401834314,1.0917554168939576,0.947747416949038,0.08886075800550308,1.036608174954541,0.8718782826806125,0.9007243143480573,0.8723750003267876,0.9736323607775336,0.491,0.3407052463480576,0.6461462133889466,0.0,0.0,0.08840464310436581,0.03382187253859759,0.09163018508675916,0.0,0.5,0.5,
confounding,confounding,synthetic,confounding_strength,0.0,t_learner,23,2000,2000,0.503,1.8215951919555664,0.8330777500690438,0.048084511339595126,0.6645874436753846,0.04808451133959501,0.9863786558371623,1.0344631671767575,0.8976960455357228,0.09096209548986467,0.9886581410255875,0.8805841084855851,0.7963253341922681,0.7957371720057967,0.8563376049986582,0.503,0.35919448554826816,0.6455945253278249,0.0,0.0,0.07509470340932274,0.029279438740008608,0.10956228566621484,0.05,0.5,0.5,
confounding,confounding,synthetic,confounding_strength,0.0,t_learner,24,2000,2000,0.5055,1.8193011283874512,0.8744933784420768,0.039898346359471426,0.6840575229250768,0.03989834635947132,0.9987093506981598,1.0386076970576312,0.8787535571770944,0.08951664058754083,0.9682701977646352,0.8318611083931224,0.8473836100668641,0.8312271852213688,0.9787564334593789,0.5055,0.31659998713896786,0.6747531683223398,0.0,0.0,0.10052716378681821,0.038231863696342495,0.09319709806901535,0.0,0.5,0.5,
confounding,confounding,synthetic,confounding_strength,0.0,t_learner,25,2000,2000,0.5045,1.8015475273132324,0.853012128860964,0.07153255307133588,0.6782238943498327,0.0715325530713358,0.9991239276584803,1.0706564807298162,0.8874214854432259,0.07985031096852835,0.9672717964117542,0.8550187583964103,0.8410492700821656,0.8772804448635192,0.8381389127586427,0.5045,0.38572315913478256,0.6555997844467204,0.0,0.0,0.0939416092703509,0.027939346751877325,0.09930971385924925,0.0,0.5,0.5,
confounding,confounding,synthetic,confounding_strength,0.0,t_learner,26,2000,2000,0.499,1.8184332847595215,0.9476248735265881,0.0777549039683666,0.7413606406086252,-0.07775490396836639,1.0171306539049356,0.939375749936569,0.8957711858932771,0.12938547140541923,1.0251566572986963,1.0317024325527033,0.9038998821106324,0.8605246007422817,0.9848980195978081,0.499,0.32524265994102264,0.6468789145013637,0.0,0.0,0.11267845071380285,0.03393608458192473,0.10013965941088122,0.05,0.5,0.5,
confounding,confounding,synthetic,confounding_strength,0.0,t_learner,27,2000,2000,0.5105,1.8356997966766357,0.8909731036246198,0.017093732832733743,0.7015228788818513,-0.01709373283273376,0.9959384935616975,0.9788447607289638,0.8540636995373629,0.10855952197737084,0.9626232215147338,0.8329034349492102,0.8385635483740884,0.8890072528349715,0.9940228535224084,0.5105,0.3014028512401697,0.7073440811211678,0.0,0.0,0.14556519425066455,0.046659874125251334,0.09823726219066715,0.0,0.5,0.5,
confounding,confounding,synthetic,confounding_strength,0.0,t_learner,28,2000,2000,0.4965,1.8061654567718506,0.8001683322374292,0.09276981520378813,0.63599119169401,0.09276981520378806,0.9766359953808899,1.069405810584678,0.7860264595112926,0.06196120274139505,0.8479876622526876,0.7947449130277496,0.7847972567584353,0.7869886591517202,0.8331867011840997,0.4965,0.33887345705261585,0.6610439165869166,0.0,0.0,0.1016499808490616,0.038730642295192415,0.08198401500561629,0.0,0.5,0.5,
confounding,confounding,synthetic,confounding_strength,0.0,t_learner,29,2000,2000,0.5025,1.8209888935089111,0.9148017525067581,0.018325277155937125,0.7152684777338666,0.01832527715593713,0.9856623929546574,1.0039876701105945,0.7900393258424083,0.0981224345432965,0.8881617603857048,0.8746784171921296,0.9149844402403026,0.8908184056998625,0.9755166294023436,0.5025,0.3056640327139708,0.6586157217502635,0.0,0.0,0.10604765119127978,0.03323339031748489,0.10731938915657915,0.05,0.5,0.5,
confounding,confounding,synthetic,confounding_strength,0.0,x_learner,0,2000,2000,0.5,3.6130971908569336,0.42647584460332877,0.04735230766292131,0.3296460231157662,0.04735230766292112,0.988634815670337,1.0359871233332583,0.9504484653886539,0.024192784387487953,0.9746412497761419,0.43397176395437387,0.4079884247853819,0.40376042945798135,0.4579498368335432,0.5,0.30161096242148194,0.6755440672048536,0.0,0.0,0.096,0.03617392029560568,0.12084866904148066,0.1,0.5,0.5,
confounding,confounding,synthetic,confounding_strength,0.0,x_learner,1,2000,2000,0.495,3.565612316131592,0.42208101790999986,0.0017327123871428984,0.32181271699648717,0.0017327123871429002,0.9947717733296532,0.9965044857167961,1.0448418149688519,0.019057435813004453,1.0638992507818563,0.40025409988911037,0.3560592552819144,0.3851110779743833,0.5266094023004351,0.495,0.2615105049613446,0.6718587160923126,0.0,0.0,0.11812181218121812,0.04292046311676366,0.10668488565857716,0.05,0.5,0.5,
confounding,confounding,synthetic,confounding_strength,0.0,x_learner,2,2000,2000,0.5035,3.6155402660369873,0.4122537042228647,0.030984496661128902,0.31512675317857225,0.03098449666112881,0.9804604494287746,1.0114449460899035,0.9279407069085341,0.009705747590344371,0.9376464544988785,0.4327061933448596,0.34517588164889595,0.3624360371750421,0.49200766915532207,0.5035,0.2929037483019912,0.7107596090634787,0.0,0.0,0.12976335840456182,0.05200336617670166,0.1300180432092643,0.1,0.5,0.5,
confounding,confounding,synthetic,confounding_strength,0.0,x_learner,3,2000,2000,0.5,3.5803263187408447,0.3922693469892152,0.044078532752991895,0.30486898140032465,-0.04407853275299197,1.0087926713972664,0.9647141386442745,0.8783473445955066,0.024171071431809188,0.9025184160273158,0.39790980733620274,0.3785009708881545,0.362742458039423,0.4269937607826244,0.5,0.3339531679415336,0.674103785436549,0.0,0.0,0.108,0.04397804774632658,0.08348393134626104,0.0,0.5,0.5,
confounding,confounding,synthetic,confounding_strength,0.0,x_learner,4,2000,2000,0.4745,3.611018180847168,0.416114723577401,0.06547208326583598,0.32068166533333686,-0.06547208326583598,0.9903193784566898,0.9248472951908538,0.9022600151434049,0.02007556854114423,0.9223355836845492,0.3876848208370499,0.3832727661535213,0.3746633130351302,0.5050106147346806,0.4745,0.2989067005510385,0.646543204391403,0.0,0.0,0.09182884683060641,0.040307352301775956,0.09620872186074654,0.0,0.5,0.5,
confounding,confounding,synthetic,confounding_strength,0.0,x_learner,5,2000,2000,0.5075,3.6593616008758545,0.42521441068319915,0.052576302405679565,0.32543095159280916,0.05257630240567953,0.9664879542782492,1.0190642566839287,0.9637880719545494,0.01648033824298112,0.9802684101975305,0.4159877158103676,0.3798106199360137,0.4046327772540628,0.4921377947902388,0.5075,0.32807189819113414,0.6704747301170138,0.0,0.0,0.09521642369533145,0.035002717603518106,0.14606359355552034,0.05,0.5,0.5,
confounding,confounding,synthetic,confounding_strength,0.0,x_learner,6,2000,2000,0.489,3.6647887229919434,0.38182858345466947,0.05007718760614799,0.29005818776029074,-0.050077187606148044,1.003619649399195,0.9535424617930469,1.017194294778079,0.01873918325263113,1.0359334780307101,0.34022653005688636,0.34570346462608587,0.36287529558573467,0.46500409806423715,0.489,0.347036171468478,0.6192937795864211,0.0,0.0,0.09889186366201241,0.02776811845669277,0.09743066258171393,0.0,0.5,0.5,
confounding,confounding,synthetic,confounding_strength,0.0,x_learner,7,2000,2000,0.4925,3.6499767303466797,0.45424487893924664,0.10393695048481333,0.34965314804974196,-0.10393695048481336,0.9985860310672204,0.8946490805824071,0.980825413254084,0.02142545127823403,1.002250864532318,0.38280619616135336,0.3745301495853852,0.4515826604703654,0.5784577116476662,0.4925,0.2613921765664383,0.6923932826880763,0.0,0.0,0.11139006276412193,0.041775178257900794,0.11379574324848574,0.1,0.5,0.5,
confounding,confounding,synthetic,confounding_strength,0.0,x_learner,8,2000,2000,0.493,3.6673007011413574,0.4306738626134233,0.030368360771643843,0.33505405604399713,-0.03036836077164386,1.0063284488837538,0.97596008811211,1.0258101921364504,0.01615030482915758,1.041960496965608,0.42619460813095267,0.3618854183488469,0.40251366630965385,0.5170103985163234,0.493,0.3201051481548517,0.6428530196688977,0.0,0.0,0.087255101999992,0.0355156250203149,0.0810216864786433,0.0,0.5,0.5,
confounding,confounding,synthetic,confounding_strength,0.0,x_learner,9,2000,2000,0.497,3.707859754562378,0.4617041562551156,0.12858649498481367,0.34970833330544676,-0.12858649498481378,1.000148146210073,0.8715616512252593,0.8842581246122597,0.023012575392850176,0.9072707000051099,0.3889571723123779,0.3820981783731048,0.4339814963578146,0.6058516919368464,0.497,0.34894679724308725,0.6455766442257557,0.0,0.0,0.08948522146797284,0.03447847881826681,0.08078551820768623,0.0,0.5,0.5,
confounding,confounding,synthetic,confounding_strength,0.0,x_learner,10,2000,2000,0.484,3.6670174598693848,0.39875345602959367,0.02544442464364627,0.3064087186267869,0.02544442464364617,1.0102761104198241,1.0357205350634704,1.005520003670872,0.015812918855771407,1.0213329225266434,0.38886605119768614,0.36959999738707855,0.4052238910486252,0.4289404493201618,0.484,0.2634772348719492,0.7084660029825222,0.0,0.0,0.11208277275930553,0.04894391429161667,0.11440045072227362,0.1,0.5,0.5,
confounding,confounding,synthetic,confounding_strength,0.0,x_learner,11,2000,2000,0.495,3.632770299911499,0.4647890465000993,0.028367809862168136,0.36097213335858375,-0.028367809862167987,1.004209171295834,0.975841361433666,1.0089719442704685,0.018990175759965755,1.0279621200304343,0.46003072388040583,0.4138118344837257,0.44645864910063066,0.5309629029945587,0.495,0.3442068138429245,0.6372707111713533,0.0,0.0,0.09464946494649465,0.02941239818286929,0.09611552777215057,0.0,0.5,0.5,
confounding,confounding,synthetic,confounding_strength,0.0,x_learner,12,2000,2000,0.509,3.7157583236694336,0.46871743981796704,0.038386776405974876,0.34526229327958186,-0.03838677640597486,1.0076912717470716,0.9693044953410968,0.9935296539052595,0.02280270308255805,1.0163323569878175,0.40090731617318226,0.4122099164134341,0.4366611256179186,0.5978858783926714,0.509,0.3257734165160842,0.6853947295131546,0.0,0.0,0.09664931437785843,0.039104357628740476,0.08077544118162547,0.0,0.5,0.5,
confounding,confounding,synthetic,confounding_strength,0.0,x_learner,13,2000,2000,0.5,3.661745071411133,0.43033098468112124,0.04126104492805194,0.33199615973153573,0.04126104492805186,0.9934729095450703,1.0347339544731222,0.9581024393287382,0.013877968317027367,0.9719804076457655,0.37407503452323687,0.37914199562312345,0.42884180590555426,0.5226403607792944,0.5,0.3022884216423782,0.6784214934336719,0.0,0.0,0.105,0.03684026729527717,0.11923480287143695,0.05,0.5,0.5,
confounding,confounding,synthetic,confounding_strength,0.0,x_learner,14,2000,2000,0.511,3.8487977981567383,0.47242044119118837,0.047220115538291196,0.3581701490319869,-0.047220115538291293,0.9864716718243007,0.9392515562860095,0.8251362570629187,0.028494910022648368,0.8536311670855671,0.41009115963164916,0.4186445763672882,0.4215472002372047,0.6095770750803423,0.511,0.32065096746408267,0.6892736866186576,0.0,0.0,0.10565313611788106,0.03942937374351729,0.11064346666361993,0.1,0.5,0.5,
confounding,confounding,synthetic,confounding_strength,0.0,x_learner,15,2000,2000,0.506,3.6506354808807373,0.4009975693619633,0.02088177982030026,0.3099026415382392,0.020881779820300234,0.9872567721697856,1.0081385519900858,1.0433189917019805,0.013246616566661595,1.056565608268642,0.3503592942977587,0.39951299315541633,0.39487876451488185,0.4526640001935072,0.506,0.3208518736520211,0.7333859599752864,0.0,0.0,0.08508025155622409,0.04093872747994716,0.12699354593735465,0.1,0.5,0.5,
confounding,confounding,synthetic,confounding_strength,0.0,x_learner,16,2000,2000,0.505,3.6579039096832275,0.47095318169970585,0.08351623163011002,0.35573440137642126,-0.0835162316301102,1.003893844164219,0.9203776125341089,0.9959401649536346,0.025449501127573937,1.0213896660812085,0.4538941101948473,0.38644658710527036,0.38439473352568493,0.6197317631807644,0.505,0.3352262999157425,0.6840039728915296,0.0,0.0,0.09285928592859286,0.04038468825481288,0.0888227822996207,0.0,0.5,0.5,
confounding,confounding,synthetic,confounding_strength,0.0,x_learner,17,2000,2000,0.493,3.689920425415039,0.42090683119045824,0.07591452589244685,0.33281391926547516,-0.0759145258924469,0.9793423811024536,0.9034278552100068,0.8709860322989011,0.03004824694146324,0.9010342792403644,0.4037447707860662,0.43477117424761613,0.41111948647718455,0.4331226109500213,0.493,0.3516098306088573,0.6229960827735688,0.0,0.0,0.07084588579361555,0.03161254980472318,0.0680944299097911,0.0,0.5,0.5,
confounding,confounding,synthetic,confounding_strength,0.0,x_learner,18,2000,2000,0.518,3.7111055850982666,0.4460878561888797,0.05193956837386693,0.34992855514108057,-0.05193956837386678,0.9985727292068496,0.9466331608329827,1.0511319278895552,0.028336868855156405,1.0794687967447116,0.43780612990276757,0.4151703389928264,0.3908889199278144,0.5283396031669136,0.518,0.30433364425062887,0.6877242160908482,0.0,0.0,0.10219644659478684,0.03902893634136021,0.08684168392760973,0.0,0.5,0.5,
confounding,confounding,synthetic,confounding_strength,0.0,x_learner,19,2000,2000,0.4935,3.7333297729492188,0.41980489393425163,0.05732139172457029,0.3250215050075639,0.05732139172457025,1.0013442425231096,1.05866563424768,0.9231922575633248,0.008303600804994593,0.9314958583683194,0.43694050210021046,0.38362680533510396,0.41848955622026274,0.437863630679643,0.4935,0.33888954490192524,0.6511087888037899,0.0,0.0,0.09395687871250241,0.03365141035218352,0.077437892271242,0.0,0.5,0.5,
confounding,confounding,synthetic,confounding_strength,0.0,x_learner,20,2000,2000,0.4755,3.6729979515075684,0.46499805431129376,0.028530837560393096,0.36278859576159256,0.02853083756039309,0.9972729066129272,1.0258037441733203,1.014924654485197,0.01931692142464092,1.034241575909838,0.5259681536552672,0.4394374453618862,0.3935970596028318,0.4901289112870704,0.4755,0.3617193235184242,0.5954856007967797,0.0,0.0,0.08989383509807047,0.02568745522208655,0.07967446168670389,0.0,0.5,0.5,
confounding,confounding,synthetic,confounding_strength,0.0,x_learner,21,2000,2000,0.4985,3.556104898452759,0.44426282537077805,0.0003316206196184446,0.3478392894194146,-0.0003316206196183642,0.9942709486025046,0.9939393279828862,0.9599622868289646,0.026282555742743408,0.986244842571708,0.41225585260962255,0.4234028951808561,0.4437009542175659,0.49333801352998274,0.4985,0.3101180886788159,0.6413869166994082,0.0,0.0,0.0938728448556037,0.03703018654521409,0.08597188552461899,0.0,0.5,0.5,
confounding,confounding,synthetic,confounding_strength,0.0,x_learner,22,2000,2000,0.491,3.7053935527801514,0.439192217942664,0.05133863824788776,0.3403746386203428,0.05133863824788766,1.005694401834314,1.0570330400822017,1.0230018442690911,0.013606330685449919,1.036608174954541,0.47614709385703585,0.3833926924911389,0.3986370852253454,0.4888166116699806,0.491,0.3407052463480576,0.6461462133889466,0.0,0.0,0.08840464310436581,0.03382187253859759,0.09163018508675916,0.0,0.5,0.5,
confounding,confounding,synthetic,confounding_strength,0.0,x_learner,23,2000,2000,0.503,3.739478826522827,0.38756033419503916,0.0023944019149327866,0.29834566192363327,-0.0023944019149328027,0.9863786558371623,0.9839842539222295,0.9760579841203887,0.012600156905198778,0.9886581410255875,0.4150211103516048,0.3400255983677388,0.34326554694920614,0.44172489771386714,0.503,0.35919448554826816,0.6455945253278249,0.0,0.0,0.07509470340932274,0.029279438740008608,0.10956228566621484,0.05,0.5,0.5,
confounding,confounding,synthetic,confounding_strength,0.0,x_learner,24,2000,2000,0.5055,3.7493295669555664,0.44108343434629066,0.05652128710148563,0.3390592842041659,0.05652128710148555,0.9987093506981598,1.0552306377996454,0.9546170574501268,0.013653140314508372,0.9682701977646352,0.41782206245647485,0.4053365165281148,0.4052385154926286,0.524525654542917,0.5055,0.31659998713896786,0.6747531683223398,0.0,0.0,0.10052716378681821,0.038231863696342495,0.09319709806901535,0.0,0.5,0.5,
confounding,confounding,synthetic,confounding_strength,0.0,x_learner,25,2000,2000,0.5045,3.710132360458374,0.41572530127832075,0.040220077774244856,0.32827167542563984,0.04022007777424476,0.9991239276584803,1.0393440054327252,0.9525646874518415,0.014707108959912674,0.9672717964117542,0.39303901763067334,0.38152309376685184,0.4110220724358246,0.4715203283049917,0.5045,0.38572315913478256,0.6555997844467204,0.0,0.0,0.0939416092703509,0.027939346751877325,0.09930971385924925,0.0,0.5,0.5,
confounding,confounding,synthetic,confounding_strength,0.0,x_learner,26,2000,2000,0.499,3.734783887863159,0.48562990414828633,0.04993118994563761,0.37247168921540275,-0.049931189945637486,1.0171306539049356,0.967199463959298,0.9966815327136228,0.028475124585073508,1.0251566572986963,0.5019289280430563,0.4893652549284741,0.42322732293046395,0.5223152752885423,0.499,0.32524265994102264,0.6468789145013637,0.0,0.0,0.11267845071380285,0.03393608458192473,0.10013965941088122,0.05,0.5,0.5,
confounding,confounding,synthetic,confounding_strength,0.0,x_learner,27,2000,2000,0.5105,3.671816349029541,0.416974267974122,0.03906315092384083,0.324715295670599,0.03906315092384055,0.9959384935616975,1.0350016444855383,0.9503931149316651,0.012230106583068667,0.9626232215147338,0.4420608151745052,0.3466301377196197,0.402232512406283,0.46702135913176246,0.5105,0.3014028512401697,0.7073440811211678,0.0,0.0,0.14556519425066455,0.046659874125251334,0.09823726219066715,0.0,0.5,0.5,
confounding,confounding,synthetic,confounding_strength,0.0,x_learner,28,2000,2000,0.4965,3.755363941192627,0.39752142289575804,0.02448226630492556,0.30276838410820883,0.024482266304925598,0.9766359953808899,1.0011182616858154,0.8378654744891626,0.010122187763525026,0.8479876622526876,0.4208687696074918,0.3519209400688802,0.3448243830962519,0.46066300283034806,0.4965,0.33887345705261585,0.6610439165869166,0.0,0.0,0.1016499808490616,0.038730642295192415,0.08198401500561629,0.0,0.5,0.5,
confounding,confounding,synthetic,confounding_strength,0.0,x_learner,29,2000,2000,0.5025,3.732541799545288,0.41391781878918527,0.019282089688257842,0.3174046905978985,-0.019282089688257797,0.9856623929546574,0.9663803032663996,0.8709793007381547,0.017182459647550163,0.8881617603857048,0.3930776272333679,0.3886994513294751,0.3500287206306259,0.5071434245686569,0.5025,0.3056640327139708,0.6586157217502635,0.0,0.0,0.10604765119127978,0.03323339031748489,0.10731938915657915,0.05,0.5,0.5,
confounding,confounding,synthetic,confounding_strength,0.0,neural_rep,0,2000,2000,0.5,22.29369831085205,0.4782402657254723,0.12851956908032924,0.3488806814274888,-0.1285195690803293,0.988634815670337,0.8601152465900077,0.9623472689649305,0.012293980811211358,0.9746412497761419,0.38209468158537135,0.33758690709377814,0.37046198096178207,0.7194801332695602,0.5,0.30161096242148194,0.6755440672048536,0.0,0.0,0.096,0.03617392029560568,0.12084866904148066,0.1,0.5,0.5,
confounding,confounding,synthetic,confounding_strength,0.0,neural_rep,1,2000,2000,0.495,2.1926956176757812,0.5108917837776599,0.13119355311482195,0.3632602520281616,-0.13119355311482195,0.9947717733296532,0.8635782202148312,1.0461381073014087,0.01776114348044766,1.0638992507818563,0.3219718426126255,0.3557228157767656,0.4065998795473926,0.8053034259076529,0.495,0.2615105049613446,0.6718587160923126,0.0,0.0,0.11812181218121812,0.04292046311676366,0.10668488565857716,0.05,0.5,0.5,
confounding,confounding,synthetic,confounding_strength,0.0,neural_rep,2,2000,2000,0.5035,2.4321982860565186,0.4628802110314435,0.006628440231259636,0.3508315356140106,-0.006628440231259655,0.9804604494287746,0.973832009197515,0.9286486971278427,0.008997757371035808,0.9376464544988785,0.49917305623697983,0.2733240880879613,0.32717332839228114,0.6527711505916056,0.5035,0.2929037483019912,0.7107596090634787,0.0,0.0,0.12976335840456182,0.05200336617670166,0.1300180432092643,0.1,0.5,0.5,
confounding,confounding,synthetic,confounding_strength,0.0,neural_rep,3,2000,2000,0.5,2.10278582572937,0.4573912621836349,0.13433758898761272,0.32847879602087215,-0.13433758898761278,1.0087926713972664,0.8744550824096536,0.8828485281847503,0.019669887842565403,0.9025184160273158,0.30977824048765995,0.3516005536170536,0.37996269349143047,0.6876553721589347,0.5,0.3339531679415336,0.674103785436549,0.0,0.0,0.108,0.04397804774632658,0.08348393134626104,0.0,0.5,0.5,
confounding,confounding,synthetic,confounding_strength,0.0,neural_rep,4,2000,2000,0.4745,2.644826889038086,0.42802929289959285,0.12896922531077382,0.316422856708832,-0.12896922531077387,0.9903193784566898,0.861350153145916,0.9096685748761975,0.012667008808351699,0.9223355836845492,0.3288493266280303,0.30653593923808364,0.3170394341528678,0.6559086352871474,0.4745,0.2989067005510385,0.646543204391403,0.0,0.0,0.09182884683060641,0.040307352301775956,0.09620872186074654,0.0,0.5,0.5,
confounding,confounding,synthetic,confounding_strength,0.0,neural_rep,5,2000,2000,0.5075,2.395831346511841,0.5020502966944276,0.0783009613817438,0.3840937738432829,0.07830096138174371,0.9664879542782492,1.044788915659993,0.9729869603879417,0.00728144980958878,0.9802684101975305,0.5081745655555356,0.4670896501942846,0.4026078154211997,0.6080385005979833,0.5075,0.32807189819113414,0.6704747301170138,0.0,0.0,0.09521642369533145,0.035002717603518106,0.14606359355552034,0.05,0.5,0.5,
confounding,confounding,synthetic,confounding_strength,0.0,neural_rep,6,2000,2000,0.489,2.6668732166290283,0.4114962531526255,0.004215876115607586,0.3113402053875311,-0.004215876115607726,1.003619649399195,0.9994037732835873,1.026782935406761,0.009150542623949098,1.0359334780307101,0.35494027605049333,0.314565797086571,0.341638745158438,0.5793663719803354,0.489,0.347036171468478,0.6192937795864211,0.0,0.0,0.09889186366201241,0.02776811845669277,0.09743066258171393,0.0,0.5,0.5,
confounding,confounding,synthetic,confounding_strength,0.0,neural_rep,7,2000,2000,0.4925,2.537886619567871,0.44001309647625303,0.015651172552854753,0.33815764922927066,-0.015651172552854656,0.9985860310672204,0.9829348585143657,0.9927831958689667,0.009467668663351358,1.002250864532318,0.38304304868112493,0.35073105317374476,0.38988720964127827,0.5938853552979099,0.4925,0.2613921765664383,0.6923932826880763,0.0,0.0,0.11139006276412193,0.041775178257900794,0.11379574324848574,0.1,0.5,0.5,
confounding,confounding,synthetic,confounding_strength,0.0,neural_rep,8,2000,2000,0.493,2.8405063152313232,0.45201339704184695,0.10307199898657282,0.34414526384503824,-0.10307199898657278,1.0063284488837538,0.903256449897181,1.0266003963705739,0.01536010059503412,1.041960496965608,0.3684607655651673,0.33849851710284695,0.3895465650122339,0.6443394573256518,0.493,0.3201051481548517,0.6428530196688977,0.0,0.0,0.087255101999992,0.0355156250203149,0.0810216864786433,0.0,0.5,0.5,
confounding,confounding,synthetic,confounding_strength,0.0,neural_rep,9,2000,2000,0.497,2.818723201751709,0.4935334996564187,0.1308761809583412,0.3752184697735779,-0.13087618095834133,1.000148146210073,0.8692719652517318,0.8937771669969868,0.01349353300812306,0.9072707000051099,0.3395607118760221,0.38163198332881904,0.4576176613575997,0.7098893501080371,0.497,0.34894679724308725,0.6455766442257557,0.0,0.0,0.08948522146797284,0.03447847881826681,0.08078551820768623,0.0,0.5,0.5,
confounding,confounding,synthetic,confounding_strength,0.0,neural_rep,10,2000,2000,0.484,2.8733465671539307,0.47835753570934425,0.012554500184321138,0.36497863234140776,-0.012554500184321025,1.0102761104198241,0.997721610235503,1.0064168933892268,0.014916029137416631,1.0213329225266434,0.3800823621632108,0.41920904324964886,0.4284662632034056,0.6414994662556814,0.484,0.2634772348719492,0.7084660029825222,0.0,0.0,0.11208277275930553,0.04894391429161667,0.11440045072227362,0.1,0.5,0.5,
confounding,confounding,synthetic,confounding_strength,0.0,neural_rep,11,2000,2000,0.495,2.3665363788604736,0.48349622109136375,0.2016494578684377,0.3615045121815388,-0.20164945786843755,1.004209171295834,0.8025597134273964,1.0102155172677705,0.01774660276266382,1.0279621200304343,0.33692632712636567,0.3729925428051055,0.4150710641523809,0.7142461816788693,0.495,0.3442068138429245,0.6372707111713533,0.0,0.0,0.09464946494649465,0.02941239818286929,0.09611552777215057,0.0,0.5,0.5,
confounding,confounding,synthetic,confounding_strength,0.0,neural_rep,12,2000,2000,0.509,1.9744281768798828,0.5214152988316022,0.0027606798764225893,0.39042174349896186,0.002760679876422747,1.0076912717470716,1.0104519516234942,1.0091292655225772,0.007203091465240341,1.0163323569878175,0.5136982240909372,0.36793819466596245,0.3947390367681776,0.7296659288645022,0.509,0.3257734165160842,0.6853947295131546,0.0,0.0,0.09664931437785843,0.039104357628740476,0.08077544118162547,0.0,0.5,0.5,
confounding,confounding,synthetic,confounding_strength,0.0,neural_rep,13,2000,2000,0.5,2.244861602783203,0.4795931469370678,0.09732042385856143,0.37171861847999454,0.09732042385856153,0.9934729095450703,1.0907933334036317,0.9657418031341111,0.0062386045116544775,0.9719804076457655,0.4983451155357002,0.3949831211151012,0.3874359969896473,0.6046256481894564,0.5,0.3022884216423782,0.6784214934336719,0.0,0.0,0.105,0.03684026729527717,0.11923480287143695,0.05,0.5,0.5,
confounding,confounding,synthetic,confounding_strength,0.0,neural_rep,14,2000,2000,0.511,2.9089112281799316,0.49763898253625155,0.035297129167297214,0.37325852860676073,-0.03529712916729721,0.9864716718243007,0.9511745426570035,0.8450841928544179,0.00854697423114914,0.8536311670855671,0.4431221853000636,0.34191994184498764,0.4011046947432949,0.7186283697971902,0.511,0.32065096746408267,0.6892736866186576,0.0,0.0,0.10565313611788106,0.03942937374351729,0.11064346666361993,0.1,0.5,0.5,
confounding,confounding,synthetic,confounding_strength,0.0,neural_rep,15,2000,2000,0.506,2.6376187801361084,0.45356057457319,0.09193166700312339,0.3532145534730554,-0.09193166700312341,0.9872567721697856,0.8953251051666622,1.0444962823872992,0.012069325881342907,1.056565608268642,0.38283778569204296,0.3724755828561675,0.432244717752674,0.5922250021958984,0.506,0.3208518736520211,0.7333859599752864,0.0,0.0,0.08508025155622409,0.04093872747994716,0.12699354593735465,0.1,0.5,0.5,
confounding,confounding,synthetic,confounding_strength,0.0,neural_rep,16,2000,2000,0.505,2.459594249725342,0.45848486774353925,0.013026840560604325,0.34983355998028687,-0.013026840560604462,1.003893844164219,0.9908670036036146,1.0089108138779792,0.012478852203229307,1.0213896660812085,0.45004949127026184,0.3530895746212905,0.3695095810094212,0.614067889603926,0.505,0.3352262999157425,0.6840039728915296,0.0,0.0,0.09285928592859286,0.04038468825481288,0.0888227822996207,0.0,0.5,0.5,
confounding,confounding,synthetic,confounding_strength,0.0,neural_rep,17,2000,2000,0.493,2.8216583728790283,0.4992101686080225,0.14257326165954398,0.3870512259508634,-0.142573261659544,0.9793423811024536,0.8367691194429097,0.8703464586135305,0.03068782062683384,0.9010342792403644,0.3735859947210328,0.42277120769243226,0.4699450497666685,0.6765299922848824,0.493,0.3516098306088573,0.6229960827735688,0.0,0.0,0.07084588579361555,0.03161254980472318,0.0680944299097911,0.0,0.5,0.5,
confounding,confounding,synthetic,confounding_strength,0.0,neural_rep,18,2000,2000,0.518,2.9445765018463135,0.5041667352023528,0.16717288575572842,0.38917223751059316,-0.1671728857557284,0.9985727292068496,0.8313998434511212,1.0422792542271333,0.03718954251757833,1.0794687967447116,0.42884910505936225,0.4324633857674478,0.48042402345517765,0.6441995112431209,0.518,0.30433364425062887,0.6877242160908482,0.0,0.0,0.10219644659478684,0.03902893634136021,0.08684168392760973,0.0,0.5,0.5,
confounding,confounding,synthetic,confounding_strength,0.0,neural_rep,19,2000,2000,0.4935,2.1056551933288574,0.48608179864447826,0.07679790924562213,0.37524619133292186,0.07679790924562217,1.0013442425231096,1.0781421517687317,0.9253704962281967,0.006125362140122714,0.9314958583683194,0.5479467007381001,0.3369685368632077,0.35896339914257414,0.6343925884531703,0.4935,0.33888954490192524,0.6511087888037899,0.0,0.0,0.09395687871250241,0.03365141035218352,0.077437892271242,0.0,0.5,0.5,
confounding,confounding,synthetic,confounding_strength,0.0,neural_rep,20,2000,2000,0.4755,2.4948604106903076,0.4533702491571024,0.045346152361061765,0.35079065431192374,0.045346152361061584,0.9972729066129272,1.042619058973989,1.025372013222567,0.008869562687271015,1.034241575909838,0.496447894025481,0.3697723743266865,0.3573370588701035,0.557939456700838,0.4755,0.3617193235184242,0.5954856007967797,0.0,0.0,0.08989383509807047,0.02568745522208655,0.07967446168670389,0.0,0.5,0.5,
confounding,confounding,synthetic,confounding_strength,0.0,neural_rep,21,2000,2000,0.4985,2.2565348148345947,0.4540172694011351,0.10694053316341956,0.3346485497826607,-0.10694053316341959,0.9942709486025046,0.8873304154390851,0.965949689436058,0.02029515313565,0.986244842571708,0.35593049951911215,0.343862609073815,0.37189865761576146,0.6642966940415033,0.4985,0.3101180886788159,0.6413869166994082,0.0,0.0,0.0938728448556037,0.03703018654521409,0.08597188552461899,0.0,0.5,0.5,
confounding,confounding,synthetic,confounding_strength,0.0,neural_rep,22,2000,2000,0.491,2.1656126976013184,0.49971434642296936,0.07760382258264187,0.3782115741538277,0.07760382258264167,1.005694401834314,1.0832982244169558,1.0272823044009305,0.00932587055361056,1.036608174954541,0.5712136328416443,0.37008051710354334,0.37732908158658396,0.6270852197181751,0.491,0.3407052463480576,0.6461462133889466,0.0,0.0,0.08840464310436581,0.03382187253859759,0.09163018508675916,0.0,0.5,0.5,
confounding,confounding,synthetic,confounding_strength,0.0,neural_rep,23,2000,2000,0.503,2.2439799308776855,0.465326123279493,0.07512118864657746,0.3579529149238748,-0.07512118864657756,0.9863786558371623,0.9112574671905849,0.9711366057837137,0.01752153524187372,0.9886581410255875,0.41122472938674687,0.3573075655311463,0.3974624869251415,0.6413756318005633,0.503,0.35919448554826816,0.6455945253278249,0.0,0.0,0.07509470340932274,0.029279438740008608,0.10956228566621484,0.05,0.5,0.5,
confounding,confounding,synthetic,confounding_strength,0.0,neural_rep,24,2000,2000,0.5055,2.5048954486846924,0.43981831769705143,0.06275248840618008,0.3365705652265951,-0.06275248840618003,0.9987093506981598,0.9359568622919797,0.9557485025524023,0.012521695212232897,0.9682701977646352,0.37394040551252405,0.3413766623264812,0.3928401766216228,0.6025510380899786,0.5055,0.31659998713896786,0.6747531683223398,0.0,0.0,0.10052716378681821,0.038231863696342495,0.09319709806901535,0.0,0.5,0.5,
confounding,confounding,synthetic,confounding_strength,0.0,neural_rep,25,2000,2000,0.5045,2.6786742210388184,0.469880431986161,0.04593167215021754,0.3608590394507297,0.04593167215021742,0.9991239276584803,1.0450555998086979,0.9568566868514734,0.0104151095602808,0.9672717964117542,0.4475369198915764,0.4031918987683069,0.4284600000429976,0.5802753724902752,0.5045,0.38572315913478256,0.6555997844467204,0.0,0.0,0.0939416092703509,0.027939346751877325,0.09930971385924925,0.0,0.5,0.5,
confounding,confounding,synthetic,confounding_strength,0.0,neural_rep,26,2000,2000,0.499,2.3654863834381104,0.49440687056360716,0.060637276888568126,0.3504797492690957,-0.06063727688856788,1.0171306539049356,0.9564933770163675,1.016008305743064,0.009148351555632317,1.0251566572986963,0.4503519402876648,0.3119305121239878,0.3537154079637882,0.7433172339561426,0.499,0.32524265994102264,0.6468789145013637,0.0,0.0,0.11267845071380285,0.03393608458192473,0.10013965941088122,0.05,0.5,0.5,
confounding,confounding,synthetic,confounding_strength,0.0,neural_rep,27,2000,2000,0.5105,2.4833929538726807,0.4740404058846243,0.00423098726850335,0.3622262886916848,-0.004230987268503409,0.9959384935616975,0.9917075062931942,0.9511544740306631,0.011468747484070674,0.9626232215147338,0.4584066864122578,0.35039571541200737,0.39096175792050775,0.642722554421568,0.5105,0.3014028512401697,0.7073440811211678,0.0,0.0,0.14556519425066455,0.046659874125251334,0.09823726219066715,0.0,0.5,0.5,
confounding,confounding,synthetic,confounding_strength,0.0,neural_rep,28,2000,2000,0.4965,1.7543694972991943,0.5072153594608033,0.043899566490193775,0.3865590262301098,0.04389956649019382,0.9766359953808899,1.0205355618710836,0.839839203712656,0.008148458540031656,0.8479876622526876,0.5799182052889998,0.33108427162141074,0.2934369077391772,0.7050124431012426,0.4965,0.33887345705261585,0.6610439165869166,0.0,0.0,0.1016499808490616,0.038730642295192415,0.08198401500561629,0.0,0.5,0.5,
confounding,confounding,synthetic,confounding_strength,0.0,neural_rep,29,2000,2000,0.5025,2.712078809738159,0.4638689629631711,0.07652424280392289,0.3570839735144091,0.07652424280392287,0.9856623929546574,1.0621866357585803,0.8758050838355946,0.01235667655011019,0.8881617603857048,0.4740731012802101,0.42739643140460204,0.3918008336972925,0.5475187220373314,0.5025,0.3056640327139708,0.6586157217502635,0.0,0.0,0.10604765119127978,0.03323339031748489,0.10731938915657915,0.05,0.5,0.5,
confounding,confounding,synthetic,confounding_strength,1.0,s_learner,0,2000,2000,0.5015,1.818838119506836,0.4919751091964288,0.30030690573211816,0.3763214486958152,-0.30030690573211816,0.988634815670337,0.6883279099382188,0.9639414386956262,0.010699811080515653,0.9746412497761419,0.2693005200626528,0.35049603910098026,0.3982285918300791,0.7837102636771406,0.5015,0.028614529247713533,0.9742087337563412,0.0235,0.025,0.3961445653010877,0.10901961827433163,0.6463457674163098,0.25,0.030255797901506145,0.9618833171064568,
confounding,confounding,synthetic,confounding_strength,1.0,s_learner,1,2000,2000,0.504,1.8231370449066162,0.6016798312882509,0.41154047784251113,0.44534055081028506,-0.4115404778425113,0.9947717733296532,0.583231295487142,1.0516256881524566,0.012273562629399715,1.0638992507818563,0.22787364693386164,0.42677730560199656,0.49911695188379473,0.9822888975828974,0.504,0.0400474627699318,0.9516231435316647,0.015,0.0165,0.377192140296979,0.10720741637231476,0.5475038568343314,0.15,0.04823166296560886,0.9599710610726617,
confounding,confounding,synthetic,confounding_strength,1.0,s_learner,2,2000,2000,0.507,1.8107059001922607,0.467859227832675,0.2708672365842464,0.3357507656018117,-0.2708672365842465,0.9804604494287746,0.7095932128445283,0.9317223130892608,0.0059241414096177225,0.9376464544988785,0.20316831488024203,0.24091011947192081,0.35407382706018525,0.8067748777871366,0.507,0.03065240216029745,0.9766421970155198,0.016,0.0225,0.3726110317622254,0.10434600355279218,0.5970206145257971,0.15,0.038529832493794255,0.9659987332756537,
confounding,confounding,synthetic,confounding_strength,1.0,s_learner,3,2000,2000,0.4975,1.826838731765747,0.5463582246454811,0.3636095354078587,0.4112159866056948,-0.36360953540785873,1.0087926713972664,0.6451831359894077,0.8915684998566414,0.010949916170674312,0.9025184160273158,0.2625677069613136,0.4238795058585774,0.45288997543738535,0.8604093633111732,0.4975,0.02710922010657526,0.9708120361692915,0.0225,0.018,0.3667641691042276,0.11446476020211335,0.6809082392728507,0.2,0.028289045013268385,0.9593894594492443,
confounding,confounding,synthetic,confounding_strength,1.0,s_learner,4,2000,2000,0.4795,1.8095641136169434,0.5819295131683466,0.44684009538930725,0.463202222738047,-0.4468400953893073,0.9903193784566898,0.5434792830673826,0.9177791654896782,0.004556418194870959,0.9223355836845492,0.2194080252514272,0.4057129603852804,0.48235660065504876,0.9534972759376833,0.4795,0.012552305516356348,0.9771045164612736,0.0195,0.0095,0.3662927380927339,0.1000328571608901,0.5569797449163424,0.2,0.017193404491357145,0.9769899468579579,
confounding,confounding,synthetic,confounding_strength,1.0,s_learner,5,2000,2000,0.5025,1.8016910552978516,0.5241636431974991,0.304279978997134,0.3686552610821683,-0.304279978997134,0.9664879542782492,0.6622079752811152,0.9680908601870079,0.012177550010522675,0.9802684101975305,0.2583733928505317,0.3147549315231982,0.35566408248682746,0.8981456912872406,0.5025,0.015963375239138947,0.9603199240263416,0.0305,0.016,0.37606440161004023,0.1152547001794896,0.6098531315723713,0.15,0.027943533029464323,0.9320319340477532,
confounding,confounding,synthetic,confounding_strength,1.0,s_learner,6,2000,2000,0.492,1.799117088317871,0.5571710163492894,0.36487883887225203,0.4140929448451177,-0.36487883887225225,1.003619649399195,0.6387408105269429,1.0218558097756787,0.014077668255031428,1.0359334780307101,0.2387762028269265,0.35708356266692964,0.4380158275835019,0.9302567144943316,0.492,0.032312212231972906,0.9655440861709046,0.015,0.0115,0.3553869790666411,0.09680856401643036,0.5423450155934014,0.15,0.026336015377497433,0.9561696257484746,
confounding,confounding,synthetic,confounding_strength,1.0,s_learner,7,2000,2000,0.5055,1.8032593727111816,0.6024078699562964,0.4297890122208333,0.4667487295728322,-0.4297890122208333,0.9985860310672204,0.5687970188463871,0.9937557203007741,0.00849514423154396,1.002250864532318,0.22565793034849674,0.361744138328661,0.49625204717551713,1.0116988433673948,0.5055,0.028966682825451964,0.9582037089304637,0.009,0.0205,0.38823397631113366,0.11654949019167812,0.5358975997063444,0.25,0.02971233266409221,0.9656940169490835,
confounding,confounding,synthetic,confounding_strength,1.0,s_learner,8,2000,2000,0.4925,1.8353636264801025,0.5817265180246252,0.386863042225588,0.45071907955195234,-0.386863042225588,1.0063284488837538,0.6194654066581659,1.0336668074196584,0.008293689545949556,1.041960496965608,0.24260349687053653,0.3531321242611715,0.47219897202914796,0.9731866953610773,0.4925,0.026265791169016634,0.9673170564827458,0.0175,0.0165,0.376034607786752,0.10186432388624574,0.5277392885616098,0.2,0.02879480163107263,0.9655988709120248,
confounding,confounding,synthetic,confounding_strength,1.0,s_learner,9,2000,2000,0.4895,1.8059065341949463,0.5973895267216734,0.4236979425040882,0.46680789584452453,-0.42369794250408827,1.000148146210073,0.5764502037059848,0.9003365255966176,0.006934174408492311,0.9072707000051099,0.22296484033522196,0.39190684024791994,0.49355453516304987,0.9902507843511894,0.4895,0.033181406310617716,0.971011923266994,0.022,0.013,0.37151583848477177,0.11280238399758895,0.5776465505594623,0.25,0.035819472134631776,0.9654650696119208,
confounding,confounding,synthetic,confounding_strength,1.0,s_learner,10,2000,2000,0.4945,1.852881669998169,0.5905673418917238,0.4353287651864035,0.469097070343895,-0.43532876518640345,1.0102761104198241,0.5749473452334206,1.0149745871857552,0.006358335340888255,1.0213329225266434,0.24737622795744102,0.3958887201696128,0.5175680110417383,0.9535615440371626,0.4945,0.027591771242000646,0.9763142187154301,0.022,0.017,0.3785388031951866,0.11058039073535975,0.5904365694326016,0.2,0.034386486017649716,0.9738601279717383,
confounding,confounding,synthetic,confounding_strength,1.0,s_learner,11,2000,2000,0.485,1.8183295726776123,0.4755194847998435,0.2809921638228414,0.34972710738738544,-0.28099216382284126,1.004209171295834,0.7232170074729927,1.023021766859978,0.00494035317045638,1.0279621200304343,0.20428474226686663,0.3278869380980971,0.3935171601879286,0.7748401552813825,0.485,0.030366338101620018,0.9695850252982309,0.018,0.012,0.36369732759483536,0.11056061217099941,0.5745972347548176,0.25,0.02335924492611696,0.9659980123959844,
confounding,confounding,synthetic,confounding_strength,1.0,s_learner,12,2000,2000,0.4995,1.8394389152526855,0.614817940487078,0.4359637521042359,0.47031971317039706,-0.4359637521042358,1.0076912717470716,0.5717275196428357,1.0093682764754046,0.006964080512412929,1.0163323569878175,0.23582746257783127,0.38703756169073267,0.4822786981177366,1.0363392257632362,0.4995,0.02827685261611543,0.9885055248206732,0.031,0.036,0.421993421993422,0.10577004751833623,0.6983956475246054,0.2,0.040759956163083894,0.9790636568070907,
confounding,confounding,synthetic,confounding_strength,1.0,s_learner,13,2000,2000,0.501,1.8976573944091797,0.4838484312137291,0.30254474710728896,0.3651141579497415,-0.3025447471072888,0.9934729095450703,0.6909281624377813,0.9676579242674582,0.004322483378307318,0.9719804076457655,0.22077254919328457,0.3371937307433722,0.3697272040697199,0.7983100159667295,0.501,0.029797982132540864,0.9680958843119472,0.009,0.01,0.33170132680530723,0.09860889392293262,0.5433266313618397,0.15,0.02854443844361873,0.9794365695399461,
confounding,confounding,synthetic,confounding_strength,1.0,s_learner,14,2000,2000,0.504,1.9095897674560547,0.564913687359449,0.32824310184027083,0.39146716916541685,-0.32824310184027083,0.9864716718243007,0.6582285699840299,0.8480276279705867,0.005603539114980349,0.8536311670855671,0.20576734985827705,0.30547822862613505,0.36032464353320176,1.0054943547800796,0.504,0.026168134819385156,0.9728339103810405,0.0285,0.0225,0.40890616999487966,0.11686818516322106,0.6312584881353379,0.15,0.02434791943468717,0.9664973002302226,
confounding,confounding,synthetic,confounding_strength,1.0,s_learner,15,2000,2000,0.5215,1.8579845428466797,0.5012935207020659,0.36280620725818347,0.3959441121253453,-0.3628062072581835,0.9872567721697856,0.6244505649116021,1.0531115560808162,0.0034540521878259067,1.056565608268642,0.19108254538327304,0.31127027660487944,0.4175728890297317,0.8351119288400957,0.5215,0.037102515922878956,0.9651806227952491,0.01,0.016,0.371492890354265,0.09627517763497498,0.6111511999687926,0.15,0.027938846745364655,0.9594469453739467,
confounding,confounding,synthetic,confounding_strength,1.0,s_learner,16,2000,2000,0.4965,1.800074815750122,0.6539569630530301,0.38951630895957956,0.4731484494761605,-0.3895163089595798,1.003893844164219,0.6143775352046393,1.0089646111683879,0.012425054912820643,1.0213896660812085,0.28244296283786274,0.3382224035788024,0.45103741737145836,1.1458776831293125,0.4965,0.018099334507720503,0.9792576526507237,0.03,0.0315,0.40525785763502414,0.11553145485936378,0.7482541978535057,0.25,0.03181518901303306,0.9629198231247029,
confounding,confounding,synthetic,confounding_strength,1.0,s_learner,17,2000,2000,0.4925,1.8761539459228516,0.5739313437283969,0.387445571121269,0.4283462109427125,-0.3874455711212689,0.9793423811024536,0.5918968099811847,0.8954188399998178,0.005615439240546638,0.9010342792403644,0.22782693459049821,0.3861575049608788,0.4848699279794236,0.938864831290558,0.4925,0.026105301253780168,0.9739059966570436,0.0175,0.012,0.3656222650096272,0.09827040729878243,0.5912218839904231,0.15,0.02369437964679253,0.9690666264366539,
confounding,confounding,synthetic,confounding_strength,1.0,s_learner,18,2000,2000,0.514,1.8768055438995361,0.587009388736664,0.38393025151936444,0.42363441144281483,-0.38393025151936444,0.9985727292068496,0.6146424776874851,1.0727596667253678,0.006709130019343812,1.0794687967447116,0.22192485506489698,0.30233651513246157,0.4259268399761738,1.0277394646357907,0.514,0.030865142260502444,0.9682530219498647,0.017,0.0255,0.3949656530720085,0.10901040600335313,0.6484246353759319,0.2,0.04548582124628716,0.9568863136044911,
confounding,confounding,synthetic,confounding_strength,1.0,s_learner,19,2000,2000,0.49,1.909365177154541,0.5201928693460859,0.31283991546134615,0.3668328120238781,-0.3128399154613463,1.0013442425231096,0.6885043270617635,0.9266027137097171,0.004893144658602244,0.9314958583683194,0.19206329690147894,0.319057449235129,0.3944664530236261,0.8877571384021211,0.49,0.028639032735851253,0.9603535998158355,0.011,0.0115,0.3667066826730692,0.10183948103512781,0.5686019813182949,0.2,0.02597494661414801,0.964467516427441,
confounding,confounding,synthetic,confounding_strength,1.0,s_learner,20,2000,2000,0.4815,1.8488781452178955,0.5715760690141202,0.3923372307704729,0.4438811975419377,-0.39233723077047317,0.9972729066129272,0.6049356758424543,1.0283461430076821,0.005895432902155884,1.034241575909838,0.2392992698429543,0.38630109935486007,0.4931095362363507,0.9258223998376597,0.4815,0.045887744475715864,0.9605413717677646,0.0205,0.021,0.36713560864823946,0.10814924866513102,0.608090504467289,0.2,0.06087925632310017,0.9557405797190407,
confounding,confounding,synthetic,confounding_strength,1.0,s_learner,21,2000,2000,0.485,1.9126946926116943,0.4652541867045092,0.26676365150850323,0.34722129201566576,-0.26676365150850323,0.9942709486025046,0.7275072970940014,0.9821313223968604,0.0041135201748475625,0.986244842571708,0.21625276848105146,0.3219261435471926,0.41482129853824684,0.7371346020154346,0.485,0.023477663499994285,0.9779659564066838,0.024,0.014,0.36293664297868083,0.1018585086015494,0.6105872151172923,0.15,0.032872322840714174,0.9759708490075967,
confounding,confounding,synthetic,confounding_strength,1.0,s_learner,22,2000,2000,0.4845,1.8923027515411377,0.591052393743447,0.38456003734150024,0.43598313350048806,-0.38456003734150024,1.005694401834314,0.6211343644928137,1.0303698004627497,0.006238374491791321,1.036608174954541,0.21991090157859475,0.39450375766224893,0.4713912681415618,0.985478554549301,0.4845,0.034219647218210955,0.9715700675033144,0.019,0.012,0.39171643949835794,0.11215321185551727,0.5721118836119686,0.15,0.03711008186248405,0.9579292297150516,
confounding,confounding,synthetic,confounding_strength,1.0,s_learner,23,2000,2000,0.5095,1.8703882694244385,0.5356880554578058,0.357701559847892,0.40706067626720405,-0.3577015598478922,0.9863786558371623,0.6286770959892704,0.9831884143498398,0.005469726675747633,0.9886581410255875,0.20555649805417367,0.3003608571819354,0.42827587032235936,0.9121164572141673,0.5095,0.03343433008754991,0.9807621761707214,0.0125,0.0145,0.35997595131842597,0.10462234707657854,0.5771773054928375,0.2,0.025464782350892595,0.9732012578498234,
confounding,confounding,synthetic,confounding_strength,1.0,s_learner,24,2000,2000,0.4985,1.9484586715698242,0.48747219913645556,0.31327687364841383,0.37337098758585924,-0.3132768736484137,0.9987093506981598,0.685432477049746,0.9558606545829806,0.012409543181654548,0.9682701977646352,0.23828979630497446,0.3493502394345967,0.41518566283841396,0.7741510371245908,0.4985,0.02606832422755538,0.9746277408550127,0.025,0.0215,0.38979050811457305,0.11282957453595018,0.5910811456998403,0.25,0.03061599735796627,0.9782816224506061,
confounding,confounding,synthetic,confounding_strength,1.0,s_learner,25,2000,2000,0.494,1.890735387802124,0.5718826159462563,0.35085378069263873,0.40792464691433294,-0.3508537806926389,0.9991239276584803,0.6482701469658416,0.9587831508586084,0.008488645553145768,0.9672717964117542,0.22973374475443573,0.326209635677624,0.44010979833103997,0.9774006093774037,0.494,0.03541556417481448,0.9655634999167437,0.0085,0.0085,0.3181378118449057,0.10049890231683926,0.600592811033575,0.15,0.03899025445080996,0.9756290023588512,
confounding,confounding,synthetic,confounding_strength,1.0,s_learner,26,2000,2000,0.5015,1.9195773601531982,0.7065454397411135,0.5096171224889499,0.5592395925828614,-0.5096171224889496,1.0171306539049356,0.5075135314159858,1.0193232318134815,0.005833425485214816,1.0251566572986963,0.23800146265013564,0.4479118078690567,0.5943930496563672,1.1773924801628075,0.5015,0.02970454911521404,0.9676002971135022,0.0275,0.023,0.3818444365999294,0.10436878847557915,0.6772436761102943,0.15,0.033894051748721864,0.9581517856447924,
confounding,confounding,synthetic,confounding_strength,1.0,s_learner,27,2000,2000,0.5025,1.8596763610839844,0.5559526315068195,0.38854160271485005,0.43189021188004867,-0.3885416027148501,0.9959384935616975,0.6073968908468474,0.9560792108366859,0.006544010678047885,0.9626232215147338,0.22505365641058458,0.3869046322312939,0.5169366689925522,0.8767927072361563,0.5025,0.018838961581934238,0.9719022664894751,0.0185,0.014,0.35241381034525865,0.1148452780017188,0.6144849196634338,0.25,0.017249130780206557,0.9643938427362861,
confounding,confounding,synthetic,confounding_strength,1.0,s_learner,28,2000,2000,0.5155,1.8208608627319336,0.5042578166091711,0.2625553972221978,0.3660099658139352,-0.2625553972221978,0.9766359953808899,0.7140805981586921,0.8436998893700872,0.004287772882600405,0.8479876622526876,0.26478149627262265,0.28424831087201285,0.3719328593845518,0.8531491004237559,0.5155,0.054322568352990576,0.9714135389687693,0.007,0.008,0.33972147233491384,0.09347980992333009,0.5192338131723825,0.15,0.04987510113925712,0.9689901252091718,
confounding,confounding,synthetic,confounding_strength,1.0,s_learner,29,2000,2000,0.499,1.8543791770935059,0.4944000258792623,0.3020954356735005,0.3602406050452692,-0.3020954356735005,0.9856623929546574,0.6835669572811569,0.8792186966357048,0.00894306374999998,0.8881617603857048,0.1960358889390993,0.2756859430669028,0.39974889829438925,0.8387452245546632,0.499,0.012072386528027395,0.9788842501699636,0.0265,0.021,0.3819295277181109,0.11317612905105323,0.6367503934939059,0.25,0.027173964070335486,0.9682146497692586,
confounding,confounding,synthetic,confounding_strength,1.0,t_learner,0,2000,2000,0.5015,1.8207428455352783,0.9324565704275815,0.15966248098674718,0.739936533093013,-0.1596624809867472,0.988634815670337,0.8289723346835898,0.8441113214075917,0.13052992836855015,0.9746412497761419,0.9819102428305805,0.9467731375529519,0.8238590047758202,0.9688293266703859,0.5015,0.028614529247713533,0.9742087337563412,0.0235,0.025,0.3961445653010877,0.10901961827433163,0.6463457674163098,0.25,0.030255797901506145,0.9618833171064568,
confounding,confounding,synthetic,confounding_strength,1.0,t_learner,1,2000,2000,0.504,1.8514370918273926,0.8454711099550226,0.09648770815605545,0.6654020799011006,-0.09648770815605545,0.9947717733296532,0.8982840651735977,0.9649499205189143,0.09894933026294206,1.0638992507818563,0.8329531957461858,0.8009689356874615,0.8001136662537982,0.9400752363019295,0.504,0.0400474627699318,0.9516231435316647,0.015,0.0165,0.377192140296979,0.10720741637231476,0.5475038568343314,0.15,0.04823166296560886,0.9599710610726617,
confounding,confounding,synthetic,confounding_strength,1.0,t_learner,2,2000,2000,0.507,1.8687984943389893,0.9332154237233103,0.0754340456789705,0.7491062654092373,-0.07543404567897054,0.9804604494287746,0.9050264037498041,0.8182531747936337,0.11939327970524483,0.9376464544988785,0.894401151296585,0.8534222534996206,0.9132064889385382,1.0589310906059137,0.507,0.03065240216029745,0.9766421970155198,0.016,0.0225,0.3726110317622254,0.10434600355279218,0.5970206145257971,0.15,0.038529832493794255,0.9659987332756537,
confounding,confounding,synthetic,confounding_strength,1.0,t_learner,3,2000,2000,0.4975,1.8959629535675049,0.9092445050134348,0.16064406577394108,0.7229508404409091,-0.16064406577394125,1.0087926713972664,0.8481486056233253,0.7742020475452336,0.12831636848208217,0.9025184160273158,0.9160898410778934,0.8803827057648022,0.9062286628050739,0.933465363451241,0.4975,0.02710922010657526,0.9708120361692915,0.0225,0.018,0.3667641691042276,0.11446476020211335,0.6809082392728507,0.2,0.028289045013268385,0.9593894594492443,
confounding,confounding,synthetic,confounding_strength,1.0,t_learner,4,2000,2000,0.4795,1.9005520343780518,0.964904050695261,0.24564107063803564,0.7629642970536133,-0.2456410706380356,0.9903193784566898,0.7446783078186542,0.7591825807103693,0.1631530029741799,0.9223355836845492,0.9083278394386971,0.9624794193330326,0.9201491806052065,1.0611591290117777,0.4795,0.012552305516356348,0.9771045164612736,0.0195,0.0095,0.3662927380927339,0.1000328571608901,0.5569797449163424,0.2,0.017193404491357145,0.9769899468579579,
confounding,confounding,synthetic,confounding_strength,1.0,t_learner,5,2000,2000,0.5025,1.8627448081970215,0.9008312697322725,0.03541134266632229,0.7131987735011593,0.03541134266632244,0.9664879542782492,1.0018992969445715,0.8872813357351158,0.09298707446241472,0.9802684101975305,0.892738935685583,0.9044015657616475,0.8314487466328944,0.9694100723590995,0.5025,0.015963375239138947,0.9603199240263416,0.0305,0.016,0.37606440161004023,0.1152547001794896,0.6098531315723713,0.15,0.027943533029464323,0.9320319340477532,
confounding,confounding,synthetic,confounding_strength,1.0,t_learner,6,2000,2000,0.492,1.8851377964019775,0.9045510485274187,0.14227986919518798,0.7071788918398828,-0.14227986919518804,1.003619649399195,0.8613397802040069,0.9225240654834126,0.11340941254729753,1.0359334780307101,0.8976971210539405,0.9302558920780118,0.7734119193212924,1.0017226436122795,0.492,0.032312212231972906,0.9655440861709046,0.015,0.0115,0.3553869790666411,0.09680856401643036,0.5423450155934014,0.15,0.026336015377497433,0.9561696257484746,
confounding,confounding,synthetic,confounding_strength,1.0,t_learner,7,2000,2000,0.5055,1.9273936748504639,0.8895373938066508,0.2456346477440121,0.6860816871067172,-0.2456346477440121,0.9985860310672204,0.7529513833232083,0.8792443108544019,0.12300655367791613,1.002250864532318,0.8642870780786908,0.7998201593925647,0.8467699560435955,1.0302345853050618,0.5055,0.028966682825451964,0.9582037089304637,0.009,0.0205,0.38823397631113366,0.11654949019167812,0.5358975997063444,0.25,0.02971233266409221,0.9656940169490835,
confounding,confounding,synthetic,confounding_strength,1.0,t_learner,8,2000,2000,0.4925,1.9533672332763672,0.9089974148511029,0.09143215286786144,0.7171989517556717,-0.09143215286786142,1.0063284488837538,0.9148962960158924,0.924372153250017,0.11758834371559101,1.041960496965608,0.8740770712551382,0.9137753137510365,0.8327858066173427,1.0062688262119066,0.4925,0.026265791169016634,0.9673170564827458,0.0175,0.0165,0.376034607786752,0.10186432388624574,0.5277392885616098,0.2,0.02879480163107263,0.9655988709120248,
confounding,confounding,synthetic,confounding_strength,1.0,t_learner,9,2000,2000,0.4895,1.9667603969573975,0.9053577917663791,0.17281977120854852,0.7121404533869523,-0.17281977120854858,1.000148146210073,0.8273283750015245,0.7815849214361386,0.12568577856897134,0.9072707000051099,0.9144817852378344,0.8671098123203902,0.8852432337726547,0.9523019370735478,0.4895,0.033181406310617716,0.971011923266994,0.022,0.013,0.37151583848477177,0.11280238399758895,0.5776465505594623,0.25,0.035819472134631776,0.9654650696119208,
confounding,confounding,synthetic,confounding_strength,1.0,t_learner,10,2000,2000,0.4945,1.911747932434082,0.8621942635188714,0.14536614491945465,0.683243304701773,-0.14536614491945457,1.0102761104198241,0.8649099655003695,0.9105117479330489,0.11082117459359453,1.0213329225266434,0.8622976161655648,0.8366473349591955,0.8122556062276424,0.9328561949153907,0.4945,0.027591771242000646,0.9763142187154301,0.022,0.017,0.3785388031951866,0.11058039073535975,0.5904365694326016,0.2,0.034386486017649716,0.9738601279717383,
confounding,confounding,synthetic,confounding_strength,1.0,t_learner,11,2000,2000,0.485,1.8789379596710205,0.949929273471435,0.03407017468465601,0.7464358864747344,-0.03407017468465591,1.004209171295834,0.9701389966111781,0.923459452965746,0.10450266706468825,1.0279621200304343,0.9386609278677183,0.9084167004142862,1.0023353624745048,0.9478824190942206,0.485,0.030366338101620018,0.9695850252982309,0.018,0.012,0.36369732759483536,0.11056061217099941,0.5745972347548176,0.25,0.02335924492611696,0.9659980123959844,
confounding,confounding,synthetic,confounding_strength,1.0,t_learner,12,2000,2000,0.4995,1.8324790000915527,0.8812983521069256,0.16820282713350432,0.6832584258649522,-0.16820282713350437,1.0076912717470716,0.8394884446135673,0.9035742320801676,0.11275812490764991,1.0163323569878175,0.904505512733321,0.8552636471811588,0.7818444386466333,0.9725534878392427,0.4995,0.02827685261611543,0.9885055248206732,0.031,0.036,0.421993421993422,0.10577004751833623,0.6983956475246054,0.2,0.040759956163083894,0.9790636568070907,
confounding,confounding,synthetic,confounding_strength,1.0,t_learner,13,2000,2000,0.501,1.823396921157837,0.8682957878273281,0.004597391727934719,0.6907108196269982,-0.004597391727934543,0.9934729095450703,0.9888755178171356,0.8808522752009423,0.0911281324448232,0.9719804076457655,0.8904147497988258,0.8174193518074198,0.8453049302758545,0.91662263343073,0.501,0.029797982132540864,0.9680958843119472,0.009,0.01,0.33170132680530723,0.09860889392293262,0.5433266313618397,0.15,0.02854443844361873,0.9794365695399461,
confounding,confounding,synthetic,confounding_strength,1.0,t_learner,14,2000,2000,0.504,1.795675277709961,0.8872004410456882,0.10506572011030813,0.6977373259801891,-0.10506572011030807,0.9864716718243007,0.8814059517139926,0.7391137293589313,0.1145174377266358,0.8536311670855671,0.8987450380435197,0.8329077989203877,0.8393693573753751,0.970813847941845,0.504,0.026168134819385156,0.9728339103810405,0.0285,0.0225,0.40890616999487966,0.11686818516322106,0.6312584881353379,0.15,0.02434791943468717,0.9664973002302226,
confounding,confounding,synthetic,confounding_strength,1.0,t_learner,15,2000,2000,0.5215,1.8332512378692627,0.9289724887173991,0.09114536793085726,0.7337050681082132,-0.09114536793085716,0.9872567721697856,0.8961114042389283,0.9381641848328387,0.1184014234358034,1.056565608268642,0.8825949804469696,0.9259401828875797,0.8947920789009309,1.0074559806340286,0.5215,0.037102515922878956,0.9651806227952491,0.01,0.016,0.371492890354265,0.09627517763497498,0.6111511999687926,0.15,0.027938846745364655,0.9594469453739467,
confounding,confounding,synthetic,confounding_strength,1.0,t_learner,16,2000,2000,0.4965,1.9225246906280518,0.9390291147938247,0.17236038517822194,0.732595381179869,-0.17236038517822197,1.003893844164219,0.831533458985997,0.895377758936454,0.12601190714475452,1.0213896660812085,0.8959470530647915,0.8514008131503347,0.8321208235889899,1.1432730129513868,0.4965,0.018099334507720503,0.9792576526507237,0.03,0.0315,0.40525785763502414,0.11553145485936378,0.7482541978535057,0.25,0.03181518901303306,0.9629198231247029,
confounding,confounding,synthetic,confounding_strength,1.0,t_learner,17,2000,2000,0.4925,1.916966438293457,0.8928885595482197,0.1793980045204141,0.7086922070771716,-0.17939800452041402,0.9793423811024536,0.7999443765820395,0.7688016637397984,0.13223261550056598,0.9010342792403644,0.8656802098465476,0.8604455945658874,0.8567948938520321,0.9824121243295288,0.4925,0.026105301253780168,0.9739059966570436,0.0175,0.012,0.3656222650096272,0.09827040729878243,0.5912218839904231,0.15,0.02369437964679253,0.9690666264366539,
confounding,confounding,synthetic,confounding_strength,1.0,t_learner,18,2000,2000,0.514,1.882781982421875,0.924046385214979,0.10312007002896106,0.7278419791793282,-0.10312007002896088,0.9985727292068496,0.8954526591778885,0.9501017929669868,0.1293670037777248,1.0794687967447116,0.8943942114038701,0.8802308454010465,0.8582144907145796,1.0507937140346821,0.514,0.030865142260502444,0.9682530219498647,0.017,0.0255,0.3949656530720085,0.10901040600335313,0.6484246353759319,0.2,0.04548582124628716,0.9568863136044911,
confounding,confounding,synthetic,confounding_strength,1.0,t_learner,19,2000,2000,0.49,1.8608670234680176,0.8417405431911308,0.06291319160437181,0.6604194217801491,-0.06291319160437191,1.0013442425231096,0.9384310509187378,0.8331068045587307,0.09838905380958873,0.9314958583683194,0.7858751217191094,0.7850526887829294,0.8440153522590885,0.9422522073497279,0.49,0.028639032735851253,0.9603535998158355,0.011,0.0115,0.3667066826730692,0.10183948103512781,0.5686019813182949,0.2,0.02597494661414801,0.964467516427441,
confounding,confounding,synthetic,confounding_strength,1.0,t_learner,20,2000,2000,0.4815,1.8454113006591797,0.9032740506297483,0.14874362205098235,0.7149127159716138,-0.14874362205098246,0.9972729066129272,0.8485292845619449,0.9132710478012012,0.12097052810863684,1.034241575909838,0.9643058087247242,0.8576348841688176,0.8282459577721627,0.9550923454383142,0.4815,0.045887744475715864,0.9605413717677646,0.0205,0.021,0.36713560864823946,0.10814924866513102,0.608090504467289,0.2,0.06087925632310017,0.9557405797190407,
confounding,confounding,synthetic,confounding_strength,1.0,t_learner,21,2000,2000,0.485,1.8733456134796143,0.9661411973425817,0.08671466784962789,0.7637176156444444,-0.08671466784962795,0.9942709486025046,0.9075562807528768,0.8517927008477068,0.13445214172400122,0.986244842571708,0.890266170399151,0.9914132578475122,0.9276909997346048,1.0476786529411826,0.485,0.023477663499994285,0.9779659564066838,0.024,0.014,0.36293664297868083,0.1018585086015494,0.6105872151172923,0.15,0.032872322840714174,0.9759708490075967,
confounding,confounding,synthetic,confounding_strength,1.0,t_learner,22,2000,2000,0.4845,1.86289381980896,1.0051447315167985,0.14181441844329845,0.795444172373031,-0.14181441844329845,1.005694401834314,0.8638799833910155,0.8777351511084787,0.1588730238460624,1.036608174954541,0.9596963163557447,1.0340194330493186,0.9355296207450015,1.084359186958916,0.4845,0.034219647218210955,0.9715700675033144,0.019,0.012,0.39171643949835794,0.11215321185551727,0.5721118836119686,0.15,0.03711008186248405,0.9579292297150516,
confounding,confounding,synthetic,confounding_strength,1.0,t_learner,23,2000,2000,0.5095,1.8451614379882812,0.8956794679754497,0.11319832315254019,0.7064839033925009,-0.11319832315254028,0.9863786558371623,0.8731803326846221,0.8633983888765877,0.12525975214899976,0.9886581410255875,0.9063780229918744,0.8345245136057001,0.8639518838259098,0.9719062174270269,0.5095,0.03343433008754991,0.9807621761707214,0.0125,0.0145,0.35997595131842597,0.10462234707657854,0.5771773054928375,0.2,0.025464782350892595,0.9732012578498234,
confounding,confounding,synthetic,confounding_strength,1.0,t_learner,24,2000,2000,0.4985,1.7987086772918701,0.8431665441662493,0.03461372727839673,0.6586009125692078,-0.034613727278396664,0.9987093506981598,0.9640956234197631,0.8724439573747828,0.09582624038985244,0.9682701977646352,0.761262845915821,0.7993639430968966,0.8229071683622111,0.9736730678045047,0.4985,0.02606832422755538,0.9746277408550127,0.025,0.0215,0.38979050811457305,0.11282957453595018,0.5910811456998403,0.25,0.03061599735796627,0.9782816224506061,
confounding,confounding,synthetic,confounding_strength,1.0,t_learner,25,2000,2000,0.494,1.787839412689209,0.9110373893945836,0.09886410392179168,0.7124465810681639,-0.09886410392179175,0.9991239276584803,0.9002598237366887,0.8627142182873951,0.10455757812435906,0.9672717964117542,0.9130540501210078,0.846471873458131,0.8487290178304884,1.024418480306751,0.494,0.03541556417481448,0.9655634999167437,0.0085,0.0085,0.3181378118449057,0.10049890231683926,0.600592811033575,0.15,0.03899025445080996,0.9756290023588512,
confounding,confounding,synthetic,confounding_strength,1.0,t_learner,26,2000,2000,0.5015,1.8631095886230469,1.0203762862101722,0.2667178923465068,0.8123150057473749,-0.26671789234650656,1.0171306539049356,0.7504127615584288,0.8493654661834426,0.17579119111525376,1.0251566572986963,1.0010160992901105,1.0515250740072877,0.8831042342418991,1.1300706884970784,0.5015,0.02970454911521404,0.9676002971135022,0.0275,0.023,0.3818444365999294,0.10436878847557915,0.6772436761102943,0.15,0.033894051748721864,0.9581517856447924,
confounding,confounding,synthetic,confounding_strength,1.0,t_learner,27,2000,2000,0.5025,1.7793951034545898,0.9359140177141978,0.1420908987606374,0.7399707539222494,-0.1420908987606374,0.9959384935616975,0.8538475948010601,0.8066797055490247,0.1559435159657091,0.9626232215147338,0.8482231481766781,0.9205657025124138,0.914982234697463,1.0486295736144553,0.5025,0.018838961581934238,0.9719022664894751,0.0185,0.014,0.35241381034525865,0.1148452780017188,0.6144849196634338,0.25,0.017249130780206557,0.9643938427362861,
confounding,confounding,synthetic,confounding_strength,1.0,t_learner,28,2000,2000,0.5155,1.8309290409088135,0.859857077366753,0.03540109670946845,0.6775003619474319,-0.03540109670946836,0.9766359953808899,0.9412348986714214,0.7488679533114342,0.09911970894125344,0.8479876622526876,0.796183604447051,0.8406977923979525,0.808457736761839,0.9813927611958487,0.5155,0.054322568352990576,0.9714135389687693,0.007,0.008,0.33972147233491384,0.09347980992333009,0.5192338131723825,0.15,0.04987510113925712,0.9689901252091718,
confounding,confounding,synthetic,confounding_strength,1.0,t_learner,29,2000,2000,0.499,1.8038709163665771,0.9165350221281969,0.045360804701736646,0.7271512191863158,-0.04536080470173661,0.9856623929546574,0.9403015882529208,0.7752794121822884,0.11288234820341647,0.8881617603857048,0.9403258484806055,0.8344040661334262,0.9026904732572253,0.982269234853672,0.499,0.012072386528027395,0.9788842501699636,0.0265,0.021,0.3819295277181109,0.11317612905105323,0.6367503934939059,0.25,0.027173964070335486,0.9682146497692586,
confounding,confounding,synthetic,confounding_strength,1.0,x_learner,0,2000,2000,0.5015,3.6251816749572754,0.5409349148897394,0.033924579682191536,0.40671135001076797,0.033924579682191605,0.988634815670337,1.0225593953525285,0.9445423256400156,0.03009892413612625,0.9746412497761419,0.6424122571110894,0.45641426497485227,0.4490873457269545,0.5897078896673321,0.5015,0.028614529247713533,0.9742087337563412,0.0235,0.025,0.3961445653010877,0.10901961827433163,0.6463457674163098,0.25,0.030255797901506145,0.9618833171064568,
confounding,confounding,synthetic,confounding_strength,1.0,x_learner,1,2000,2000,0.504,3.5956923961639404,0.48037596860363796,0.08484019607423277,0.3575487389870754,-0.08484019607423278,0.9947717733296532,0.9099315772554204,1.0381998538097632,0.025699396972093114,1.0638992507818563,0.4832338094836713,0.38456297534430695,0.42229781513376813,0.6027480763528094,0.504,0.0400474627699318,0.9516231435316647,0.015,0.0165,0.377192140296979,0.10720741637231476,0.5475038568343314,0.15,0.04823166296560886,0.9599710610726617,
confounding,confounding,synthetic,confounding_strength,1.0,x_learner,2,2000,2000,0.507,3.729161500930786,0.481878243619971,0.04033895312024749,0.3652907244573017,0.040338953120247385,0.9804604494287746,1.0207994025490221,0.9176995892644689,0.019946865234409583,0.9376464544988785,0.4982092179611201,0.44302484147120547,0.43798877405319986,0.5408409798438261,0.507,0.03065240216029745,0.9766421970155198,0.016,0.0225,0.3726110317622254,0.10434600355279218,0.5970206145257971,0.15,0.038529832493794255,0.9659987332756537,
confounding,confounding,synthetic,confounding_strength,1.0,x_learner,3,2000,2000,0.4975,3.664341926574707,0.5024396402335846,0.07757679596220035,0.385514044245394,-0.07757679596220046,1.0087926713972664,0.931215875435066,0.8598631442508745,0.04265527177644124,0.9025184160273158,0.5508238887844809,0.417038714679558,0.4657248425292682,0.5617423727707107,0.4975,0.02710922010657526,0.9708120361692915,0.0225,0.018,0.3667641691042276,0.11446476020211335,0.6809082392728507,0.2,0.028289045013268385,0.9593894594492443,
confounding,confounding,synthetic,confounding_strength,1.0,x_learner,4,2000,2000,0.4795,3.703667402267456,0.4749235331611991,0.09858140760475853,0.3669861311334431,-0.09858140760475857,0.9903193784566898,0.8917379708519313,0.8880913921054171,0.034244191579132055,0.9223355836845492,0.46533640280666033,0.4333855668703777,0.452177475547405,0.5416492985874175,0.4795,0.012552305516356348,0.9771045164612736,0.0195,0.0095,0.3662927380927339,0.1000328571608901,0.5569797449163424,0.2,0.017193404491357145,0.9769899468579579,
confounding,confounding,synthetic,confounding_strength,1.0,x_learner,5,2000,2000,0.5025,3.782827854156494,0.48582497646111933,0.034960326677795805,0.3678581422486217,0.03496032667779586,0.9664879542782492,1.001448280956045,0.9511131265546453,0.02915528364288522,0.9802684101975305,0.5252454864547255,0.4076265890620641,0.410767038230394,0.5773489535504369,0.5025,0.015963375239138947,0.9603199240263416,0.0305,0.016,0.37606440161004023,0.1152547001794896,0.6098531315723713,0.15,0.027943533029464323,0.9320319340477532,
confounding,confounding,synthetic,confounding_strength,1.0,x_learner,6,2000,2000,0.492,3.8380231857299805,0.48783950787278346,0.0780968617588742,0.3609299560151948,-0.0780968617588743,1.003619649399195,0.9255227876403207,1.0075756373313076,0.028357840699402503,1.0359334780307101,0.4206320379464468,0.396293476675592,0.4513403309986113,0.6436315843537302,0.492,0.032312212231972906,0.9655440861709046,0.015,0.0115,0.3553869790666411,0.09680856401643036,0.5423450155934014,0.15,0.026336015377497433,0.9561696257484746,
confounding,confounding,synthetic,confounding_strength,1.0,x_learner,7,2000,2000,0.5055,3.7904467582702637,0.5190572434392594,0.1333179542519478,0.3933294380903607,-0.13331795425194787,0.9985860310672204,0.8652680768152726,0.9728527231227189,0.029398141409599177,1.002250864532318,0.4537275444306564,0.4195504698341489,0.4538740487678947,0.699849094025963,0.5055,0.028966682825451964,0.9582037089304637,0.009,0.0205,0.38823397631113366,0.11654949019167812,0.5358975997063444,0.25,0.02971233266409221,0.9656940169490835,
confounding,confounding,synthetic,confounding_strength,1.0,x_learner,8,2000,2000,0.4925,3.7536792755126953,0.5359803676705994,0.04260325998658476,0.4120170974453531,-0.04260325998658471,1.0063284488837538,0.9637251888971691,1.0177222907662946,0.024238206199313383,1.041960496965608,0.5552675865929123,0.46256098390310024,0.4707338663262239,0.6365726106711526,0.4925,0.026265791169016634,0.9673170564827458,0.0175,0.0165,0.376034607786752,0.10186432388624574,0.5277392885616098,0.2,0.02879480163107263,0.9655988709120248,
confounding,confounding,synthetic,confounding_strength,1.0,x_learner,9,2000,2000,0.4895,3.666541814804077,0.4870746212062917,0.12664068812808638,0.3656102568498142,-0.12664068812808651,1.000148146210073,0.8735074580819866,0.8720679872523978,0.03520271275271214,0.9072707000051099,0.44075859408249335,0.41903811969670923,0.4386136545756686,0.6218711478242551,0.4895,0.033181406310617716,0.971011923266994,0.022,0.013,0.37151583848477177,0.11280238399758895,0.5776465505594623,0.25,0.035819472134631776,0.9654650696119208,
confounding,confounding,synthetic,confounding_strength,1.0,x_learner,10,2000,2000,0.4945,3.7475709915161133,0.483439155052993,0.1125258685776338,0.37126020144455657,-0.1125258685776337,1.0102761104198241,0.8977502418421903,0.9923519642335792,0.02898095829306424,1.0213329225266434,0.46767800340110405,0.41898250422461764,0.41944625394460533,0.6038621141400329,0.4945,0.027591771242000646,0.9763142187154301,0.022,0.017,0.3785388031951866,0.11058039073535975,0.5904365694326016,0.2,0.034386486017649716,0.9738601279717383,
confounding,confounding,synthetic,confounding_strength,1.0,x_learner,11,2000,2000,0.485,3.750884771347046,0.5081236283855927,0.016474117655454812,0.3904649946311488,0.01647411765545488,1.004209171295834,1.020683288951289,1.004904936418539,0.02305718361189535,1.0279621200304343,0.5168829596033062,0.4424069643090033,0.5245432996680626,0.5428820292392444,0.485,0.030366338101620018,0.9695850252982309,0.018,0.012,0.36369732759483536,0.11056061217099941,0.5745972347548176,0.25,0.02335924492611696,0.9659980123959844,
confounding,confounding,synthetic,confounding_strength,1.0,x_learner,12,2000,2000,0.4995,3.7867159843444824,0.5145168523979484,0.11906701291979072,0.37144893686882746,-0.11906701291979072,1.0076912717470716,0.8886242588272809,0.9854134159026313,0.030918941085186225,1.0163323569878175,0.4376718622996973,0.37532585404715874,0.45154124964494624,0.7229071238478252,0.4995,0.02827685261611543,0.9885055248206732,0.031,0.036,0.421993421993422,0.10577004751833623,0.6983956475246054,0.2,0.040759956163083894,0.9790636568070907,
confounding,confounding,synthetic,confounding_strength,1.0,x_learner,13,2000,2000,0.501,3.7616381645202637,0.471759912455236,0.04686628939058757,0.36088948082148453,0.04686628939058767,0.9934729095450703,1.0403391989356578,0.9546527050785044,0.017327702567261127,0.9719804076457655,0.475901217524606,0.39963655607642373,0.39942189786638854,0.5869416169516974,0.501,0.029797982132540864,0.9680958843119472,0.009,0.01,0.33170132680530723,0.09860889392293262,0.5433266313618397,0.15,0.02854443844361873,0.9794365695399461,
confounding,confounding,synthetic,confounding_strength,1.0,x_learner,14,2000,2000,0.504,3.693755626678467,0.5223598673040396,0.05782433976847734,0.3832621125585998,-0.05782433976847739,0.9864716718243007,0.9286473320558234,0.8272546025668887,0.026376564518678425,0.8536311670855671,0.5074765979834549,0.3839358208124953,0.4163420568062234,0.7163514525776529,0.504,0.026168134819385156,0.9728339103810405,0.0285,0.0225,0.40890616999487966,0.11686818516322106,0.6312584881353379,0.15,0.02434791943468717,0.9664973002302226,
confounding,confounding,synthetic,confounding_strength,1.0,x_learner,15,2000,2000,0.5215,3.780529499053955,0.4398853739203904,0.06563454711627514,0.33222644374585997,-0.06563454711627527,0.9872567721697856,0.9216222250535104,1.038375473455671,0.01819013481297116,1.056565608268642,0.45288155490073473,0.38863626830741727,0.37212490348107874,0.5285638780245039,0.5215,0.037102515922878956,0.9651806227952491,0.01,0.016,0.371492890354265,0.09627517763497498,0.6111511999687926,0.15,0.027938846745364655,0.9594469453739467,
confounding,confounding,synthetic,confounding_strength,1.0,x_learner,16,2000,2000,0.4965,3.7601518630981445,0.552656722429676,0.06963855109024963,0.4137482453073626,-0.06963855109024977,1.003893844164219,0.9342552930739693,0.989906168728602,0.03148349735260647,1.0213896660812085,0.49857710921597354,0.4413747998326346,0.46719778725320316,0.7483670163837416,0.4965,0.018099334507720503,0.9792576526507237,0.03,0.0315,0.40525785763502414,0.11553145485936378,0.7482541978535057,0.25,0.03181518901303306,0.9629198231247029,
confounding,confounding,synthetic,confounding_strength,1.0,x_learner,17,2000,2000,0.4925,3.8713796138763428,0.496026556527997,0.041917849017990005,0.37530067346822327,-0.041917849017989894,0.9793423811024536,0.9374245320844636,0.8700060663179823,0.031028212922382115,0.9010342792403644,0.5000404410198468,0.4466453446570913,0.41216371101767896,0.603951941701531,0.4925,0.026105301253780168,0.9739059966570436,0.0175,0.012,0.3656222650096272,0.09827040729878243,0.5912218839904231,0.15,0.02369437964679253,0.9690666264366539,
confounding,confounding,synthetic,confounding_strength,1.0,x_learner,18,2000,2000,0.514,3.6600770950317383,0.5184745430458774,0.09921339351786151,0.39688741313485093,-0.09921339351786147,0.9985727292068496,0.8993593356889881,1.0514801657513355,0.027988630993376118,1.0794687967447116,0.5073820026790924,0.4438412736754901,0.4285169138876624,0.6612148582708888,0.514,0.030865142260502444,0.9682530219498647,0.017,0.0255,0.3949656530720085,0.10901040600335313,0.6484246353759319,0.2,0.04548582124628716,0.9568863136044911,
confounding,confounding,synthetic,confounding_strength,1.0,x_learner,19,2000,2000,0.49,3.63527774810791,0.4762356972051144,0.005353433478797132,0.3646284038266957,-0.0053534334787971255,1.0013442425231096,0.9959908090443125,0.9135439255799838,0.017951932788335623,0.9314958583683194,0.4399055400451261,0.38564464860984227,0.43686218709553887,0.6116490067776332,0.49,0.028639032735851253,0.9603535998158355,0.011,0.0115,0.3667066826730692,0.10183948103512781,0.5686019813182949,0.2,0.02597494661414801,0.964467516427441,
confounding,confounding,synthetic,confounding_strength,1.0,x_learner,20,2000,2000,0.4815,3.6931843757629395,0.47817191905509177,0.05430467879247103,0.3628828899673152,-0.054304678792471264,0.9972729066129272,0.9429682278204562,1.0044277513790771,0.02981382453076087,1.034241575909838,0.5012072083288928,0.3946153265682056,0.42124654985520565,0.5746433322357695,0.4815,0.045887744475715864,0.9605413717677646,0.0205,0.021,0.36713560864823946,0.10814924866513102,0.608090504467289,0.2,0.06087925632310017,0.9557405797190407,
confounding,confounding,synthetic,confounding_strength,1.0,x_learner,21,2000,2000,0.485,3.6616275310516357,0.51949616070243,0.010058888969234459,0.39488573338876914,0.010058888969234374,0.9942709486025046,1.004329837571739,0.9535057704136749,0.03273907215803307,0.986244842571708,0.5039611614693307,0.44082343084225994,0.4993977432591514,0.6179035430525295,0.485,0.023477663499994285,0.9779659564066838,0.024,0.014,0.36293664297868083,0.1018585086015494,0.6105872151172923,0.15,0.032872322840714174,0.9759708490075967,
confounding,confounding,synthetic,confounding_strength,1.0,x_learner,22,2000,2000,0.4845,3.7670247554779053,0.553495057899149,0.05118095478010576,0.41136488649277275,-0.05118095478010578,1.005694401834314,0.9545134470542082,1.008876419443558,0.027731755510983058,1.036608174954541,0.47845418366740705,0.46442665646525727,0.489170124083178,0.7358866631997312,0.4845,0.034219647218210955,0.9715700675033144,0.019,0.012,0.39171643949835794,0.11215321185551727,0.5721118836119686,0.15,0.03711008186248405,0.9579292297150516,
confounding,confounding,synthetic,confounding_strength,1.0,x_learner,23,2000,2000,0.5095,3.6069889068603516,0.46692244842208763,0.044081332624681835,0.3625343211089427,-0.044081332624682015,0.9863786558371623,0.9422973232124805,0.9676430110209648,0.02101513000462263,0.9886581410255875,0.4718101615337513,0.38744553769143575,0.42088240837887075,0.5676314089931948,0.5095,0.03343433008754991,0.9807621761707214,0.0125,0.0145,0.35997595131842597,0.10462234707657854,0.5771773054928375,0.2,0.025464782350892595,0.9732012578498234,
confounding,confounding,synthetic,confounding_strength,1.0,x_learner,24,2000,2000,0.4985,3.7288756370544434,0.4916356467658721,0.0038586192384698625,0.36918779788576245,0.003858619238469899,0.9987093506981598,1.0025679699366297,0.9465757699245855,0.021694427840049713,0.9682701977646352,0.4662551739646363,0.3966695426307459,0.4501881749829395,0.6240291904145521,0.4985,0.02606832422755538,0.9746277408550127,0.025,0.0215,0.38979050811457305,0.11282957453595018,0.5910811456998403,0.25,0.03061599735796627,0.9782816224506061,
confounding,confounding,synthetic,confounding_strength,1.0,x_learner,25,2000,2000,0.494,3.5799150466918945,0.48862869771414524,0.02007804423314319,0.3689047277273262,-0.020078044233143216,0.9991239276584803,0.9790458834253372,0.9470735632579217,0.020198233153832512,0.9672717964117542,0.4846073478042816,0.3945397308290154,0.42641929534250894,0.6186216296981155,0.494,0.03541556417481448,0.9655634999167437,0.0085,0.0085,0.3181378118449057,0.10049890231683926,0.600592811033575,0.15,0.03899025445080996,0.9756290023588512,
confounding,confounding,synthetic,confounding_strength,1.0,x_learner,26,2000,2000,0.5015,3.5896191596984863,0.5634179524628036,0.1583945794916367,0.439898927889765,-0.15839457949163657,1.0171306539049356,0.8587360744132989,0.9863467672498971,0.0388098900487992,1.0251566572986963,0.516928953925544,0.5398244177953846,0.48835859349723204,0.687487523764784,0.5015,0.02970454911521404,0.9676002971135022,0.0275,0.023,0.3818444365999294,0.10436878847557915,0.6772436761102943,0.15,0.033894051748721864,0.9581517856447924,
confounding,confounding,synthetic,confounding_strength,1.0,x_learner,27,2000,2000,0.5025,3.61555814743042,0.5321273649281485,0.01509848008921233,0.4044806706206839,-0.015098480089212359,0.9959384935616975,0.9808400134724852,0.9317413282423145,0.030881893272419303,0.9626232215147338,0.5412646250876403,0.4390147005145447,0.488394634572223,0.6390676875757569,0.5025,0.018838961581934238,0.9719022664894751,0.0185,0.014,0.35241381034525865,0.1148452780017188,0.6144849196634338,0.25,0.017249130780206557,0.9643938427362861,
confounding,confounding,synthetic,confounding_strength,1.0,x_learner,28,2000,2000,0.5155,3.6892220973968506,0.5103138256200089,0.02041357820365375,0.3919324754644824,0.020413578203653793,0.9766359953808899,0.9970495735845436,0.8305214883068466,0.017466173945841046,0.8479876622526876,0.5440195666836865,0.42224513561330007,0.4119225429056171,0.6306761273729057,0.5155,0.054322568352990576,0.9714135389687693,0.007,0.008,0.33972147233491384,0.09347980992333009,0.5192338131723825,0.15,0.04987510113925712,0.9689901252091718,
confounding,confounding,synthetic,confounding_strength,1.0,x_learner,29,2000,2000,0.499,3.9142730236053467,0.48022574174350713,0.004388289099649834,0.36235002182366405,0.0043882890996498215,0.9856623929546574,0.9900506820543072,0.8679209789596826,0.02024078142602226,0.8881617603857048,0.45000890416967193,0.41100789929398873,0.41769184203696247,0.6136489795592666,0.499,0.012072386528027395,0.9788842501699636,0.0265,0.021,0.3819295277181109,0.11317612905105323,0.6367503934939059,0.25,0.027173964070335486,0.9682146497692586,
confounding,confounding,synthetic,confounding_strength,1.0,neural_rep,0,2000,2000,0.5015,1.9251916408538818,0.5359075380762899,0.13609765626327075,0.39007872035408364,-0.13609765626327078,0.988634815670337,0.8525371594070662,0.9502338420979449,0.024407407678196935,0.9746412497761419,0.43600740712613545,0.364269556956144,0.41489494552669776,0.8086129930012734,0.5015,0.028614529247713533,0.9742087337563412,0.0235,0.025,0.3961445653010877,0.10901961827433163,0.6463457674163098,0.25,0.030255797901506145,0.9618833171064568,
confounding,confounding,synthetic,confounding_strength,1.0,neural_rep,1,2000,2000,0.504,2.7282063961029053,0.556440083190044,0.1966675352606917,0.4235507329986896,-0.1966675352606918,0.9947717733296532,0.7981042380689615,1.0309516508750138,0.032947599906842484,1.0638992507818563,0.43026841264167787,0.4281834493909766,0.48439091246276955,0.7971171403226217,0.504,0.0400474627699318,0.9516231435316647,0.015,0.0165,0.377192140296979,0.10720741637231476,0.5475038568343314,0.15,0.04823166296560886,0.9599710610726617,
confounding,confounding,synthetic,confounding_strength,1.0,neural_rep,2,2000,2000,0.507,2.6811254024505615,0.4440203766555979,0.05252677161666064,0.33395736404735704,-0.05252677161666075,0.9804604494287746,0.927933677812114,0.9271497359962285,0.010496718502649993,0.9376464544988785,0.39874222407357746,0.30439032008128186,0.34362701881867924,0.6472155925663216,0.507,0.03065240216029745,0.9766421970155198,0.016,0.0225,0.3726110317622254,0.10434600355279218,0.5970206145257971,0.15,0.038529832493794255,0.9659987332756537,
confounding,confounding,synthetic,confounding_strength,1.0,neural_rep,3,2000,2000,0.4975,2.670050859451294,0.4685394332971216,0.13291599463254544,0.3440094247578536,-0.1329159946325454,1.0087926713972664,0.8758766767647209,0.873765208928917,0.028753207098398792,0.9025184160273158,0.33389479556599555,0.38749150248710107,0.40315410812914343,0.6737567575248335,0.4975,0.02710922010657526,0.9708120361692915,0.0225,0.018,0.3667641691042276,0.11446476020211335,0.6809082392728507,0.2,0.028289045013268385,0.9593894594492443,
confounding,confounding,synthetic,confounding_strength,1.0,neural_rep,4,2000,2000,0.4795,1.9649932384490967,0.5290207108391888,0.16418851914660515,0.40025845955489386,-0.16418851914660512,0.9903193784566898,0.8261308593100847,0.9164202871713446,0.005915296513204549,0.9223355836845492,0.44299056610121545,0.20207064778271341,0.3452500933892379,0.8736022176322151,0.4795,0.012552305516356348,0.9771045164612736,0.0195,0.0095,0.3662927380927339,0.1000328571608901,0.5569797449163424,0.2,0.017193404491357145,0.9769899468579579,
confounding,confounding,synthetic,confounding_strength,1.0,neural_rep,5,2000,2000,0.5025,2.501779794692993,0.4916015791553449,0.05253618801664173,0.368720146008228,-0.05253618801664175,0.9664879542782492,0.9139517662616075,0.9674766608690138,0.012791749328516677,0.9802684101975305,0.3665460336979565,0.4087614037414589,0.43785257905164876,0.6881363887497475,0.5025,0.015963375239138947,0.9603199240263416,0.0305,0.016,0.37606440161004023,0.1152547001794896,0.6098531315723713,0.15,0.027943533029464323,0.9320319340477532,
confounding,confounding,synthetic,confounding_strength,1.0,neural_rep,6,2000,2000,0.492,2.385469436645508,0.44057975045890335,0.09040694025016616,0.326078283119171,-0.09040694025016621,1.003619649399195,0.9132127091490287,1.0232855406128738,0.012647937417836319,1.0359334780307101,0.315778835242877,0.322943696220903,0.3837913757357955,0.6520255687105965,0.492,0.032312212231972906,0.9655440861709046,0.015,0.0115,0.3553869790666411,0.09680856401643036,0.5423450155934014,0.15,0.026336015377497433,0.9561696257484746,
confounding,confounding,synthetic,confounding_strength,1.0,neural_rep,7,2000,2000,0.5055,2.0121421813964844,0.4974112222240998,0.151903710475491,0.3721239067845014,-0.15190371047549098,0.9985860310672204,0.8466823205917294,0.9845272478409174,0.017723616691400657,1.002250864532318,0.41054427562087636,0.30663382225042846,0.41497635280196876,0.7449130280778351,0.5055,0.028966682825451964,0.9582037089304637,0.009,0.0205,0.38823397631113366,0.11654949019167812,0.5358975997063444,0.25,0.02971233266409221,0.9656940169490835,
confounding,confounding,synthetic,confounding_strength,1.0,neural_rep,8,2000,2000,0.4925,2.843501567840576,0.4572722985218108,0.046748251252134665,0.35608667062274596,0.046748251252134804,1.0063284488837538,1.0530767001358885,1.0310923906568223,0.010868106308785652,1.041960496965608,0.500016930391632,0.3808604428057905,0.37403450606469474,0.5490158473870559,0.4925,0.026265791169016634,0.9673170564827458,0.0175,0.0165,0.376034607786752,0.10186432388624574,0.5277392885616098,0.2,0.02879480163107263,0.9655988709120248,
confounding,confounding,synthetic,confounding_strength,1.0,neural_rep,9,2000,2000,0.4895,3.046295404434204,0.5026834681972275,0.0765889429098574,0.3799073762093422,-0.07658894290985749,1.000148146210073,0.9235592033002156,0.9010592134216068,0.006211486583503123,0.9072707000051099,0.39426445583730146,0.355053395495624,0.4373164620175616,0.7334913864892751,0.4895,0.033181406310617716,0.971011923266994,0.022,0.013,0.37151583848477177,0.11280238399758895,0.5776465505594623,0.25,0.035819472134631776,0.9654650696119208,
confounding,confounding,synthetic,confounding_strength,1.0,neural_rep,10,2000,2000,0.4945,2.5807230472564697,0.5120018219875557,0.19765976984621392,0.38956216564544155,-0.19765976984621392,1.0102761104198241,0.8126163405736102,1.0015559838077843,0.019776938718859105,1.0213329225266434,0.3655145804388919,0.3916221336642584,0.45548786528251756,0.7444094729149517,0.4945,0.027591771242000646,0.9763142187154301,0.022,0.017,0.3785388031951866,0.11058039073535975,0.5904365694326016,0.2,0.034386486017649716,0.9738601279717383,
confounding,confounding,synthetic,confounding_strength,1.0,neural_rep,11,2000,2000,0.485,2.5999529361724854,0.4586361857963683,0.042755436776726,0.34410949423050347,-0.042755436776725934,1.004209171295834,0.9614537345191081,1.011925415995667,0.016036704034767313,1.0279621200304343,0.3719874011792806,0.3872256384270701,0.4048476862846172,0.6238338183410614,0.485,0.030366338101620018,0.9695850252982309,0.018,0.012,0.36369732759483536,0.11056061217099941,0.5745972347548176,0.25,0.02335924492611696,0.9659980123959844,
confounding,confounding,synthetic,confounding_strength,1.0,neural_rep,12,2000,2000,0.4995,2.058117628097534,0.5273611692822223,0.1392284485593207,0.39347382255814256,-0.13922844855932073,1.0076912717470716,0.8684628231877509,1.0085586276437417,0.00777372934407583,1.0163323569878175,0.4230077226929325,0.3423457212486736,0.429020615164143,0.7951379735089349,0.4995,0.02827685261611543,0.9885055248206732,0.031,0.036,0.421993421993422,0.10577004751833623,0.6983956475246054,0.2,0.040759956163083894,0.9790636568070907,
confounding,confounding,synthetic,confounding_strength,1.0,neural_rep,13,2000,2000,0.501,2.220642566680908,0.4921866325050841,0.006764880654690497,0.3670928685013701,-0.006764880654690424,0.9934729095450703,0.9867080288903798,0.9650176218135624,0.006962785832203111,0.9719804076457655,0.48801845873732064,0.2993469029156058,0.3506602727923869,0.7199010443098638,0.501,0.029797982132540864,0.9680958843119472,0.009,0.01,0.33170132680530723,0.09860889392293262,0.5433266313618397,0.15,0.02854443844361873,0.9794365695399461,
confounding,confounding,synthetic,confounding_strength,1.0,neural_rep,14,2000,2000,0.504,2.841214418411255,0.4731695766229461,0.03401815766458505,0.35373794037189055,-0.034018157664585096,0.9864716718243007,0.9524535141597157,0.8450019850397447,0.008629182045822414,0.8536311670855671,0.45501893122860043,0.30630176195098974,0.3473783217664936,0.6884933531866143,0.504,0.026168134819385156,0.9728339103810405,0.0285,0.0225,0.40890616999487966,0.11686818516322106,0.6312584881353379,0.15,0.02434791943468717,0.9664973002302226,
confounding,confounding,synthetic,confounding_strength,1.0,neural_rep,15,2000,2000,0.5215,2.8419182300567627,0.4650701217626518,0.11640552478835364,0.35034180586766445,-0.11640552478835368,0.9872567721697856,0.8708512473814319,1.0445132125921994,0.012052395676442673,1.056565608268642,0.3604515168055202,0.3337353058642887,0.41519100272246356,0.6719172222349236,0.5215,0.037102515922878956,0.9651806227952491,0.01,0.016,0.371492890354265,0.09627517763497498,0.6111511999687926,0.15,0.027938846745364655,0.9594469453739467,
confounding,confounding,synthetic,confounding_strength,1.0,neural_rep,16,2000,2000,0.4965,2.690826654434204,0.5285292723716652,0.10321063704526479,0.4115095483597786,0.10321063704526486,1.003893844164219,1.1071044812094837,1.0075246180318564,0.013865048049352069,1.0213896660812085,0.6005409424217532,0.40722339821748077,0.40494798755184486,0.6533831761011285,0.4965,0.018099334507720503,0.9792576526507237,0.03,0.0315,0.40525785763502414,0.11553145485936378,0.7482541978535057,0.25,0.03181518901303306,0.9629198231247029,
confounding,confounding,synthetic,confounding_strength,1.0,neural_rep,17,2000,2000,0.4925,2.1766180992126465,0.48449552741451185,0.15768824017772098,0.3621198532813753,-0.15768824017772087,0.9793423811024536,0.8216541409247327,0.8872198672425629,0.013814411997801535,0.9010342792403644,0.3400065586591979,0.3332296569560539,0.4293156982167261,0.7266259226018771,0.4925,0.026105301253780168,0.9739059966570436,0.0175,0.012,0.3656222650096272,0.09827040729878243,0.5912218839904231,0.15,0.02369437964679253,0.9690666264366539,
confounding,confounding,synthetic,confounding_strength,1.0,neural_rep,18,2000,2000,0.514,3.378584861755371,0.5233887867946463,0.0050280148393999635,0.40811120290251995,0.005028014839400088,0.9985727292068496,1.0036007440462495,1.0641727866043922,0.01529601014031945,1.0794687967447116,0.5561299134779171,0.39950221940871805,0.4351992220681716,0.66140942063392,0.514,0.030865142260502444,0.9682530219498647,0.017,0.0255,0.3949656530720085,0.10901040600335313,0.6484246353759319,0.2,0.04548582124628716,0.9568863136044911,
confounding,confounding,synthetic,confounding_strength,1.0,neural_rep,19,2000,2000,0.49,2.5564892292022705,0.45744729646192733,0.08560938742830371,0.345499492487763,-0.08560938742830379,1.0013442425231096,0.9157348550948059,0.9241203645571012,0.007375493811218159,0.9314958583683194,0.33168485201349407,0.34178463865740094,0.43369457539395784,0.6496995853144565,0.49,0.028639032735851253,0.9603535998158355,0.011,0.0115,0.3667066826730692,0.10183948103512781,0.5686019813182949,0.2,0.02597494661414801,0.964467516427441,
confounding,confounding,synthetic,confounding_strength,1.0,neural_rep,20,2000,2000,0.4815,2.9280641078948975,0.46033637250075116,0.12061152905211447,0.3504016252626787,-0.12061152905211472,0.9972729066129272,0.8766613775608127,1.02372414985116,0.010517426058678003,1.034241575909838,0.34690610196881017,0.34726592537608464,0.4071312164542689,0.6640369036932855,0.4815,0.045887744475715864,0.9605413717677646,0.0205,0.021,0.36713560864823946,0.10814924866513102,0.608090504467289,0.2,0.06087925632310017,0.9557405797190407,
confounding,confounding,synthetic,confounding_strength,1.0,neural_rep,21,2000,2000,0.485,2.569896697998047,0.4895940294223606,0.08159711295351213,0.3648510706834387,-0.0815971129535121,0.9942709486025046,0.9126738356489925,0.9750762951073835,0.011168547464324496,0.986244842571708,0.41827106769626865,0.3323451382678852,0.4030472946830863,0.7148133713289521,0.485,0.023477663499994285,0.9779659564066838,0.024,0.014,0.36293664297868083,0.1018585086015494,0.6105872151172923,0.15,0.032872322840714174,0.9759708490075967,
confounding,confounding,synthetic,confounding_strength,1.0,neural_rep,22,2000,2000,0.4845,2.3400492668151855,0.5102201927166267,0.10339786148756325,0.378160798799237,-0.10339786148756323,1.005694401834314,0.9022965403467507,1.0250069363987997,0.011601238555741356,1.036608174954541,0.3880289446163499,0.37467989514165007,0.4421580534592178,0.7448780774736802,0.4845,0.034219647218210955,0.9715700675033144,0.019,0.012,0.39171643949835794,0.11215321185551727,0.5721118836119686,0.15,0.03711008186248405,0.9579292297150516,
confounding,confounding,synthetic,confounding_strength,1.0,neural_rep,23,2000,2000,0.5095,2.450226068496704,0.44778899480980977,0.07765081267442375,0.3477063770302956,-0.07765081267442384,0.9863786558371623,0.9087278431627386,0.9727892443237411,0.015868896701846325,0.9886581410255875,0.4164363562026131,0.33886346935350004,0.3731035320835368,0.6120506516688864,0.5095,0.03343433008754991,0.9807621761707214,0.0125,0.0145,0.35997595131842597,0.10462234707657854,0.5771773054928375,0.2,0.025464782350892595,0.9732012578498234,
confounding,confounding,synthetic,confounding_strength,1.0,neural_rep,24,2000,2000,0.4985,2.3639092445373535,0.48708230922021084,0.09426125157155785,0.35513022657950305,-0.0942612515715578,0.9987093506981598,0.904448099126602,0.9600391186826043,0.008231079082030912,0.9682701977646352,0.35068729675402044,0.29717476761832395,0.3906395340677017,0.7649202805723574,0.4985,0.02606832422755538,0.9746277408550127,0.025,0.0215,0.38979050811457305,0.11282957453595018,0.5910811456998403,0.25,0.03061599735796627,0.9782816224506061,
confounding,confounding,synthetic,confounding_strength,1.0,neural_rep,25,2000,2000,0.494,2.8208422660827637,0.46604344186883245,0.02302066899736388,0.3538218434436335,-0.023020668997364022,0.9991239276584803,0.9761032586611165,0.953374632002294,0.013897164409460205,0.9672717964117542,0.4057476919071485,0.39936127498742263,0.43654507609335286,0.5950577601602065,0.494,0.03541556417481448,0.9655634999167437,0.0085,0.0085,0.3181378118449057,0.10049890231683926,0.600592811033575,0.15,0.03899025445080996,0.9756290023588512,
confounding,confounding,synthetic,confounding_strength,1.0,neural_rep,26,2000,2000,0.5015,2.899280548095703,0.5373866513119134,0.16723421028000418,0.3977476148794379,-0.167234210280004,1.0171306539049356,0.8498964436249314,1.0072157123076897,0.017940944991006624,1.0251566572986963,0.4364236054709767,0.36385933483019317,0.4618335292624938,0.7867580722982891,0.5015,0.02970454911521404,0.9676002971135022,0.0275,0.023,0.3818444365999294,0.10436878847557915,0.6772436761102943,0.15,0.033894051748721864,0.9581517856447924,
confounding,confounding,synthetic,confounding_strength,1.0,neural_rep,27,2000,2000,0.5025,2.5944604873657227,0.5123130273093763,0.03251627107369148,0.3984110106040581,-0.032516271073691566,0.9959384935616975,0.963422222488006,0.9485728817233713,0.014050339791362498,0.9626232215147338,0.45928054085289566,0.39726303915534544,0.45416761532254835,0.6890818467430054,0.5025,0.018838961581934238,0.9719022664894751,0.0185,0.014,0.35241381034525865,0.1148452780017188,0.6144849196634338,0.25,0.017249130780206557,0.9643938427362861,
confounding,confounding,synthetic,confounding_strength,1.0,neural_rep,28,2000,2000,0.5155,1.873258113861084,0.5361913000902904,0.023502903277185627,0.41043002334595835,0.023502903277185513,0.9766359953808899,1.0001388986580755,0.839839203712656,0.008148458540031656,0.8479876622526876,0.6390474615087168,0.30324379921827427,0.2611142304863161,0.7625518605200136,0.5155,0.054322568352990576,0.9714135389687693,0.007,0.008,0.33972147233491384,0.09347980992333009,0.5192338131723825,0.15,0.04987510113925712,0.9689901252091718,
confounding,confounding,synthetic,confounding_strength,1.0,neural_rep,29,2000,2000,0.499,2.3010573387145996,0.5253119342693273,0.15347899509135865,0.38441307316059115,-0.15347899509135857,0.9856623929546574,0.8321833978632988,0.8666940581292072,0.021467702256497634,0.8881617603857048,0.3556681562328906,0.3819488766672176,0.457397350218857,0.788805042713625,0.499,0.012072386528027395,0.9788842501699636,0.0265,0.021,0.3819295277181109,0.11317612905105323,0.6367503934939059,0.25,0.027173964070335486,0.9682146497692586,
confounding,confounding,synthetic,confounding_strength,2.0,s_learner,0,2000,2000,0.499,1.8883228302001953,0.6002814171082566,0.4309917599162225,0.4649276755450993,-0.43099175991622246,0.988634815670337,0.5576430557541144,0.966353141975488,0.00828810780065381,0.9746412497761419,0.2148832705964898,0.41255726789154984,0.4803578030082888,0.9971104155100642,0.499,0.0014952215818768806,0.9980337913665922,0.123,0.1295,0.5718662874651499,0.14203982902704776,0.9104280030679212,0.25,0.0009712938983009934,0.9984302399064274,
confounding,confounding,synthetic,confounding_strength,2.0,s_learner,1,2000,2000,0.5105,1.8755731582641602,0.7137169816571016,0.5392912687493531,0.554532136109258,-0.5392912687493531,0.9947717733296532,0.4554805045803001,1.0546675088670585,0.009231741914797809,1.0638992507818563,0.2510806011700969,0.4625553848781231,0.5582015455437876,1.2037357691004016,0.5105,0.0022316345866352748,0.9980915377038185,0.1315,0.1455,0.5844887595429584,0.1416817875291552,0.8533954996058057,0.2,0.002558346252843783,0.998262172628757,
confounding,confounding,synthetic,confounding_strength,2.0,s_learner,2,2000,2000,0.49,1.9182138442993164,0.6494617434069277,0.4742636572297554,0.5062436910782202,-0.4742636572297554,0.9804604494287746,0.5061967921990193,0.9326646140273906,0.004981840471487864,0.9376464544988785,0.21246862098787436,0.3866976089993368,0.5272646037017791,1.1020509546157915,0.49,0.0011167402698979232,0.9990828150015654,0.15,0.131,0.5794717887154862,0.14417186400550386,0.9382870770090245,0.2,0.001601387517899445,0.9987611211091061,
confounding,confounding,synthetic,confounding_strength,2.0,s_learner,3,2000,2000,0.506,1.9232501983642578,0.6646559381133927,0.5072249920009809,0.5363902187378339,-0.5072249920009809,1.0087926713972664,0.5015676793962854,0.8912900567591562,0.011228359268159571,0.9025184160273158,0.2773028667182824,0.5072530049709034,0.5645080416679176,1.0555558934645006,0.506,0.0009766886530038783,0.9979228753006492,0.1245,0.139,0.5584684194524011,0.15133440075318144,0.955832963368582,0.15,0.0008457942954147111,0.9982092317664979,
confounding,confounding,synthetic,confounding_strength,2.0,s_learner,4,2000,2000,0.487,1.8029365539550781,0.6822031888124626,0.5317071855933331,0.5501118838596363,-0.531707185593333,0.9903193784566898,0.45861219286335675,0.9177559303676613,0.004579653316887811,0.9223355836845492,0.22283972539064795,0.45861298484192764,0.5675002402970245,1.1311785126533245,0.487,0.00033349188001739126,0.999146794657592,0.132,0.119,0.5701914494198078,0.13479144239865753,0.823212319418831,0.2,0.0003055798826452782,0.9994449347111151,
confounding,confounding,synthetic,confounding_strength,2.0,s_learner,5,2000,2000,0.5,1.820570945739746,0.6713394770892388,0.4711840072140504,0.5214880936841477,-0.47118400721405046,0.9664879542782492,0.4953039470641988,0.9703347174893495,0.009933692708181008,0.9802684101975305,0.24113122197066955,0.40117987687351375,0.5179310311981713,1.1469283591831239,0.5,0.00030246111815194533,0.9971994069887791,0.158,0.148,0.576,0.1525090051220931,0.9050378891570118,0.2,0.0008246908788651081,0.9947037055828588,
confounding,confounding,synthetic,confounding_strength,2.0,s_learner,6,2000,2000,0.5035,1.790937900543213,0.6922793875875157,0.5355040008065972,0.5665118422244132,-0.5355040008065974,1.003619649399195,0.46811564859259763,1.0259583137863715,0.009975164244338641,1.0359334780307101,0.23935647792428044,0.47121465041544486,0.6539347800013852,1.1000170612896223,0.5035,0.0013698851953383652,0.9975804683579379,0.1285,0.13,0.5626505698779241,0.14185099304674093,0.8686346125624044,0.2,0.0007301877544001296,0.9979005869446912,
confounding,confounding,synthetic,confounding_strength,2.0,s_learner,7,2000,2000,0.51,1.8213624954223633,0.6794298018324815,0.5167755757870084,0.5463192564648084,-0.5167755757870084,0.9985860310672204,0.48181045528021205,0.9900634916499957,0.0121873728823223,1.002250864532318,0.2726505842191088,0.43764274581438445,0.5485416388798228,1.1312523939636825,0.51,0.0009521209888639005,0.9985205767614624,0.1235,0.142,0.5769107643057223,0.15091819515050664,0.8305194614335946,0.3,0.0009356981514776609,0.9987380492783596,
confounding,confounding,synthetic,confounding_strength,2.0,s_learner,8,2000,2000,0.499,1.8790483474731445,0.7039383080808802,0.500151471906145,0.550201241062184,-0.500151471906145,1.0063284488837538,0.5061769769776089,1.032667093249965,0.009293403715642912,1.041960496965608,0.252412942804341,0.39641458660902634,0.5747827139136464,1.196195878587449,0.499,0.0007158861344222356,0.9990813436053925,0.1365,0.137,0.5739902959611839,0.14212709122550993,0.8292557015388704,0.2,0.0008771925079212338,0.998730798774679,
confounding,confounding,synthetic,confounding_strength,2.0,s_learner,9,2000,2000,0.498,1.8467521667480469,0.768078309531241,0.5919179659638524,0.6136195742515738,-0.5919179659638525,1.000148146210073,0.4082301802462206,0.8986698202632109,0.008600879741899048,0.9072707000051099,0.2624265011166401,0.4871882808463681,0.6428937093653337,1.2807204016746183,0.498,0.0014049232021864863,0.9990312990800561,0.1425,0.13,0.5662410598569577,0.1563961160362114,0.8361638333270652,0.3,0.0013765540347884901,0.9987205651507035,
confounding,confounding,synthetic,confounding_strength,2.0,s_learner,10,2000,2000,0.4855,1.8527908325195312,0.7203673259682005,0.5655651439763257,0.5910175813767732,-0.5655651439763257,1.0102761104198241,0.4447109664434984,1.011270636237864,0.010062286288779365,1.0213329225266434,0.27757861477903767,0.5074790492204129,0.6355431408927791,1.156380724750348,0.4855,0.0008024197002596711,0.9992436981064589,0.162,0.1325,0.6006201215222001,0.15922898129075802,0.8896558270166215,0.2,0.0012649957049650756,0.9992791735328809,
confounding,confounding,synthetic,confounding_strength,2.0,s_learner,11,2000,2000,0.4885,1.8753273487091064,0.6606359690001405,0.4710822401538479,0.5110151160489669,-0.4710822401538478,1.004209171295834,0.5331269311419862,1.0203016582508238,0.00766046177961055,1.0279621200304343,0.2514581705052053,0.48249059752528295,0.5452192708690918,1.0735302010683563,0.4885,0.0007074683552017738,0.9989042507603635,0.1475,0.1395,0.5674381747944662,0.14756530834315662,0.9487114443142758,0.2,0.0005710441636189669,0.9987610667944959,
confounding,confounding,synthetic,confounding_strength,2.0,s_learner,12,2000,2000,0.501,1.8646855354309082,0.6982133318484142,0.5496021378792693,0.5702336193892509,-0.5496021378792691,1.0076912717470716,0.45808913386780237,1.0088595480509346,0.0074728089368829576,1.0163323569878175,0.28513783169242485,0.5086471111544408,0.5898910378838427,1.1233924175281593,0.501,0.0015991079431118673,0.9997330421898478,0.1565,0.1565,0.5991083964335857,0.14638550897227642,0.9978682215947104,0.25,0.0018001147354299544,0.9995423735135499,
confounding,confounding,synthetic,confounding_strength,2.0,s_learner,13,2000,2000,0.507,1.8673973083496094,0.6653006351919556,0.5007320691964687,0.5337850257299084,-0.5007320691964687,0.9934729095450703,0.49274084034860155,0.9651895367364907,0.006790870909274882,0.9719804076457655,0.25828800267382546,0.4587494315127476,0.5401173430294365,1.0961793937433768,0.507,0.0015204140700325627,0.999388675350094,0.119,0.124,0.5272633436153487,0.1465383948900013,0.9198538875643095,0.2,0.0008615741224519784,0.9995588594093645,
confounding,confounding,synthetic,confounding_strength,2.0,s_learner,14,2000,2000,0.5055,1.897345781326294,0.662313379744667,0.444837846645474,0.47927748204622567,-0.4448378466454741,0.9864716718243007,0.5416338251788267,0.843920287269109,0.009710879816458129,0.8536311670855671,0.26433717122464995,0.42265745174539776,0.44119392137207314,1.1451945311136376,0.5055,0.0003895748271293115,0.9994940619256016,0.167,0.1655,0.6197129852712178,0.1618199520998695,0.9449235795653114,0.3,0.000621632285239003,0.9987983823594512,
confounding,confounding,synthetic,confounding_strength,2.0,s_learner,15,2000,2000,0.515,1.900101900100708,0.6568320089851629,0.5070986939006399,0.5415243047073414,-0.5070986939006399,0.9872567721697856,0.4801580782691457,1.0471346236586017,0.009430984610040438,1.056565608268642,0.24442274607471293,0.47937343094244417,0.5774491482463766,1.050106788953981,0.515,0.0008786524265427293,0.9989386833740715,0.1365,0.1465,0.5998598738864979,0.14975514960218128,0.9479831575577664,0.25,0.0008244065773004925,0.9982145025423583,
confounding,confounding,synthetic,confounding_strength,2.0,s_learner,16,2000,2000,0.501,1.8484971523284912,0.7724645609892767,0.5583342818143027,0.5967624649973823,-0.5583342818143028,1.003893844164219,0.44555956234991617,1.0078563964977452,0.013533269583463348,1.0213896660812085,0.26893949111856624,0.4514871450331912,0.5918036265660653,1.3268026859738196,0.501,0.0008311226620164129,0.9992517600968874,0.1495,0.151,0.5959783839135356,0.14522072958813034,0.991100181056686,0.2,0.0010773435205877803,0.9985175188738321,
confounding,confounding,synthetic,confounding_strength,2.0,s_learner,17,2000,2000,0.4865,1.9280459880828857,0.6143262002474528,0.4484936967342106,0.47880388677150293,-0.4484936967342105,0.9793423811024536,0.5308486843682431,0.8916707085911343,0.009363570649230102,0.9010342792403644,0.2544746735741121,0.4367449320590172,0.5014612307814209,1.0013090732112588,0.4865,0.0010847352058093555,0.998420661932304,0.1285,0.1065,0.5390669798282949,0.13756437144845146,0.8758456726437328,0.2,0.0005879407301897885,0.9989808582117692,
confounding,confounding,synthetic,confounding_strength,2.0,s_learner,18,2000,2000,0.5095,1.9560160636901855,0.6529856259744231,0.4275031367562627,0.47316001759639964,-0.42750313675626267,0.9985727292068496,0.5710695924505869,1.07132145551174,0.008147341232971561,1.0794687967447116,0.21307973609643394,0.32248483874980793,0.43993266667301306,1.1673134602806534,0.5095,0.0024528594675820373,0.9972583186741077,0.122,0.1345,0.5752906799354567,0.14189029337926745,0.9104319952678793,0.25,0.0022629412106222146,0.9979715796953583,
confounding,confounding,synthetic,confounding_strength,2.0,s_learner,19,2000,2000,0.499,1.872830867767334,0.7362340282557909,0.538772445869653,0.5629679979821737,-0.538772445869653,1.0013442425231096,0.46257179665345666,0.8986532287551612,0.0328426296131582,0.9314958583683194,0.22167310617724642,0.43456431803043777,0.5810144276797052,1.2619822897994613,0.499,0.000701954806544061,0.9985087798326773,0.1395,0.137,0.5731162924651698,0.1442474119326433,0.9357627553595851,0.2,0.0007097911161647633,0.998642886173942,
confounding,confounding,synthetic,confounding_strength,2.0,s_learner,20,2000,2000,0.4815,1.961249828338623,0.7116846568297368,0.545424137377684,0.5770832380017135,-0.5454241373776841,0.9972729066129272,0.4518487692352432,1.0224153556803044,0.011826220229533613,1.034241575909838,0.24909275985440935,0.5252530871404619,0.6553599483411574,1.1218491576924434,0.4815,0.0033140082587627168,0.9979734056065377,0.1575,0.12,0.5651096350904388,0.14692775155282967,0.8858466459929019,0.2,0.004179714659410753,0.997857454562558,
confounding,confounding,synthetic,confounding_strength,2.0,s_learner,21,2000,2000,0.4845,1.8897712230682373,0.6331146593564553,0.46734190805141296,0.49880219223623384,-0.467341908051413,0.9942709486025046,0.5269290405510917,0.9812026531933655,0.005042189378342443,0.986244842571708,0.2416199815297231,0.4900853682005694,0.5326364778199675,1.010480671000188,0.4845,0.0010093459607899001,0.9992581900854626,0.142,0.1245,0.556161471173798,0.14462782057397996,0.8917919200013616,0.2,0.0011525563841933604,0.9993934455375767,
confounding,confounding,synthetic,confounding_strength,2.0,s_learner,22,2000,2000,0.492,1.9094603061676025,0.6838980101710149,0.5051993223818092,0.5305411623119246,-0.5051993223818093,1.005694401834314,0.5004950794525047,1.0301140642944289,0.0064941106601121845,1.036608174954541,0.2414270872754528,0.4706592594982021,0.5519751731269827,1.1341878964674361,0.492,0.0013655603132671564,0.9987240725925774,0.1425,0.1415,0.5863501056270405,0.1486544683814118,0.8568162626429832,0.2,0.0014813462542864048,0.9980725357722156,
confounding,confounding,synthetic,confounding_strength,2.0,s_learner,23,2000,2000,0.503,1.9058849811553955,0.6625664372925767,0.48349560814373727,0.5211588041700297,-0.4834956081437373,0.9863786558371623,0.5028830476934251,0.9832064746284171,0.005451666397170318,0.9886581410255875,0.2152071686007081,0.3423151113696741,0.5593794927704242,1.1311843163185427,0.503,0.0008931762168532029,0.9994679716490871,0.1365,0.145,0.5675164305915013,0.1491919895506692,0.8596220204497306,0.2,0.0006814886833321384,0.9992413804119398,
confounding,confounding,synthetic,confounding_strength,2.0,s_learner,24,2000,2000,0.4945,1.9629967212677002,0.7054422477200646,0.47995342574373623,0.5389361852687901,-0.47995342574373634,0.9987093506981598,0.5187559249544236,0.9573610822811535,0.010909115483481724,0.9682701977646352,0.2621428115663507,0.44640421057087015,0.5546137051842815,1.1895390387136513,0.4945,0.0009980899810774226,0.9995326336514287,0.147,0.1405,0.575970692453787,0.1608143156775625,0.879773304029847,0.25,0.0009952736926221253,0.9995067775287626,
confounding,confounding,synthetic,confounding_strength,2.0,s_learner,25,2000,2000,0.5045,1.936896562576294,0.6480954307919206,0.43160898443595297,0.48446686536121136,-0.4316089844359532,0.9991239276584803,0.5675149432225274,0.957833654873701,0.009438141538053224,0.9672717964117542,0.22562490902418456,0.35184839090276054,0.5091007487008684,1.1163437139038508,0.5045,0.0015378761531354434,0.9992303589703331,0.1285,0.138,0.559027281209778,0.1582579420158991,0.9344529385138154,0.3,0.0016413945090097437,0.999375638501282,
confounding,confounding,synthetic,confounding_strength,2.0,s_learner,26,2000,2000,0.5085,1.8610942363739014,0.7657763189615565,0.5720309827645698,0.6155293796657388,-0.5720309827645697,1.0171306539049356,0.4450996711403658,1.0191712024314858,0.005985454867210471,1.0251566572986963,0.23338062093012743,0.4784478499406856,0.6590932956228875,1.2758803435493513,0.5085,0.000918948162174525,0.99896163370539,0.154,0.1685,0.6048688070852476,0.15698877534363093,0.9661013646934622,0.2,0.001227817326691014,0.9980937199441322,
confounding,confounding,synthetic,confounding_strength,2.0,s_learner,27,2000,2000,0.4995,1.9543612003326416,0.7687820778982112,0.603145365105725,0.6359264819508252,-0.6031453651057251,0.9959384935616975,0.3927931284559725,0.955688618954531,0.0069346025602027295,0.9626232215147338,0.25835039343690036,0.5174189944778679,0.6804595912023274,1.2516432943515647,0.4995,0.0002186905000375898,0.9987017129081636,0.1445,0.147,0.5810545810545811,0.14494508596032563,0.9433736014587417,0.2,0.0003075982095984974,0.998637052354386,
confounding,confounding,synthetic,confounding_strength,2.0,s_learner,28,2000,2000,0.52,1.8785347938537598,0.6915772116044453,0.48063738766084774,0.5353465426310855,-0.4806373876608477,0.9766359953808899,0.4959986077200421,0.8365403097223896,0.01144735253029805,0.8479876622526876,0.22876449756943137,0.4263844355339653,0.6020642544918506,1.1473874278950762,0.52,0.0022072801766917435,0.9992725490327808,0.128,0.158,0.5885416666666666,0.15139589248156424,0.8588359825422991,0.2,0.0027446212587001278,0.998975654716854,
confounding,confounding,synthetic,confounding_strength,2.0,s_learner,29,2000,2000,0.4895,1.8607347011566162,0.7040587673630279,0.5050131201069827,0.537693322208223,-0.5050131201069825,0.9856623929546574,0.4806492728476747,0.8778039976986265,0.010357762687078331,0.8881617603857048,0.19827663847123253,0.38187019624710655,0.552485178204586,1.221645057830619,0.4895,0.0004725718615824881,0.9986822753388868,0.1525,0.1305,0.580108827993145,0.14231717390558257,0.9128818798365818,0.15,0.0007786946020534828,0.9989221148820953,
confounding,confounding,synthetic,confounding_strength,2.0,t_learner,0,2000,2000,0.499,1.9000837802886963,0.9722914015041884,0.280179276388857,0.7677249293974682,-0.280179276388857,0.988634815670337,0.70845553928148,0.8195189446804098,0.1551223050957321,0.9746412497761419,1.0065428043397031,0.9724903633388434,0.8753669444062555,1.0277495155152458,0.499,0.0014952215818768806,0.9980337913665922,0.123,0.1295,0.5718662874651499,0.14203982902704776,0.9104280030679212,0.25,0.0009712938983009934,0.9984302399064274,
confounding,confounding,synthetic,confounding_strength,2.0,t_learner,1,2000,2000,0.5105,1.7948894500732422,0.9544054300400083,0.33547935119707706,0.7491945517826867,-0.33547935119707706,0.9947717733296532,0.6592924221325761,0.906419272095028,0.15747997868682828,1.0638992507818563,1.0097970805987813,0.9016849701629925,0.8557678923725349,1.0385057941773963,0.5105,0.0022316345866352748,0.9980915377038185,0.1315,0.1455,0.5844887595429584,0.1416817875291552,0.8533954996058057,0.2,0.002558346252843783,0.998262172628757,
confounding,confounding,synthetic,confounding_strength,2.0,t_learner,2,2000,2000,0.49,1.8245763778686523,0.9421205498693422,0.21012355439035746,0.7520795498838533,-0.21012355439035751,0.9804604494287746,0.7703368950384172,0.8021670104940619,0.1354794440048166,0.9376464544988785,0.967270936648229,0.8611427624780345,0.8850112653683686,1.0440017528064232,0.49,0.0011167402698979232,0.9990828150015654,0.15,0.131,0.5794717887154862,0.14417186400550386,0.9382870770090245,0.2,0.001601387517899445,0.9987611211091061,
confounding,confounding,synthetic,confounding_strength,2.0,t_learner,3,2000,2000,0.506,1.8569157123565674,0.9590519718902695,0.34265871750996213,0.7534653331556495,-0.34265871750996213,1.0087926713972664,0.6661339538873042,0.7459517079533196,0.1565667080739962,0.9025184160273158,0.9529109498609025,0.9247341719880462,0.9006559844565906,1.0510799063828407,0.506,0.0009766886530038783,0.9979228753006492,0.1245,0.139,0.5584684194524011,0.15133440075318144,0.955832963368582,0.15,0.0008457942954147111,0.9982092317664979,
confounding,confounding,synthetic,confounding_strength,2.0,t_learner,4,2000,2000,0.487,1.903637170791626,1.0317765258642195,0.3473433977622278,0.8256271177285663,-0.3473433977622278,0.9903193784566898,0.642975980694462,0.7296642467149297,0.19267133696961947,0.9223355836845492,1.0378404325798407,1.0186052830792236,0.9442837776352376,1.118887777383533,0.487,0.00033349188001739126,0.999146794657592,0.132,0.119,0.5701914494198078,0.13479144239865753,0.823212319418831,0.2,0.0003055798826452782,0.9994449347111151,
confounding,confounding,synthetic,confounding_strength,2.0,t_learner,5,2000,2000,0.5,1.8301560878753662,0.8993242742554488,0.16571690582840448,0.7084350570940121,-0.16571690582840454,0.9664879542782492,0.8007710484498447,0.8433883245292529,0.13688008566827758,0.9802684101975305,0.8289020405921218,0.8548936028894443,0.851922242672611,1.0447216989901902,0.5,0.00030246111815194533,0.9971994069887791,0.158,0.148,0.576,0.1525090051220931,0.9050378891570118,0.2,0.0008246908788651081,0.9947037055828588,
confounding,confounding,synthetic,confounding_strength,2.0,t_learner,6,2000,2000,0.5035,1.8126330375671387,0.9230255111380312,0.2721234490797634,0.7192687642845237,-0.27212344907976344,1.003619649399195,0.7314962003194315,0.893087649587704,0.14284582844300608,1.0359334780307101,0.9551223692964076,0.9364363717845354,0.7927139181507686,0.9951568731035241,0.5035,0.0013698851953383652,0.9975804683579379,0.1285,0.13,0.5626505698779241,0.14185099304674093,0.8686346125624044,0.2,0.0007301877544001296,0.9979005869446912,
confounding,confounding,synthetic,confounding_strength,2.0,t_learner,7,2000,2000,0.51,1.8067874908447266,0.9542745233159358,0.3584102123090285,0.7447738832123248,-0.3584102123090285,0.9985860310672204,0.640175818758192,0.8447406430915448,0.1575102214407732,1.002250864532318,0.9598998776696416,0.8714394863822922,0.891534458214586,1.0802366498314269,0.51,0.0009521209888639005,0.9985205767614624,0.1235,0.142,0.5769107643057223,0.15091819515050664,0.8305194614335946,0.3,0.0009356981514776609,0.9987380492783596,
confounding,confounding,synthetic,confounding_strength,2.0,t_learner,8,2000,2000,0.499,1.7947885990142822,1.0091912399114618,0.25194983857179987,0.7912451204323563,-0.25194983857179987,1.0063284488837538,0.754378610311954,0.8628014555869379,0.17915904137867011,1.041960496965608,0.9468767028815308,0.9578737123830051,0.9559889880866419,1.1601100595111717,0.499,0.0007158861344222356,0.9990813436053925,0.1365,0.137,0.5739902959611839,0.14212709122550993,0.8292557015388704,0.2,0.0008771925079212338,0.998730798774679,
confounding,confounding,synthetic,confounding_strength,2.0,t_learner,9,2000,2000,0.498,1.7687568664550781,0.9602477468101176,0.3869040594559633,0.7656501471127616,-0.3869040594559633,1.000148146210073,0.6132440867541097,0.7369703276770041,0.1703003723281058,0.9072707000051099,1.010234031121072,0.901527454568826,0.8951620871635292,1.0264809933672354,0.498,0.0014049232021864863,0.9990312990800561,0.1425,0.13,0.5662410598569577,0.1563961160362114,0.8361638333270652,0.3,0.0013765540347884901,0.9987205651507035,
confounding,confounding,synthetic,confounding_strength,2.0,t_learner,10,2000,2000,0.4855,1.7968144416809082,0.9344160110314892,0.2997849346452456,0.7404375604527399,-0.29978493464524547,1.0102761104198241,0.7104911757745785,0.8694167235838838,0.15191619894275965,1.0213329225266434,0.8882779539702789,0.880129309992153,0.8864091578527802,1.0691803429477353,0.4855,0.0008024197002596711,0.9992436981064589,0.162,0.1325,0.6006201215222001,0.15922898129075802,0.8896558270166215,0.2,0.0012649957049650756,0.9992791735328809,
confounding,confounding,synthetic,confounding_strength,2.0,t_learner,11,2000,2000,0.4885,1.7926311492919922,0.9663264286141989,0.21788027675570498,0.7633173018720911,-0.21788027675570487,1.004209171295834,0.7863288945401291,0.8851407793515775,0.14282134067885677,1.0279621200304343,0.9433351368850286,0.9227391244685517,0.9774437420757568,1.0190299923570192,0.4885,0.0007074683552017738,0.9989042507603635,0.1475,0.1395,0.5674381747944662,0.14756530834315662,0.9487114443142758,0.2,0.0005710441636189669,0.9987610667944959,
confounding,confounding,synthetic,confounding_strength,2.0,t_learner,12,2000,2000,0.501,1.790611982345581,0.8981131831743824,0.19697416885751295,0.706637081626709,-0.196974168857513,1.0076912717470716,0.8107171028895587,0.892114451992778,0.1242179049950396,1.0163323569878175,0.9560907846663151,0.8423927255325543,0.7911318102894448,0.9883342174389272,0.501,0.0015991079431118673,0.9997330421898478,0.1565,0.1565,0.5991083964335857,0.14638550897227642,0.9978682215947104,0.25,0.0018001147354299544,0.9995423735135499,
confounding,confounding,synthetic,confounding_strength,2.0,t_learner,13,2000,2000,0.507,1.8696060180664062,0.892931022781057,0.19133001139383876,0.708116710288287,-0.19133001139383865,0.9934729095450703,0.8021428981512315,0.8484319378385987,0.12354846980716683,0.9719804076457655,0.9168303429803117,0.7351456594018635,0.8034389838843354,1.0783190745820126,0.507,0.0015204140700325627,0.999388675350094,0.119,0.124,0.5272633436153487,0.1465383948900013,0.9198538875643095,0.2,0.0008615741224519784,0.9995588594093645,
confounding,confounding,synthetic,confounding_strength,2.0,t_learner,14,2000,2000,0.5055,1.8650171756744385,0.9468674139235006,0.13725855909001994,0.7417736211621039,-0.13725855909002002,0.9864716718243007,0.8492131127342808,0.7358809909538199,0.11775017613174721,0.8536311670855671,0.9909658696940776,0.8539212125261941,0.8935607416799748,1.0375866262767166,0.5055,0.0003895748271293115,0.9994940619256016,0.167,0.1655,0.6197129852712178,0.1618199520998695,0.9449235795653114,0.3,0.000621632285239003,0.9987983823594512,
confounding,confounding,synthetic,confounding_strength,2.0,t_learner,15,2000,2000,0.515,1.8452420234680176,0.9639631059542018,0.286435033881821,0.7613063193654077,-0.28643503388182107,0.9872567721697856,0.7008217382879646,0.8852314905399226,0.17133411772871954,1.056565608268642,0.9451899253100576,0.9718821128533084,0.9510741773757417,0.987126411104829,0.515,0.0008786524265427293,0.9989386833740715,0.1365,0.1465,0.5998598738864979,0.14975514960218128,0.9479831575577664,0.25,0.0008244065773004925,0.9982145025423583,
confounding,confounding,synthetic,confounding_strength,2.0,t_learner,16,2000,2000,0.501,1.8673200607299805,0.983288862902576,0.3086377425739395,0.7734812942228273,-0.3086377425739396,1.003893844164219,0.6952561015902794,0.8541363411074279,0.16725332497378065,1.0213896660812085,0.9503998397380501,0.8393643220710169,0.9121532191553268,1.1948272410175829,0.501,0.0008311226620164129,0.9992517600968874,0.1495,0.151,0.5959783839135356,0.14522072958813034,0.991100181056686,0.2,0.0010773435205877803,0.9985175188738321,
confounding,confounding,synthetic,confounding_strength,2.0,t_learner,17,2000,2000,0.4865,1.8049147129058838,0.8994587144967715,0.2051981580899811,0.7155831319848676,-0.20519815808998101,0.9793423811024536,0.7741442230124725,0.7692110686241137,0.13182321061625069,0.9010342792403644,0.868833054089487,0.8809186629018122,0.832653500952874,1.0059341415621994,0.4865,0.0010847352058093555,0.998420661932304,0.1285,0.1065,0.5390669798282949,0.13756437144845146,0.8758456726437328,0.2,0.0005879407301897885,0.9989808582117692,
confounding,confounding,synthetic,confounding_strength,2.0,t_learner,18,2000,2000,0.5095,1.81693696975708,0.9483717399331898,0.13849042649586663,0.7556808971775417,-0.13849042649586657,0.9985727292068496,0.860082302710983,0.9481463611231574,0.1313224356215542,1.0794687967447116,0.8999191358186307,0.858927174572507,0.8547819400800669,1.1486397699439623,0.5095,0.0024528594675820373,0.9972583186741077,0.122,0.1345,0.5752906799354567,0.14189029337926745,0.9104319952678793,0.25,0.0022629412106222146,0.9979715796953583,
confounding,confounding,synthetic,confounding_strength,2.0,t_learner,19,2000,2000,0.499,1.8289363384246826,0.8764397750971314,0.26128743395427934,0.6759159212552339,-0.2612874339542795,1.0013442425231096,0.7400568085688303,0.7931156406928567,0.1383802176754627,0.9314958583683194,0.8099450911851283,0.7674982226369997,0.7940924524102011,1.094047221114589,0.499,0.000701954806544061,0.9985087798326773,0.1395,0.137,0.5731162924651698,0.1442474119326433,0.9357627553595851,0.2,0.0007097911161647633,0.998642886173942,
confounding,confounding,synthetic,confounding_strength,2.0,t_learner,20,2000,2000,0.4815,1.8586249351501465,0.9206817818413203,0.3219790386396859,0.7277776355599994,-0.32197903863968624,0.9972729066129272,0.6752938679732413,0.888871065917625,0.14537050999221302,1.034241575909838,0.8939180262195393,0.9109625158301337,0.8483715496788665,1.020756261066132,0.4815,0.0033140082587627168,0.9979734056065377,0.1575,0.12,0.5651096350904388,0.14692775155282967,0.8858466459929019,0.2,0.004179714659410753,0.997857454562558,
confounding,confounding,synthetic,confounding_strength,2.0,t_learner,21,2000,2000,0.4845,1.783280611038208,1.0088602252513525,0.2807894942685887,0.7859199475641528,-0.28078949426858857,0.9942709486025046,0.713481454333916,0.8098787492591564,0.1763660933125516,0.986244842571708,0.9492691786222519,1.0240565417875214,0.9035957276555043,1.1423251739673672,0.4845,0.0010093459607899001,0.9992581900854626,0.142,0.1245,0.556161471173798,0.14462782057397996,0.8917919200013616,0.2,0.0011525563841933604,0.9993934455375767,
confounding,confounding,synthetic,confounding_strength,2.0,t_learner,22,2000,2000,0.492,1.8139996528625488,0.9579265038937054,0.2777573387988299,0.7552713944409079,-0.27775733879882997,1.005694401834314,0.727937063035484,0.880748271645768,0.15585990330877308,1.036608174954541,1.0035453311696485,0.9872349502056942,0.8676292780118984,0.9674585803870789,0.492,0.0013655603132671564,0.9987240725925774,0.1425,0.1415,0.5863501056270405,0.1486544683814118,0.8568162626429832,0.2,0.0014813462542864048,0.9980725357722156,
confounding,confounding,synthetic,confounding_strength,2.0,t_learner,23,2000,2000,0.503,1.8786380290985107,0.9557624646039447,0.1882995848193343,0.7551295012255296,-0.18829958481933443,0.9863786558371623,0.798079071017828,0.8334158591132248,0.15524228191236267,0.9886581410255875,0.8775214961648243,0.8822893353850367,0.9261804843132168,1.1169775368802364,0.503,0.0008931762168532029,0.9994679716490871,0.1365,0.145,0.5675164305915013,0.1491919895506692,0.8596220204497306,0.2,0.0006814886833321384,0.9992413804119398,
confounding,confounding,synthetic,confounding_strength,2.0,t_learner,24,2000,2000,0.4945,1.8541007041931152,0.944719531422439,0.12881286133081515,0.7424059923071737,-0.12881286133081515,0.9987093506981598,0.8698964893673446,0.8285261196539302,0.139744078110705,0.9682701977646352,0.870690373529644,0.8481644498237504,0.8992842403787649,1.1330415555964852,0.4945,0.0009980899810774226,0.9995326336514287,0.147,0.1405,0.575970692453787,0.1608143156775625,0.879773304029847,0.25,0.0009952736926221253,0.9995067775287626,
confounding,confounding,synthetic,confounding_strength,2.0,t_learner,25,2000,2000,0.5045,1.8396518230438232,0.9811987504856482,0.23180078711779395,0.7719693890588153,-0.23180078711779398,0.9991239276584803,0.7673231405406864,0.8052302617377238,0.16204153467403037,0.9672717964117542,1.0045198676677882,0.9153787624527528,0.9052492809667105,1.0883699958372606,0.5045,0.0015378761531354434,0.9992303589703331,0.1285,0.138,0.559027281209778,0.1582579420158991,0.9344529385138154,0.3,0.0016413945090097437,0.999375638501282,
confounding,confounding,synthetic,confounding_strength,2.0,t_learner,26,2000,2000,0.5085,1.9136343002319336,0.9895357431278471,0.24188831097496455,0.7858343797660258,-0.24188831097496435,1.0171306539049356,0.7752423429299711,0.8620673492501933,0.16308930804850297,1.0251566572986963,0.9341280600220663,0.9413229780128651,0.959317916491031,1.1125416402787052,0.5085,0.000918948162174525,0.99896163370539,0.154,0.1685,0.6048688070852476,0.15698877534363093,0.9661013646934622,0.2,0.001227817326691014,0.9980937199441322,
confounding,confounding,synthetic,confounding_strength,2.0,t_learner,27,2000,2000,0.4995,1.8852770328521729,1.052832742287264,0.38086847475648966,0.8208372666452677,-0.38086847475648966,0.9959384935616975,0.6150700188052078,0.7562897811034888,0.20633344041124502,0.9626232215147338,1.0111272391045738,0.9814494765936471,0.9411958057801509,1.249942486414936,0.4995,0.0002186905000375898,0.9987017129081636,0.1445,0.147,0.5810545810545811,0.14494508596032563,0.9433736014587417,0.2,0.0003075982095984974,0.998637052354386,
confounding,confounding,synthetic,confounding_strength,2.0,t_learner,28,2000,2000,0.52,1.8483364582061768,0.9177114818497069,0.13527835283381429,0.7306837924056092,-0.1352783528338142,0.9766359953808899,0.8413576425470756,0.7166102757347412,0.1313773865179464,0.8479876622526876,0.8245381559656204,0.9276676304280317,0.90556320580825,1.0041425858782607,0.52,0.0022072801766917435,0.9992725490327808,0.128,0.158,0.5885416666666666,0.15139589248156424,0.8588359825422991,0.2,0.0027446212587001278,0.998975654716854,
confounding,confounding,synthetic,confounding_strength,2.0,t_learner,29,2000,2000,0.4895,1.9611082077026367,0.9597956459759366,0.2319244434699167,0.75667957780686,-0.23192444346991659,0.9856623929546574,0.7537379494847407,0.7430167120078932,0.14514504837781161,0.8881617603857048,0.8721580861422722,0.8732587414156526,0.922151820997134,1.145087852737479,0.4895,0.0004725718615824881,0.9986822753388868,0.1525,0.1305,0.580108827993145,0.14231717390558257,0.9128818798365818,0.15,0.0007786946020534828,0.9989221148820953,
confounding,confounding,synthetic,confounding_strength,2.0,x_learner,0,2000,2000,0.499,3.67354416847229,0.5476756772976281,0.004485165439051864,0.41398628458154907,-0.004485165439051728,0.988634815670337,0.9841496502312851,0.9412274376208509,0.033413812155290934,0.9746412497761419,0.6365524775696533,0.4680009100865218,0.4814840438098971,0.5862966800419865,0.499,0.0014952215818768806,0.9980337913665922,0.123,0.1295,0.5718662874651499,0.14203982902704776,0.9104280030679212,0.25,0.0009712938983009934,0.9984302399064274,
confounding,confounding,synthetic,confounding_strength,2.0,x_learner,1,2000,2000,0.5105,3.8473384380340576,0.6003389892117196,0.14227443051374733,0.4522162158120036,-0.14227443051374727,0.9947717733296532,0.8524973428159058,1.0136832127050557,0.05021603807680064,1.0638992507818563,0.5680719407964989,0.4971027769019555,0.5056436572603458,0.7849427998392254,0.5105,0.0022316345866352748,0.9980915377038185,0.1315,0.1455,0.5844887595429584,0.1416817875291552,0.8533954996058057,0.2,0.002558346252843783,0.998262172628757,
confounding,confounding,synthetic,confounding_strength,2.0,x_learner,2,2000,2000,0.49,3.7566442489624023,0.49151802989680604,0.010440182486844418,0.3741362142827887,0.010440182486844397,0.9804604494287746,0.9909006319156191,0.9178586852264093,0.01978776927246917,0.9376464544988785,0.5243762764681128,0.4092702122831199,0.4351906660040518,0.5783566314071856,0.49,0.0011167402698979232,0.9990828150015654,0.15,0.131,0.5794717887154862,0.14417186400550386,0.9382870770090245,0.2,0.001601387517899445,0.9987611211091061,
confounding,confounding,synthetic,confounding_strength,2.0,x_learner,3,2000,2000,0.506,3.6323747634887695,0.5843628540619993,0.15811772959338044,0.44585824827536186,-0.15811772959338058,1.0087926713972664,0.8506749418038859,0.8425558384610066,0.05996257756630918,0.9025184160273158,0.5027195522739099,0.479111380786674,0.538418405619995,0.7705522291718911,0.506,0.0009766886530038783,0.9979228753006492,0.1245,0.139,0.5584684194524011,0.15133440075318144,0.955832963368582,0.15,0.0008457942954147111,0.9982092317664979,
confounding,confounding,synthetic,confounding_strength,2.0,x_learner,4,2000,2000,0.487,3.626851797103882,0.5777323861394206,0.11194261358325741,0.4434200486444789,-0.11194261358325734,0.9903193784566898,0.8783767648734324,0.8734066253883972,0.04892895829615196,0.9223355836845492,0.5835682245857332,0.5012952815639392,0.5011251678175809,0.7015151987610685,0.487,0.00033349188001739126,0.999146794657592,0.132,0.119,0.5701914494198078,0.13479144239865753,0.823212319418831,0.2,0.0003055798826452782,0.9994449347111151,
confounding,confounding,synthetic,confounding_strength,2.0,x_learner,5,2000,2000,0.5,3.5969064235687256,0.5655889774852163,0.02556917479243548,0.4144803666624739,-0.025569174792435537,0.9664879542782492,0.9409187794858137,0.9479555147512828,0.032312895446247714,0.9802684101975305,0.5583408126045667,0.4357517762641601,0.4904279288790269,0.7330893116457364,0.5,0.00030246111815194533,0.9971994069887791,0.158,0.148,0.576,0.1525090051220931,0.9050378891570118,0.2,0.0008246908788651081,0.9947037055828588,
confounding,confounding,synthetic,confounding_strength,2.0,x_learner,6,2000,2000,0.5035,3.5997533798217773,0.5109167400639716,0.09027532595932553,0.3834093130304695,-0.09027532595932557,1.003619649399195,0.9133443234398694,1.005209810831502,0.03072366719920816,1.0359334780307101,0.4888697407293875,0.46045142182183085,0.4388968227310582,0.6328539364248291,0.5035,0.0013698851953383652,0.9975804683579379,0.1285,0.13,0.5626505698779241,0.14185099304674093,0.8686346125624044,0.2,0.0007301877544001296,0.9979005869446912,
confounding,confounding,synthetic,confounding_strength,2.0,x_learner,7,2000,2000,0.51,3.593877077102661,0.5826120961030928,0.07811261508855816,0.44148250920242604,-0.07811261508855823,0.9985860310672204,0.9204734159786623,0.9642887980976679,0.037962066434650166,1.002250864532318,0.5363861760154337,0.4938271948797282,0.5538637893871774,0.7206988918300026,0.51,0.0009521209888639005,0.9985205767614624,0.1235,0.142,0.5769107643057223,0.15091819515050664,0.8305194614335946,0.3,0.0009356981514776609,0.9987380492783596,
confounding,confounding,synthetic,confounding_strength,2.0,x_learner,8,2000,2000,0.499,3.5946762561798096,0.6522947242808271,0.06235145861448921,0.4924266277997762,-0.062351458614489264,1.0063284488837538,0.9439769902692646,1.0028213624509905,0.03913913451461748,1.041960496965608,0.7169245486506527,0.5254316598115636,0.54040260869349,0.7873115090136782,0.499,0.0007158861344222356,0.9990813436053925,0.1365,0.137,0.5739902959611839,0.14212709122550993,0.8292557015388704,0.2,0.0008771925079212338,0.998730798774679,
confounding,confounding,synthetic,confounding_strength,2.0,x_learner,9,2000,2000,0.498,3.6919116973876953,0.5897481548621195,0.1748486199293705,0.4504030244934628,-0.17484861992937056,1.000148146210073,0.8252995262807025,0.8538893115745241,0.05338138843058582,0.9072707000051099,0.5350563409107365,0.507765375523374,0.5282689672650652,0.7536792940957185,0.498,0.0014049232021864863,0.9990312990800561,0.1425,0.13,0.5662410598569577,0.1563961160362114,0.8361638333270652,0.3,0.0013765540347884901,0.9987205651507035,
confounding,confounding,synthetic,confounding_strength,2.0,x_learner,10,2000,2000,0.4855,3.6318836212158203,0.6147236880389975,0.18083621507454017,0.467821390029868,-0.18083621507454,1.0102761104198241,0.829439895345284,0.9699623063259559,0.0513706162006875,1.0213329225266434,0.5202794199685506,0.5021216033405561,0.5324240998912643,0.8397908364681897,0.4855,0.0008024197002596711,0.9992436981064589,0.162,0.1325,0.6006201215222001,0.15922898129075802,0.8896558270166215,0.2,0.0012649957049650756,0.9992791735328809,
confounding,confounding,synthetic,confounding_strength,2.0,x_learner,11,2000,2000,0.4885,3.61710262298584,0.575418545708394,0.10725622057119588,0.43716659287518883,-0.10725622057119577,1.004209171295834,0.8969529507246382,0.9886164689819205,0.03934565104851384,1.0279621200304343,0.6117833151528624,0.49545630051203565,0.4858478985633565,0.684559756358584,0.4885,0.0007074683552017738,0.9989042507603635,0.1475,0.1395,0.5674381747944662,0.14756530834315662,0.9487114443142758,0.2,0.0005710441636189669,0.9987610667944959,
confounding,confounding,synthetic,confounding_strength,2.0,x_learner,12,2000,2000,0.501,3.5342533588409424,0.6032193721646084,0.22924291123375096,0.4616353045186863,-0.2292429112337509,1.0076912717470716,0.7784483605133207,0.9587242756112866,0.05760808137653095,1.0163323569878175,0.5856769019797335,0.500047069688229,0.5096334974960127,0.7763398976171942,0.501,0.0015991079431118673,0.9997330421898478,0.1565,0.1565,0.5991083964335857,0.14638550897227642,0.9978682215947104,0.25,0.0018001147354299544,0.9995423735135499,
confounding,confounding,synthetic,confounding_strength,2.0,x_learner,13,2000,2000,0.507,3.583217144012451,0.5115782243037567,0.060136214310720804,0.3904539063797612,-0.06013621431072072,0.9934729095450703,0.9333366952343495,0.9371927211559046,0.03478768648986097,0.9719804076457655,0.5246201235655304,0.4386302532433997,0.44912474201966973,0.6144211188774542,0.507,0.0015204140700325627,0.999388675350094,0.119,0.124,0.5272633436153487,0.1465383948900013,0.9198538875643095,0.2,0.0008615741224519784,0.9995588594093645,
confounding,confounding,synthetic,confounding_strength,2.0,x_learner,14,2000,2000,0.5055,3.6182472705841064,0.5602796309057275,0.06685366450618013,0.4133055390944104,-0.06685366450618019,0.9864716718243007,0.9196180073181206,0.811355107328096,0.04227605975747106,0.8536311670855671,0.4933080762289341,0.43975722613445306,0.49843457318071877,0.7552991192100169,0.5055,0.0003895748271293115,0.9994940619256016,0.167,0.1655,0.6197129852712178,0.1618199520998695,0.9449235795653114,0.3,0.000621632285239003,0.9987983823594512,
confounding,confounding,synthetic,confounding_strength,2.0,x_learner,15,2000,2000,0.515,3.670987606048584,0.5215362755742345,0.10809940048549771,0.39825972787493524,-0.10809940048549767,0.9872567721697856,0.8791573716842879,1.0205937663686915,0.03597184189995062,1.056565608268642,0.5139758626695538,0.4447660914446429,0.47668252608329176,0.6314950932353877,0.515,0.0008786524265427293,0.9989386833740715,0.1365,0.1465,0.5998598738864979,0.14975514960218128,0.9479831575577664,0.25,0.0008244065773004925,0.9982145025423583,
confounding,confounding,synthetic,confounding_strength,2.0,x_learner,16,2000,2000,0.501,3.677290201187134,0.6518520233251726,0.17277264388120406,0.478856685714565,-0.17277264388120414,1.003893844164219,0.8311212002830148,0.9702168878778877,0.05117277820332078,1.0213896660812085,0.5708249233012457,0.45274966728623406,0.5386027632140837,0.9374049020679218,0.501,0.0008311226620164129,0.9992517600968874,0.1495,0.151,0.5959783839135356,0.14522072958813034,0.991100181056686,0.2,0.0010773435205877803,0.9985175188738321,
confounding,confounding,synthetic,confounding_strength,2.0,x_learner,17,2000,2000,0.4865,3.7113375663757324,0.5542518395909348,0.020113250078971134,0.41603881570609863,-0.020113250078971242,0.9793423811024536,0.9592291310234825,0.8644281331591724,0.03660614608119195,0.9010342792403644,0.5704814045915564,0.45754042941715123,0.48772139110818086,0.6753635864327129,0.4865,0.0010847352058093555,0.998420661932304,0.1285,0.1065,0.5390669798282949,0.13756437144845146,0.8758456726437328,0.2,0.0005879407301897885,0.9989808582117692,
confounding,confounding,synthetic,confounding_strength,2.0,x_learner,18,2000,2000,0.5095,3.602008581161499,0.5732252858203564,0.029237281946954297,0.4390503639009637,-0.0292372819469543,0.9985727292068496,0.9693354472598953,1.0498068497889934,0.02966194695571822,1.0794687967447116,0.5573585562385337,0.4934293388281325,0.5007259782617717,0.7137936223310195,0.5095,0.0024528594675820373,0.9972583186741077,0.122,0.1345,0.5752906799354567,0.14189029337926745,0.9104319952678793,0.25,0.0022629412106222146,0.9979715796953583,
confounding,confounding,synthetic,confounding_strength,2.0,x_learner,19,2000,2000,0.499,3.6508352756500244,0.5933055302793087,0.13593178729402622,0.434022790798433,-0.1359317872940263,1.0013442425231096,0.8654124552290834,0.8959554110426999,0.03554044732561945,0.9314958583683194,0.5286402557863823,0.40695034710316436,0.5225147309057528,0.8306353351388667,0.499,0.000701954806544061,0.9985087798326773,0.1395,0.137,0.5731162924651698,0.1442474119326433,0.9357627553595851,0.2,0.0007097911161647633,0.998642886173942,
confounding,confounding,synthetic,confounding_strength,2.0,x_learner,20,2000,2000,0.4815,3.681351900100708,0.5980720681297208,0.12614379844861434,0.46285940974852824,-0.12614379844861445,0.9972729066129272,0.8711291081643129,0.9876730821978565,0.04656849371198146,1.034241575909838,0.5550390950707983,0.5138721018907214,0.501757316030733,0.7790169807898171,0.4815,0.0033140082587627168,0.9979734056065377,0.1575,0.12,0.5651096350904388,0.14692775155282967,0.8858466459929019,0.2,0.004179714659410753,0.997857454562558,
confounding,confounding,synthetic,confounding_strength,2.0,x_learner,21,2000,2000,0.4845,3.6664960384368896,0.5796669060702095,0.1051780799331864,0.44062821710521566,-0.10517807993318644,0.9942709486025046,0.8890928686693182,0.9305317771587749,0.05571306541293308,0.986244842571708,0.6149685661165846,0.4900343581369451,0.5210207885616762,0.6739971931636137,0.4845,0.0010093459607899001,0.9992581900854626,0.142,0.1245,0.556161471173798,0.14462782057397996,0.8917919200013616,0.2,0.0011525563841933604,0.9993934455375767,
confounding,confounding,synthetic,confounding_strength,2.0,x_learner,22,2000,2000,0.492,3.687452793121338,0.5930109384663393,0.050417754624292765,0.4359232332302222,-0.05041775462429286,1.005694401834314,0.9552766472100211,1.000103443238891,0.03650473171564994,1.036608174954541,0.47476815277066425,0.44874788511472335,0.5377355409953188,0.8310889947732312,0.492,0.0013655603132671564,0.9987240725925774,0.1425,0.1415,0.5863501056270405,0.1486544683814118,0.8568162626429832,0.2,0.0014813462542864048,0.9980725357722156,
confounding,confounding,synthetic,confounding_strength,2.0,x_learner,23,2000,2000,0.503,3.6299567222595215,0.5645068464129425,0.08299450586056578,0.42737887506817757,-0.08299450586056599,0.9863786558371623,0.9033841499765966,0.9637642904251944,0.024893850600393064,0.9886581410255875,0.5621520280013019,0.4143368762286621,0.49473460274624675,0.7363556490208744,0.503,0.0008931762168532029,0.9994679716490871,0.1365,0.145,0.5675164305915013,0.1491919895506692,0.8596220204497306,0.2,0.0006814886833321384,0.9992413804119398,
confounding,confounding,synthetic,confounding_strength,2.0,x_learner,24,2000,2000,0.4945,3.6310603618621826,0.610641809150806,0.01885064421451954,0.46790278373517435,-0.01885064421451946,0.9987093506981598,0.9798587064836403,0.9212227017968053,0.04704749596782987,0.9682701977646352,0.65473642972973,0.48834810513730537,0.5581590747419577,0.7161204224211519,0.4945,0.0009980899810774226,0.9995326336514287,0.147,0.1405,0.575970692453787,0.1608143156775625,0.879773304029847,0.25,0.0009952736926221253,0.9995067775287626,
confounding,confounding,synthetic,confounding_strength,2.0,x_learner,25,2000,2000,0.5045,3.642536163330078,0.5709366076255312,0.019420160688222943,0.4357914406714673,-0.019420160688223005,0.9991239276584803,0.9797037669702574,0.9316802964203831,0.03559149999137112,0.9672717964117542,0.5880165994138423,0.4584744120219481,0.4980451954132615,0.7070099825097769,0.5045,0.0015378761531354434,0.9992303589703331,0.1285,0.138,0.559027281209778,0.1582579420158991,0.9344529385138154,0.3,0.0016413945090097437,0.999375638501282,
confounding,confounding,synthetic,confounding_strength,2.0,x_learner,26,2000,2000,0.5085,3.64151668548584,0.6162974268154154,0.059099617653477265,0.47485178474832107,-0.05909961765347709,1.0171306539049356,0.9580310362514584,0.9900426363879421,0.03511402091075422,1.0251566572986963,0.5910546643437363,0.5127888418291301,0.5826748001075848,0.7533141031268751,0.5085,0.000918948162174525,0.99896163370539,0.154,0.1685,0.6048688070852476,0.15698877534363093,0.9661013646934622,0.2,0.001227817326691014,0.9980937199441322,
confounding,confounding,synthetic,confounding_strength,2.0,x_learner,27,2000,2000,0.4995,3.6182050704956055,0.6143904754758163,0.17761005949340525,0.4646382294201232,-0.17761005949340528,0.9959384935616975,0.8183284340682923,0.9086627214169607,0.05396050009777309,0.9626232215147338,0.5664527747787893,0.4714368204395297,0.54745033170568,0.8167492503921973,0.4995,0.0002186905000375898,0.9987017129081636,0.1445,0.147,0.5810545810545811,0.14494508596032563,0.9433736014587417,0.2,0.0003075982095984974,0.998637052354386,
confounding,confounding,synthetic,confounding_strength,2.0,x_learner,28,2000,2000,0.52,3.6628341674804688,0.6028562925251513,0.05477960034971807,0.4630973711543171,0.05477960034971822,0.9766359953808899,1.031415595730608,0.8204063396591715,0.02758132259351609,0.8479876622526876,0.709958916698627,0.49306977166294025,0.5308399155089354,0.6517609674746696,0.52,0.0022072801766917435,0.9992725490327808,0.128,0.158,0.5885416666666666,0.15139589248156424,0.8588359825422991,0.2,0.0027446212587001278,0.998975654716854,
confounding,confounding,synthetic,confounding_strength,2.0,x_learner,29,2000,2000,0.4895,3.6182236671447754,0.6011127534038869,0.09279976137960211,0.44469077928015377,-0.09279976137960208,0.9856623929546574,0.8928626315750553,0.857826298885987,0.030335461499717775,0.8881617603857048,0.5847769838740986,0.47337617521675257,0.5086256791646481,0.7877797684516779,0.4895,0.0004725718615824881,0.9986822753388868,0.1525,0.1305,0.580108827993145,0.14231717390558257,0.9128818798365818,0.15,0.0007786946020534828,0.9989221148820953,
confounding,confounding,synthetic,confounding_strength,2.0,neural_rep,0,2000,2000,0.499,8.568190097808838,0.5539591442454765,0.10156891332199292,0.40968508093976,-0.10156891332199286,0.988634815670337,0.887065902348344,0.952379799171513,0.022261450604628807,0.9746412497761419,0.48913531735302385,0.3788194338870234,0.42040489381972185,0.8173035770462669,0.499,0.0014952215818768806,0.9980337913665922,0.123,0.1295,0.5718662874651499,0.14203982902704776,0.9104280030679212,0.25,0.0009712938983009934,0.9984302399064274,
confounding,confounding,synthetic,confounding_strength,2.0,neural_rep,1,2000,2000,0.5105,2.547606945037842,0.5538626842145138,0.2386497330841546,0.39569588284992585,-0.23864973308415466,0.9947717733296532,0.7561220402454986,1.0406282669838698,0.023270983797986533,1.0638992507818563,0.2975757598145429,0.3764145073518734,0.48506265369550017,0.8726571489863291,0.5105,0.0022316345866352748,0.9980915377038185,0.1315,0.1455,0.5844887595429584,0.1416817875291552,0.8533954996058057,0.2,0.002558346252843783,0.998262172628757,
confounding,confounding,synthetic,confounding_strength,2.0,neural_rep,2,2000,2000,0.49,2.473543405532837,0.5213223211939861,0.13881196682311836,0.38662935580414237,-0.1388119668231185,0.9804604494287746,0.8416484826056563,0.9279727968361898,0.009673657662688684,0.9376464544988785,0.45319763482861525,0.27037769720130317,0.3608959755604208,0.8236320475591656,0.49,0.0011167402698979232,0.9990828150015654,0.15,0.131,0.5794717887154862,0.14417186400550386,0.9382870770090245,0.2,0.001601387517899445,0.9987611211091061,
confounding,confounding,synthetic,confounding_strength,2.0,neural_rep,3,2000,2000,0.506,2.4486567974090576,0.5335680390853804,0.2245384039863505,0.38823875170477373,-0.2245384039863505,1.0087926713972664,0.7842542674109159,0.8720034247030648,0.03051499132425095,0.9025184160273158,0.3206860935099791,0.397536658323473,0.4699290068739784,0.8105992675486597,0.506,0.0009766886530038783,0.9979228753006492,0.1245,0.139,0.5584684194524011,0.15133440075318144,0.955832963368582,0.15,0.0008457942954147111,0.9982092317664979,
confounding,confounding,synthetic,confounding_strength,2.0,neural_rep,4,2000,2000,0.487,1.8514676094055176,0.5874022106957537,0.20871245755162993,0.44798264976204555,-0.20871245755162987,0.9903193784566898,0.7816069209050599,0.9164202871713446,0.005915296513204549,0.9223355836845492,0.47353067791186326,0.23593809514978895,0.41138074297212895,0.9649006296848158,0.487,0.00033349188001739126,0.999146794657592,0.132,0.119,0.5701914494198078,0.13479144239865753,0.823212319418831,0.2,0.0003055798826452782,0.9994449347111151,
confounding,confounding,synthetic,confounding_strength,2.0,neural_rep,5,2000,2000,0.5,2.388733148574829,0.5456268578959862,0.09696279789299211,0.40889095178918394,-0.09696279789299203,0.9664879542782492,0.8695251563852571,0.961892144742096,0.01837626545543458,0.9802684101975305,0.4200930393680857,0.3884360580158735,0.47582081358518685,0.7981657050365487,0.5,0.00030246111815194533,0.9971994069887791,0.158,0.148,0.576,0.1525090051220931,0.9050378891570118,0.2,0.0008246908788651081,0.9947037055828588,
confounding,confounding,synthetic,confounding_strength,2.0,neural_rep,6,2000,2000,0.5035,18.55176091194153,0.4618801298115592,0.07465590911737363,0.34417529002914704,-0.07465590911737367,1.003619649399195,0.9289637402818213,1.0240756186220095,0.011857859408700655,1.0359334780307101,0.4096182960925525,0.27847608085247477,0.3464392142221887,0.6985533709083104,0.5035,0.0013698851953383652,0.9975804683579379,0.1285,0.13,0.5626505698779241,0.14185099304674093,0.8686346125624044,0.2,0.0007301877544001296,0.9979005869446912,
confounding,confounding,synthetic,confounding_strength,2.0,neural_rep,7,2000,2000,0.51,2.3536834716796875,0.5560519401590512,0.16785791538855965,0.41932798813789246,-0.16785791538855965,0.9985860310672204,0.8307281156786608,0.9804942600777972,0.021756604454520878,1.002250864532318,0.46185544433951753,0.3450314183599633,0.46983911163273195,0.8268428621432278,0.51,0.0009521209888639005,0.9985205767614624,0.1235,0.142,0.5769107643057223,0.15091819515050664,0.8305194614335946,0.3,0.0009356981514776609,0.9987380492783596,
confounding,confounding,synthetic,confounding_strength,2.0,neural_rep,8,2000,2000,0.499,4.509927749633789,0.5661193809294977,0.11352263168279986,0.4481495983617846,-0.11352263168279983,1.0063284488837538,0.892805817200954,1.022174748809623,0.019785748155985106,1.041960496965608,0.587508779132024,0.39856541885456764,0.43856218706849703,0.765249543133329,0.499,0.0007158861344222356,0.9990813436053925,0.1365,0.137,0.5739902959611839,0.14212709122550993,0.8292557015388704,0.2,0.0008771925079212338,0.998730798774679,
confounding,confounding,synthetic,confounding_strength,2.0,neural_rep,9,2000,2000,0.498,5.556468486785889,0.566312587024718,0.2578819072539219,0.4238352918050731,-0.257881907253922,1.000148146210073,0.7422662389561511,0.8836227580580814,0.02364794194702846,0.9072707000051099,0.3426177633730249,0.39364620807720413,0.4927172699920347,0.8761992968667665,0.498,0.0014049232021864863,0.9990312990800561,0.1425,0.13,0.5662410598569577,0.1563961160362114,0.8361638333270652,0.3,0.0013765540347884901,0.9987205651507035,
confounding,confounding,synthetic,confounding_strength,2.0,neural_rep,10,2000,2000,0.4855,2.745119094848633,0.5451970925637407,0.245383807999901,0.4106308023343124,-0.24538380799990087,1.0102761104198241,0.7648923024199231,0.986997474498092,0.034335448028551374,1.0213329225266434,0.3381438502912694,0.4333464325451594,0.508301908517107,0.7927535901326906,0.4855,0.0008024197002596711,0.9992436981064589,0.162,0.1325,0.6006201215222001,0.15922898129075802,0.8896558270166215,0.2,0.0012649957049650756,0.9992791735328809,
confounding,confounding,synthetic,confounding_strength,2.0,neural_rep,11,2000,2000,0.4885,2.732680082321167,0.5181428253342422,0.1293149684213729,0.39563968384739834,-0.12931496842137283,1.004209171295834,0.8748942028744612,1.0061760837239004,0.021786036306533862,1.0279621200304343,0.42214223413899127,0.4068287190350675,0.45011649609024784,0.7263397395525516,0.4885,0.0007074683552017738,0.9989042507603635,0.1475,0.1395,0.5674381747944662,0.14756530834315662,0.9487114443142758,0.2,0.0005710441636189669,0.9987610667944959,
confounding,confounding,synthetic,confounding_strength,2.0,neural_rep,12,2000,2000,0.501,27.4740629196167,0.5444367051179955,0.19354994349567678,0.40379136287314926,-0.1935499434956767,1.0076912717470716,0.8141413282513948,1.0038134706083075,0.012518886379510041,1.0163323569878175,0.3696477233888699,0.3706058295140431,0.47595769718643743,0.8277206374928523,0.501,0.0015991079431118673,0.9997330421898478,0.1565,0.1565,0.5991083964335857,0.14638550897227642,0.9978682215947104,0.25,0.0018001147354299544,0.9995423735135499,
confounding,confounding,synthetic,confounding_strength,2.0,neural_rep,13,2000,2000,0.507,2.770665407180786,0.510484236533067,0.07872128361208752,0.375336295050624,-0.07872128361208744,0.9934729095450703,0.9147516259329828,0.9623203435807548,0.009660064065010743,0.9719804076457655,0.44087557119768533,0.2887252392451991,0.3808931466624421,0.7871235613069232,0.507,0.0015204140700325627,0.999388675350094,0.119,0.124,0.5272633436153487,0.1465383948900013,0.9198538875643095,0.2,0.0008615741224519784,0.9995588594093645,
confounding,confounding,synthetic,confounding_strength,2.0,neural_rep,14,2000,2000,0.5055,2.592142105102539,0.5060278270664118,0.11659066958957442,0.36204908525922835,-0.11659066958957436,0.9864716718243007,0.8698810022347263,0.8445890924520614,0.009042074633505703,0.8536311670855671,0.37125189956292526,0.32362177631521316,0.39334158941800407,0.7918206956513838,0.5055,0.0003895748271293115,0.9994940619256016,0.167,0.1655,0.6197129852712178,0.1618199520998695,0.9449235795653114,0.3,0.000621632285239003,0.9987983823594512,
confounding,confounding,synthetic,confounding_strength,2.0,neural_rep,15,2000,2000,0.515,3.3283286094665527,0.5096768086452154,0.20883718465575185,0.38658072894628376,-0.20883718465575188,0.9872567721697856,0.7784195875140337,1.0424810596464529,0.014084548622189219,1.056565608268642,0.3182626248734946,0.35257632917978676,0.46891628802614177,0.7704532079351804,0.515,0.0008786524265427293,0.9989386833740715,0.1365,0.1465,0.5998598738864979,0.14975514960218128,0.9479831575577664,0.25,0.0008244065773004925,0.9982145025423583,
confounding,confounding,synthetic,confounding_strength,2.0,neural_rep,16,2000,2000,0.501,2.3498504161834717,0.5630646190363059,0.18319655052927253,0.4207729941817303,-0.1831965505292726,1.003893844164219,0.8206972936349464,1.0074970148346412,0.013892651246567356,1.0213896660812085,0.4530770777769132,0.30512044992017967,0.450509358987137,0.875688900775064,0.501,0.0008311226620164129,0.9992517600968874,0.1495,0.151,0.5959783839135356,0.14522072958813034,0.991100181056686,0.2,0.0010773435205877803,0.9985175188738321,
confounding,confounding,synthetic,confounding_strength,2.0,neural_rep,17,2000,2000,0.4865,1.9064273834228516,0.49842837879584584,0.1217760128016464,0.373855345573653,-0.12177601280164632,0.9793423811024536,0.8575663683008072,0.8883339438641412,0.01270033537622317,0.9010342792403644,0.3762853289015589,0.3357586061718773,0.44916181159795954,0.7332479606471632,0.4865,0.0010847352058093555,0.998420661932304,0.1285,0.1065,0.5390669798282949,0.13756437144845146,0.8758456726437328,0.2,0.0005879407301897885,0.9989808582117692,
confounding,confounding,synthetic,confounding_strength,2.0,neural_rep,18,2000,2000,0.5095,2.5588338375091553,0.5439655900243088,0.13084651188306573,0.40332922685409744,-0.13084651188306554,0.9985727292068496,0.8677262173237839,1.0688339349105023,0.010634861834209364,1.0794687967447116,0.4553854732402061,0.2807794879641568,0.4213465880725265,0.8484387161969906,0.5095,0.0024528594675820373,0.9972583186741077,0.122,0.1345,0.5752906799354567,0.14189029337926745,0.9104319952678793,0.25,0.0022629412106222146,0.9979715796953583,
confounding,confounding,synthetic,confounding_strength,2.0,neural_rep,19,2000,2000,0.499,1.932204008102417,0.5549457659302176,0.20165534423250564,0.4086610006466479,-0.20165534423250578,1.0013442425231096,0.799688898290604,0.9248776776467033,0.006618180721616129,0.9314958583683194,0.37768774508497166,0.30447903701058743,0.47188731038668996,0.8796738384340266,0.499,0.000701954806544061,0.9985087798326773,0.1395,0.137,0.5731162924651698,0.1442474119326433,0.9357627553595851,0.2,0.0007097911161647633,0.998642886173942,
confounding,confounding,synthetic,confounding_strength,2.0,neural_rep,20,2000,2000,0.4815,2.289999485015869,0.5270871102473564,0.18625286441679667,0.39545991551330123,-0.1862528644167968,0.9972729066129272,0.8110200421961306,1.024840744165911,0.009400831743926918,1.034241575909838,0.38709172846846807,0.30432900700170756,0.4247743191178847,0.8296950730372101,0.4815,0.0033140082587627168,0.9979734056065377,0.1575,0.12,0.5651096350904388,0.14692775155282967,0.8858466459929019,0.2,0.004179714659410753,0.997857454562558,
confounding,confounding,synthetic,confounding_strength,2.0,neural_rep,21,2000,2000,0.4845,2.1365137100219727,0.5194739402292683,0.16565002812307628,0.3844217189888842,-0.1656500281230763,0.9942709486025046,0.8286209204794284,0.9720509472213059,0.014193895350402053,0.986244842571708,0.4245357269668363,0.31203076552078707,0.4300174837491255,0.7854322885370882,0.4845,0.0010093459607899001,0.9992581900854626,0.142,0.1245,0.556161471173798,0.14462782057397996,0.8917919200013616,0.2,0.0011525563841933604,0.9993934455375767,
confounding,confounding,synthetic,confounding_strength,2.0,neural_rep,22,2000,2000,0.492,2.024808406829834,0.5118543066675171,0.02323275940567171,0.38012117389432626,-0.02323275940567172,1.005694401834314,0.9824616424286422,1.0250989213188773,0.011509253635663796,1.036608174954541,0.48110582707604854,0.36207570093772873,0.41165869593438703,0.7182999464164409,0.492,0.0013655603132671564,0.9987240725925774,0.1425,0.1415,0.5863501056270405,0.1486544683814118,0.8568162626429832,0.2,0.0014813462542864048,0.9980725357722156,
confounding,confounding,synthetic,confounding_strength,2.0,neural_rep,23,2000,2000,0.503,2.3640198707580566,0.4777656874127953,0.12292520725671285,0.3653249127844887,-0.12292520725671295,0.9863786558371623,0.8634534485804495,0.9788103613431612,0.009847779682426228,0.9886581410255875,0.3779514638720646,0.34219692329867385,0.41072625443915356,0.6959871470310008,0.503,0.0008931762168532029,0.9994679716490871,0.1365,0.145,0.5675164305915013,0.1491919895506692,0.8596220204497306,0.2,0.0006814886833321384,0.9992413804119398,
confounding,confounding,synthetic,confounding_strength,2.0,neural_rep,24,2000,2000,0.4945,2.0764968395233154,0.5453269086843632,0.2205266505730269,0.3914623611834022,-0.22052665057302695,0.9987093506981598,0.7781827001251329,0.9607933948866573,0.007476802877977917,0.9682701977646352,0.3394608759388222,0.2812672451708902,0.43949086509419755,0.8955604833513786,0.4945,0.0009980899810774226,0.9995326336514287,0.147,0.1405,0.575970692453787,0.1608143156775625,0.879773304029847,0.25,0.0009952736926221253,0.9995067775287626,
confounding,confounding,synthetic,confounding_strength,2.0,neural_rep,25,2000,2000,0.5045,2.6116933822631836,0.49674345529114144,0.09664357365073284,0.3740158559595962,-0.09664357365073298,0.9991239276584803,0.9024803540077475,0.9531848224261361,0.01408697398561809,0.9672717964117542,0.4121791908438647,0.3719237936874803,0.4508606811233174,0.6895809553922997,0.5045,0.0015378761531354434,0.9992303589703331,0.1285,0.138,0.559027281209778,0.1582579420158991,0.9344529385138154,0.3,0.0016413945090097437,0.999375638501282,
confounding,confounding,synthetic,confounding_strength,2.0,neural_rep,26,2000,2000,0.5085,2.658672332763672,0.5698108158328015,0.2130921947904868,0.41180807974667116,-0.2130921947904865,1.0171306539049356,0.8040384591144488,1.011704999237926,0.013451658060770422,1.0251566572986963,0.39489091306755336,0.31805410787012084,0.4762338762445812,0.9026857203483656,0.5085,0.000918948162174525,0.99896163370539,0.154,0.1685,0.6048688070852476,0.15698877534363093,0.9661013646934622,0.2,0.001227817326691014,0.9980937199441322,
confounding,confounding,synthetic,confounding_strength,2.0,neural_rep,27,2000,2000,0.4995,2.4156782627105713,0.5690514617455062,0.242996710495744,0.4265155070174916,-0.24299671049574403,0.9959384935616975,0.7529417830659535,0.9431625959753773,0.019460625539356458,0.9626232215147338,0.3663184243603189,0.333404866283574,0.5050045331147303,0.8915720347257244,0.4995,0.0002186905000375898,0.9987017129081636,0.1445,0.147,0.5810545810545811,0.14494508596032563,0.9433736014587417,0.2,0.0003075982095984974,0.998637052354386,
confounding,confounding,synthetic,confounding_strength,2.0,neural_rep,28,2000,2000,0.52,2.3078079223632812,0.5395750900328525,0.144549119020561,0.40405477002476936,-0.14454911902056097,0.9766359953808899,0.8320868763603289,0.8391499687698734,0.008837693482814268,0.8479876622526876,0.48787840958939455,0.2772628618133507,0.37451435205967587,0.8422612861533876,0.52,0.0022072801766917435,0.9992725490327808,0.128,0.158,0.5885416666666666,0.15139589248156424,0.8588359825422991,0.2,0.0027446212587001278,0.998975654716854,
confounding,confounding,synthetic,confounding_strength,2.0,neural_rep,29,2000,2000,0.4895,2.463655710220337,0.6301049481883358,0.3345156960434046,0.47191589193250433,-0.33451569604340464,0.9856623929546574,0.6511466969112528,0.8364853523684467,0.051676408017258146,0.8881617603857048,0.34784673397083027,0.4673123046075714,0.577869836468623,0.9564608171031447,0.4895,0.0004725718615824881,0.9986822753388868,0.1525,0.1305,0.580108827993145,0.14231717390558257,0.9128818798365818,0.15,0.0007786946020534828,0.9989221148820953,
confounding,confounding,synthetic,confounding_strength,3.0,s_learner,0,2000,2000,0.4965,1.9687089920043945,0.7081981699163893,0.5348226594295753,0.5686553147417082,-0.5348226594295753,0.988634815670337,0.45381215624076165,0.96536522696628,0.00927602280986184,0.9746412497761419,0.2454326616681094,0.45028119239328634,0.5937842621983425,1.179240644576267,0.4965,3.383675965346559e-05,0.9999227731064358,0.224,0.236,0.6855085899209061,0.16616594811922064,1.0704719173082309,0.25,3.025872896274123e-05,0.9999375487075144,
confounding,confounding,synthetic,confounding_strength,3.0,s_learner,1,2000,2000,0.509,1.9149599075317383,0.7925261921682778,0.6154702430090796,0.6405263349701649,-0.6154702430090796,0.9947717733296532,0.37930153032057357,1.0523575489259829,0.011541701855873443,1.0638992507818563,0.2750422861990395,0.4732138247744289,0.6651136540755095,1.3305770571816145,0.509,0.00015604079960283816,0.9998862440250266,0.2225,0.2285,0.6839696061523933,0.15843115307765104,0.9912300883131849,0.25,0.00012964513018455336,0.9999272376623307,
confounding,confounding,synthetic,confounding_strength,3.0,s_learner,2,2000,2000,0.5005,1.820033073425293,0.760561425110006,0.5798183505441431,0.6106261351866469,-0.5798183505441432,0.9804604494287746,0.40064209888463154,0.9316818169318388,0.005964637567039688,0.9376464544988785,0.22403983932139465,0.450795043893836,0.6326708420931278,1.2884612178192338,0.5005,6.040285467036402e-05,0.999956545270345,0.2335,0.231,0.674950674950675,0.16145500472137542,1.063286298889053,0.2,6.411588516600178e-05,0.9999562349884881,
confounding,confounding,synthetic,confounding_strength,3.0,s_learner,3,2000,2000,0.506,1.827265739440918,0.7671580844766904,0.6147818340909188,0.6387710812937268,-0.6147818340909188,1.0087926713972664,0.3940108373063476,0.8870642049857215,0.015454211041594279,0.9025184160273158,0.29873776836483146,0.5945158194044042,0.6626658114092864,1.21338650681939,0.506,2.744139973475248e-05,0.9999148807738771,0.231,0.2525,0.6912315373413772,0.17766065236422243,1.1367176611426328,0.2,2.4583428592421324e-05,0.999923881739039,
confounding,confounding,synthetic,confounding_strength,3.0,s_learner,4,2000,2000,0.489,1.8682243824005127,0.7599294333118085,0.610563055183032,0.6354665426798137,-0.610563055183032,0.9903193784566898,0.3797563232736578,0.9148348871878396,0.007500696496709591,0.9223355836845492,0.2643947714486947,0.5394359756002791,0.6692769366111707,1.2252116509540545,0.489,1.0968836081616453e-05,0.9999785929082607,0.229,0.213,0.6801431893036229,0.15674844604185473,1.0124200144089188,0.2,5.334438393435392e-06,0.9999868880489339,
confounding,confounding,synthetic,confounding_strength,3.0,s_learner,5,2000,2000,0.5055,1.8563075065612793,0.7753889017018682,0.5898225690779048,0.6291531130791731,-0.5898225690779048,0.9664879542782492,0.3766653852003444,0.9687155156453173,0.0115528945522132,0.9802684101975305,0.2657016172081492,0.4840093251677298,0.6469541413286225,1.296726554949468,0.5055,1.2030353755529024e-05,0.9996899020050752,0.226,0.2355,0.6673007433899502,0.1686782205820595,1.0467255569174587,0.3,2.3668391833659768e-05,0.9996109156327363,
confounding,confounding,synthetic,confounding_strength,3.0,s_learner,6,2000,2000,0.506,1.8873164653778076,0.808921746498315,0.6543743531175427,0.6799929819684855,-0.6543743531175428,1.003619649399195,0.34924529628165224,1.0273495716827297,0.008583906347980452,1.0359334780307101,0.25950011010462054,0.5509396588167182,0.7610629656849879,1.2912497493873583,0.506,4.415132484811301e-05,0.9998583275133368,0.219,0.227,0.6691283544830455,0.15652598756601604,1.0560349132753648,0.2,1.9716230502898855e-05,0.9999033350218561,
confounding,confounding,synthetic,confounding_strength,3.0,s_learner,7,2000,2000,0.5095,2.0026416778564453,0.7615089562177345,0.6005576383790618,0.6263047903255681,-0.6005576383790618,0.9985860310672204,0.39802839268815865,0.9913027613266132,0.010948103205704829,1.002250864532318,0.3044546750768701,0.5217335893002184,0.6358681758866106,1.2451331804725454,0.5095,3.154261444584684e-05,0.9999273186685765,0.222,0.229,0.6871720691169512,0.17060548417801155,0.9864048263779975,0.2,2.8609209202772686e-05,0.9999550052465405,
confounding,confounding,synthetic,confounding_strength,3.0,s_learner,8,2000,2000,0.5015,1.8734748363494873,0.7970776150210007,0.5846783274037541,0.6399074397085005,-0.5846783274037542,1.0063284488837538,0.42165012147999964,1.0323402360541523,0.009620260911455736,1.041960496965608,0.27917141776762,0.4237252986913825,0.6797999759242415,1.349712221532495,0.5015,4.1346334624324655e-05,0.9999420014298717,0.2145,0.2225,0.6681470133231199,0.16095760561629271,0.9804155971665184,0.25,2.5966150330933505e-05,0.9999546164393236,
confounding,confounding,synthetic,confounding_strength,3.0,s_learner,9,2000,2000,0.4895,1.863532304763794,0.7990198139552013,0.6250402153755161,0.6450904627787989,-0.6250402153755162,1.000148146210073,0.3751079308345569,0.8979366793599961,0.009334020645113794,0.9072707000051099,0.2713550096105171,0.505059014671232,0.6727877846461441,1.3313035340077604,0.4895,6.120675119102716e-05,0.999943554126485,0.235,0.2145,0.6706947763963909,0.17355766944768275,0.9712809141096591,0.35,5.1082230900718104e-05,0.9999540657592597,
confounding,confounding,synthetic,confounding_strength,3.0,s_learner,10,2000,2000,0.488,1.8477942943572998,0.8089852033841077,0.6599204002828009,0.6822883528964316,-0.6599204002828007,1.0102761104198241,0.35035571013702327,1.0116871865423722,0.009645735984271209,1.0213329225266434,0.2843851850349477,0.5442121819647462,0.7324703653099507,1.3054782911462834,0.488,2.4415213653132566e-05,0.999974510767797,0.259,0.2305,0.7101850665983607,0.18182048250214858,1.065365443045537,0.3,4.499284045065504e-05,0.9999805910241221,
confounding,confounding,synthetic,confounding_strength,3.0,s_learner,11,2000,2000,0.486,1.9356908798217773,0.742107163131262,0.5665570705965406,0.6020185104746926,-0.5665570705965406,1.004209171295834,0.43765210069929344,1.0193707864006043,0.00859133362983,1.0279621200304343,0.2836823161692308,0.5181182856481681,0.6318507743838399,1.2061237709137995,0.486,1.366496279408597e-05,0.9999475687846142,0.238,0.218,0.6783838529407055,0.16908359487558883,1.100808902910011,0.25,1.3632500318128049e-05,0.9999562321069108,
confounding,confounding,synthetic,confounding_strength,3.0,s_learner,12,2000,2000,0.495,1.8713712692260742,0.8456939114542288,0.7042915141676471,0.7206070598840068,-0.7042915141676471,1.0076912717470716,0.30339975757942445,1.006628771207609,0.009703585780208579,1.0163323569878175,0.31810526669771977,0.5767594026023043,0.7782561101255094,1.349543561855018,0.495,6.545150708941226e-05,0.9999951636351606,0.252,0.249,0.7067406740674067,0.17048940215403913,1.130806940630529,0.25,7.643558490900531e-05,0.9999901857782008,
confounding,confounding,synthetic,confounding_strength,3.0,s_learner,13,2000,2000,0.5045,1.8571476936340332,0.7247090479416528,0.5568921994828465,0.588271432226511,-0.5568921994828464,0.9934729095450703,0.43658071006222376,0.9636246478321417,0.008355759813623798,0.9719804076457655,0.2624367888998502,0.4713049496266095,0.6149700779292804,1.196504574255793,0.5045,5.801892595536132e-05,0.9999854566711026,0.211,0.222,0.6599714576880727,0.1747511311592182,1.07941316866891,0.2,2.5275181495478224e-05,0.9999907115306089,
confounding,confounding,synthetic,confounding_strength,3.0,s_learner,14,2000,2000,0.503,1.8519172668457031,0.7614883617074422,0.5943447963508772,0.6166918866914414,-0.5943447963508773,0.9864716718243007,0.39212687547342345,0.824727862522469,0.028903304563098087,0.8536311670855671,0.3080472911143171,0.49636612672026587,0.5965246967060286,1.2737126524319249,0.503,1.7379481659865805e-05,0.9999724529307267,0.245,0.243,0.7239540623462445,0.1802147649666584,1.077048192523228,0.3,1.5484724545685875e-05,0.9999581967777228,
confounding,confounding,synthetic,confounding_strength,3.0,s_learner,15,2000,2000,0.507,1.8955004215240479,0.7282202227878859,0.5918990090414638,0.6192322561170747,-0.5918990090414639,0.9872567721697856,0.3953577631283218,1.0481106018981878,0.008455006370454266,1.056565608268642,0.28177938259494056,0.5675710645468425,0.6533168860295014,1.1370397021086143,0.507,1.4176420282614103e-05,0.999979787077582,0.247,0.2545,0.7244219867093951,0.17275982796734407,1.1520548891617657,0.2,2.3656144021614383e-05,0.9999242181251706,
confounding,confounding,synthetic,confounding_strength,3.0,s_learner,16,2000,2000,0.5045,1.8666253089904785,0.8343158315629656,0.6510608856968237,0.6821317422580312,-0.6510608856968237,1.003893844164219,0.35283295846739515,1.0071851235873195,0.014204542493889027,1.0213896660812085,0.3095251412896751,0.543181556209456,0.6934987308385778,1.3829458128991075,0.5045,2.6536490756885364e-05,0.999958304298408,0.2345,0.245,0.6985885856754397,0.16670728387451028,1.0796666862600857,0.25,3.5352728680659774e-05,0.9999426913004642,
confounding,confounding,synthetic,confounding_strength,3.0,s_learner,17,2000,2000,0.492,1.8754215240478516,0.6496134072654856,0.4822900335449356,0.5107539190193492,-0.48229003354493555,0.9793423811024536,0.49705234755751804,0.8925943717164694,0.008439907523895007,0.9010342792403644,0.2763041106883317,0.46183100083056955,0.5317498952464466,1.05621992482165,0.492,4.138830781295117e-05,0.9999293890755063,0.2195,0.21,0.6598809295179566,0.162123182441912,1.0657376382249855,0.2,1.4242362669893749e-05,0.9999673564634021,
confounding,confounding,synthetic,confounding_strength,3.0,s_learner,18,2000,2000,0.5145,1.9623589515686035,0.7638830587373807,0.5421145758803985,0.5818788325221779,-0.5421145758803985,0.9985727292068496,0.4564581533264511,1.0716430074847265,0.007825789259985116,1.0794687967447116,0.21228856518237924,0.373132533414911,0.5858739547361389,1.3440709417534182,0.5145,0.00014390839775563633,0.999889988619583,0.2185,0.2405,0.6887672532599917,0.16850428974003212,1.0870363550084587,0.25,0.00010780619375363077,0.9999082058482736,
confounding,confounding,synthetic,confounding_strength,3.0,s_learner,19,2000,2000,0.4965,1.9175629615783691,0.7655898539768901,0.5777347074347347,0.5996658068176698,-0.5777347074347348,1.0013442425231096,0.42360953508837496,0.9008081279479636,0.030687730420355774,0.9314958583683194,0.23515660851882217,0.4550477194151546,0.6346824096317655,1.2958867541102626,0.4965,1.1616644872874296e-05,0.999953428160507,0.246,0.231,0.7053565624715611,0.16720457830785232,1.0841878839584316,0.2,1.8895351165923906e-05,0.9999498140078346,
confounding,confounding,synthetic,confounding_strength,3.0,s_learner,20,2000,2000,0.485,1.9452104568481445,0.8100013953799231,0.6374737129894165,0.6695635202576865,-0.6374737129894168,0.9972729066129272,0.35979919362351076,1.017570566449988,0.016671009459850117,1.034241575909838,0.2905738170692114,0.567910739223924,0.6983695701969168,1.3151932308982692,0.485,0.0002907214484032489,0.9998640467523016,0.2435,0.213,0.6760684616154539,0.16364457830905402,1.0179913478722447,0.2,0.00027135349405086164,0.9999003346415996,
confounding,confounding,synthetic,confounding_strength,3.0,s_learner,21,2000,2000,0.486,1.9555416107177734,0.7311184317310483,0.5803982433991961,0.6028120040342435,-0.5803982433991962,0.9942709486025046,0.4138727052033085,0.9717864986283382,0.014458343943369756,0.986244842571708,0.27305010488614895,0.5759826256446099,0.6315076173584341,1.1545659051188664,0.486,5.128989108036472e-05,0.999971644304683,0.241,0.208,0.6597332308529887,0.16311919158322397,1.0228497568834798,0.25,3.912301527430477e-05,0.9999850207982717,
confounding,confounding,synthetic,confounding_strength,3.0,s_learner,22,2000,2000,0.4995,1.9130825996398926,0.7930125385367505,0.6146411031374217,0.6442864089635317,-0.6146411031374217,1.005694401834314,0.39105329869689215,1.0255630314636515,0.011045143490889586,1.036608174954541,0.2839155057822766,0.5281125778480048,0.6553583368361267,1.313952086698948,0.4995,7.877399199491053e-05,0.9999388978236433,0.228,0.231,0.688033688033688,0.16275955137743917,1.00986553925477,0.2,5.703357758186034e-05,0.9999149851826437,
confounding,confounding,synthetic,confounding_strength,3.0,s_learner,23,2000,2000,0.4945,1.9445650577545166,0.7595684589296265,0.6075292394265819,0.6281112107196064,-0.6075292394265821,0.9863786558371623,0.3788494164105804,0.9844464013476747,0.004211739677912774,0.9886581410255875,0.2502906690842698,0.44711134335328584,0.6872011237416962,1.2541840448455839,0.4945,4.026427630657443e-05,0.9999724141487691,0.237,0.2265,0.6711922142579252,0.17112117958611323,1.0396525914773416,0.25,1.777579926003965e-05,0.9999790436048887,
confounding,confounding,synthetic,confounding_strength,3.0,s_learner,24,2000,2000,0.495,1.9370296001434326,0.7656413786842576,0.5656641095279407,0.6010390180338612,-0.5656641095279407,0.9987093506981598,0.4330452411702191,0.9610999068158316,0.007170290948803615,0.9682701977646352,0.24635438231082188,0.5254470028213097,0.6261286449346456,1.2712217621441129,0.495,4.6908833135535704e-05,0.9999858491846431,0.239,0.227,0.6913691369136914,0.17731960601004473,1.0671471226932119,0.25,3.138727586210259e-05,0.9999890181346418,
confounding,confounding,synthetic,confounding_strength,3.0,s_learner,25,2000,2000,0.502,1.9368829727172852,0.7299724082944881,0.5304952173437842,0.5675627759184153,-0.5304952173437844,0.9991239276584803,0.46862871031469605,0.9588837586971647,0.008388037714589514,0.9672717964117542,0.2308224831481617,0.4116012885119279,0.595547414465328,1.2466224389033431,0.502,7.207541283460327e-05,0.9999745771566306,0.2225,0.227,0.6751588025408407,0.17776320862466904,1.0757111646782058,0.3,6.65373501376511e-05,0.9999843559405901,
confounding,confounding,synthetic,confounding_strength,3.0,s_learner,26,2000,2000,0.506,1.8332154750823975,0.815526974733222,0.6364066537503434,0.6687983397207127,-0.6364066537503432,1.0171306539049356,0.3807240001545922,1.0191712024314858,0.005985454867210471,1.0251566572986963,0.24670230363680798,0.516604264448113,0.7248737104126044,1.3443039453029457,0.506,3.401765090035728e-05,0.9999571979406283,0.241,0.2525,0.7063657166631995,0.16623792206958884,1.0920660875585528,0.2,4.302165151765471e-05,0.9999163854274681,
confounding,confounding,synthetic,confounding_strength,3.0,s_learner,27,2000,2000,0.5,1.8315927982330322,0.7993229044155364,0.625814821483401,0.6576696352396666,-0.625814821483401,0.9959384935616975,0.3701236720782965,0.9504641923428706,0.012159029171863178,0.9626232215147338,0.2670415128736761,0.502991438722858,0.7040847879140488,1.317429875361429,0.5,6.436045612172977e-06,0.9999530757990165,0.2355,0.2425,0.685,0.1629947848137247,1.055593382358175,0.2,5.387391805975887e-06,0.9999494896326261,
confounding,confounding,synthetic,confounding_strength,3.0,s_learner,28,2000,2000,0.5265,1.895186424255371,0.7578219278316224,0.5624444958345938,0.6049187530103518,-0.5624444958345938,0.9766359953808899,0.414191499546296,0.8412164368552417,0.006771225397445901,0.8479876622526876,0.22586595971602746,0.46847529914937924,0.6627539615086311,1.2599400565276189,0.5265,0.00019896770438223096,0.9999599224498552,0.206,0.241,0.6999060360552792,0.1663677030094058,0.9743353132888415,0.2,0.00014409743527918383,0.9999671058906219,
confounding,confounding,synthetic,confounding_strength,3.0,s_learner,29,2000,2000,0.5,1.8246512413024902,0.8095670499842179,0.6255016757291596,0.6519357020658264,-0.6255016757291596,0.9856623929546574,0.36016071722549775,0.8813380609377836,0.006823699447921272,0.8881617603857048,0.21337945260310667,0.459640683565831,0.7092884047734505,1.3644430525868294,0.5,2.283379938215875e-05,0.9999587607164147,0.231,0.224,0.685,0.16093768471719655,1.0466221471322847,0.2,2.1714686832355336e-05,0.999964490785374,
confounding,confounding,synthetic,confounding_strength,3.0,t_learner,0,2000,2000,0.4965,1.8490662574768066,1.022867776861334,0.3816793254716412,0.8007173565669506,-0.3816793254716412,0.988634815670337,0.6069554901986958,0.7931039828112477,0.18153726696489414,0.9746412497761419,1.1192477892286519,0.9478039217131994,0.8979651645682738,1.1079912595678345,0.4965,3.383675965346559e-05,0.9999227731064358,0.224,0.236,0.6855085899209061,0.16616594811922064,1.0704719173082309,0.25,3.025872896274123e-05,0.9999375487075144,
confounding,confounding,synthetic,confounding_strength,3.0,t_learner,1,2000,2000,0.509,1.7835149765014648,1.017555905571241,0.42645055859652037,0.8030066500364553,-0.4264505585965204,0.9947717733296532,0.5683212147331328,0.8582232226156074,0.20567602816624897,1.0638992507818563,1.000738786336261,0.874813424888142,0.9528582957653217,1.2111831014345218,0.509,0.00015604079960283816,0.9998862440250266,0.2225,0.2285,0.6839696061523933,0.15843115307765104,0.9912300883131849,0.25,0.00012964513018455336,0.9999272376623307,
confounding,confounding,synthetic,confounding_strength,3.0,t_learner,2,2000,2000,0.5005,1.7956702709197998,0.9984044027691582,0.3030146954801223,0.7899329396984565,-0.3030146954801222,0.9804604494287746,0.6774457539486524,0.7710376567654521,0.1666087977334264,0.9376464544988785,1.0389621912078915,0.9223601021683415,0.8812263425554429,1.1315895661547162,0.5005,6.040285467036402e-05,0.999956545270345,0.2335,0.231,0.674950674950675,0.16145500472137542,1.063286298889053,0.2,6.411588516600178e-05,0.9999562349884881,
confounding,confounding,synthetic,confounding_strength,3.0,t_learner,3,2000,2000,0.506,1.837568998336792,1.02848067159615,0.43526660150682484,0.8111298702289285,-0.43526660150682495,1.0087926713972664,0.5735260698904415,0.7127350470276348,0.18978336899968096,0.9025184160273158,1.060659441560511,0.9472532277274218,0.9626483302759573,1.1323034183437362,0.506,2.744139973475248e-05,0.9999148807738771,0.231,0.2525,0.6912315373413772,0.17766065236422243,1.1367176611426328,0.2,2.4583428592421324e-05,0.999923881739039,
confounding,confounding,synthetic,confounding_strength,3.0,t_learner,4,2000,2000,0.489,1.828942060470581,1.0828829829966173,0.5074745475112086,0.8501142327961163,-0.5074745475112085,0.9903193784566898,0.4828448309454813,0.6982547541682114,0.2240808295163378,0.9223355836845492,1.0529011704658928,1.042135503877779,1.0072778978016317,1.217081005046046,0.489,1.0968836081616453e-05,0.9999785929082607,0.229,0.213,0.6801431893036229,0.15674844604185473,1.0124200144089188,0.2,5.334438393435392e-06,0.9999868880489339,
confounding,confounding,synthetic,confounding_strength,3.0,t_learner,5,2000,2000,0.5055,1.8395111560821533,0.9558160662584797,0.3101724866334248,0.7518142206601467,-0.3101724866334248,0.9664879542782492,0.6563154676448244,0.8157278130633763,0.16454059713415425,0.9802684101975305,0.8624902383672584,0.8900586290439353,0.8994718799927626,1.1442001454113018,0.5055,1.2030353755529024e-05,0.9996899020050752,0.226,0.2355,0.6673007433899502,0.1686782205820595,1.0467255569174587,0.3,2.3668391833659768e-05,0.9996109156327363,
confounding,confounding,synthetic,confounding_strength,3.0,t_learner,6,2000,2000,0.506,1.8155686855316162,0.9994150147786681,0.4397920861875675,0.7923636389520641,-0.4397920861875675,1.003619649399195,0.5638275632116274,0.8455619379648773,0.1903715400658328,1.0359334780307101,1.013749964479302,0.9870033455534168,0.8760699867198483,1.107229999057758,0.506,4.415132484811301e-05,0.9998583275133368,0.219,0.227,0.6691283544830455,0.15652598756601604,1.0560349132753648,0.2,1.9716230502898855e-05,0.9999033350218561,
confounding,confounding,synthetic,confounding_strength,3.0,t_learner,7,2000,2000,0.5095,1.8151557445526123,0.9910846471264119,0.39766166720180407,0.7893301851626435,-0.397661667201804,0.9985860310672204,0.6009243638654164,0.8206471084376832,0.18160375609463486,1.002250864532318,1.023349504241131,0.8887141703765136,0.8814494135139842,1.1467279354912427,0.5095,3.154261444584684e-05,0.9999273186685765,0.222,0.229,0.6871720691169512,0.17060548417801155,0.9864048263779975,0.2,2.8609209202772686e-05,0.9999550052465405,
confounding,confounding,synthetic,confounding_strength,3.0,t_learner,8,2000,2000,0.5015,1.8058671951293945,0.9785168385417845,0.33984540171623934,0.7668290293734695,-0.3398454017162393,1.0063284488837538,0.6664830471675145,0.8695453750940765,0.17241512187153152,1.041960496965608,0.9730375230036324,0.9076762368220498,0.8949898201281589,1.1217378762624175,0.5015,4.1346334624324655e-05,0.9999420014298717,0.2145,0.2225,0.6681470133231199,0.16095760561629271,0.9804155971665184,0.25,2.5966150330933505e-05,0.9999546164393236,
confounding,confounding,synthetic,confounding_strength,3.0,t_learner,9,2000,2000,0.4895,1.912614345550537,1.0473246559515221,0.4948918838109331,0.8320356387641061,-0.49489188381093313,1.000148146210073,0.5052562623991399,0.7049423914192297,0.20232830858588025,0.9072707000051099,1.0300132056256754,0.9166883904239753,1.033444998771932,1.1909250041324184,0.4895,6.120675119102716e-05,0.999943554126485,0.235,0.2145,0.6706947763963909,0.17355766944768275,0.9712809141096591,0.35,5.1082230900718104e-05,0.9999540657592597,
confounding,confounding,synthetic,confounding_strength,3.0,t_learner,10,2000,2000,0.488,1.8794736862182617,1.0569781754425183,0.41757930983876845,0.8404932078664242,-0.4175793098387684,1.0102761104198241,0.5926968005810557,0.8035891299462435,0.2177437925803999,1.0213329225266434,0.945468340495495,0.9677410435371836,0.9983252865130608,1.2812981563750303,0.488,2.4415213653132566e-05,0.999974510767797,0.259,0.2305,0.7101850665983607,0.18182048250214858,1.065365443045537,0.3,4.499284045065504e-05,0.9999805910241221,
confounding,confounding,synthetic,confounding_strength,3.0,t_learner,11,2000,2000,0.486,1.8618817329406738,1.0344963838322043,0.4361240830261791,0.8157910423066301,-0.43612408302617894,1.004209171295834,0.568085088269655,0.8146826760349097,0.21327944399552456,1.0279621200304343,0.9756723446399096,1.007046658210404,0.969740681449033,1.1722860519013756,0.486,1.366496279408597e-05,0.9999475687846142,0.238,0.218,0.6783838529407055,0.16908359487558883,1.100808902910011,0.25,1.3632500318128049e-05,0.9999562321069108,
confounding,confounding,synthetic,confounding_strength,3.0,t_learner,12,2000,2000,0.495,1.8920619487762451,0.9814303668649491,0.4900590230014934,0.7808081286818126,-0.49005902300149334,1.0076912717470716,0.5176322487455782,0.8238651503898627,0.1924672065979548,1.0163323569878175,1.0314895170077365,0.9142499152327633,0.8916407028149353,1.0760927403817915,0.495,6.545150708941226e-05,0.9999951636351606,0.252,0.249,0.7067406740674067,0.17048940215403913,1.130806940630529,0.25,7.643558490900531e-05,0.9999901857782008,
confounding,confounding,synthetic,confounding_strength,3.0,t_learner,13,2000,2000,0.5045,1.930722713470459,0.939814858566265,0.2452819226058207,0.7330372254605816,-0.24528192260582057,0.9934729095450703,0.7481909869392496,0.8182520901092757,0.15372831753648986,0.9719804076457655,0.8389350023336443,0.8278981435712933,0.8293136555035521,1.2066563139741595,0.5045,5.801892595536132e-05,0.9999854566711026,0.211,0.222,0.6599714576880727,0.1747511311592182,1.07941316866891,0.2,2.5275181495478224e-05,0.9999907115306089,
confounding,confounding,synthetic,confounding_strength,3.0,t_learner,14,2000,2000,0.503,1.981541395187378,0.9797370402918323,0.22687924411311877,0.7668272623630551,-0.22687924411311883,0.9864716718243007,0.759592427711182,0.7138053566326166,0.1398258104529505,0.8536311670855671,1.119645603363364,0.8207902344794885,0.8783727964441624,1.0680341833472626,0.503,1.7379481659865805e-05,0.9999724529307267,0.245,0.243,0.7239540623462445,0.1802147649666584,1.077048192523228,0.3,1.5484724545685875e-05,0.9999581967777228,
confounding,confounding,synthetic,confounding_strength,3.0,t_learner,15,2000,2000,0.507,1.8798372745513916,1.0329132068334557,0.4272083499849131,0.8251712638942749,-0.42720834998491314,0.9872567721697856,0.5600484221848725,0.8355269002408745,0.2210387080277676,1.056565608268642,0.9685729238793985,0.9876204442338066,1.0123191228270128,1.1529618875842225,0.507,1.4176420282614103e-05,0.999979787077582,0.247,0.2545,0.7244219867093951,0.17275982796734407,1.1520548891617657,0.2,2.3656144021614383e-05,0.9999242181251706,
confounding,confounding,synthetic,confounding_strength,3.0,t_learner,16,2000,2000,0.5045,1.8420169353485107,0.9883096877557961,0.3435834425964196,0.7808454727433083,-0.34358344259641965,1.003893844164219,0.6603104015677993,0.8457959337206868,0.17559373236052167,1.0213896660812085,0.9944679456292768,0.8822111266913059,0.8710252685432598,1.1751919716645964,0.5045,2.6536490756885364e-05,0.999958304298408,0.2345,0.245,0.6985885856754397,0.16670728387451028,1.0796666862600857,0.25,3.5352728680659774e-05,0.9999426913004642,
confounding,confounding,synthetic,confounding_strength,3.0,t_learner,17,2000,2000,0.492,1.8357956409454346,0.9791723688011039,0.36111780119609715,0.7686875000427392,-0.36111780119609715,0.9793423811024536,0.6182245799063565,0.7241085203837201,0.1769257588566443,0.9010342792403644,0.9297405639052647,0.9893331662003046,0.8870681519752802,1.0977370245785747,0.492,4.138830781295117e-05,0.9999293890755063,0.2195,0.21,0.6598809295179566,0.162123182441912,1.0657376382249855,0.2,1.4242362669893749e-05,0.9999673564634021,
confounding,confounding,synthetic,confounding_strength,3.0,t_learner,18,2000,2000,0.5145,1.8453168869018555,1.0163581779361692,0.15985173858617174,0.8059062766389018,-0.15985173858617174,0.9985727292068496,0.8387209906206778,0.9256469863931756,0.15382181035153608,1.0794687967447116,0.9041597031419167,0.9227323550778095,0.9100708971399262,1.27858006308433,0.5145,0.00014390839775563633,0.999889988619583,0.2185,0.2405,0.6887672532599917,0.16850428974003212,1.0870363550084587,0.25,0.00010780619375363077,0.9999082058482736,
confounding,confounding,synthetic,confounding_strength,3.0,t_learner,19,2000,2000,0.4965,1.8899633884429932,0.9445795202686583,0.3153534213632221,0.738008081822137,-0.31535342136322214,1.0013442425231096,0.6859908211598875,0.7769405693173178,0.15455528905100158,0.9314958583683194,0.8769188254935862,0.8492880790852179,0.881024562613186,1.1412452552956396,0.4965,1.1616644872874296e-05,0.999953428160507,0.246,0.231,0.7053565624715611,0.16720457830785232,1.0841878839584316,0.2,1.8895351165923906e-05,0.9999498140078346,
confounding,confounding,synthetic,confounding_strength,3.0,t_learner,20,2000,2000,0.485,1.8480861186981201,0.9607600743606061,0.386533510010706,0.760853239394019,-0.3865335100107062,0.9972729066129272,0.6107393966022212,0.860455312711211,0.173786263198627,1.034241575909838,0.980352597826003,0.8868596302117335,0.8931370180806217,1.0709503859246507,0.485,0.0002907214484032489,0.9998640467523016,0.2435,0.213,0.6760684616154539,0.16364457830905402,1.0179913478722447,0.2,0.00027135349405086164,0.9999003346415996,
confounding,confounding,synthetic,confounding_strength,3.0,t_learner,21,2000,2000,0.486,1.8219184875488281,1.022815981534699,0.3385635491789485,0.8047186320294875,-0.33856354917894854,0.9942709486025046,0.6557073994235562,0.7988891281367223,0.18735571443498567,0.986244842571708,0.9964792166764179,1.0646947768399717,0.9194796350674764,1.1011909607007209,0.486,5.128989108036472e-05,0.999971644304683,0.241,0.208,0.6597332308529887,0.16311919158322397,1.0228497568834798,0.25,3.912301527430477e-05,0.9999850207982717,
confounding,confounding,synthetic,confounding_strength,3.0,t_learner,22,2000,2000,0.4995,1.790393590927124,1.0485912370022206,0.41057689240869555,0.8291115441697652,-0.41057689240869566,1.005694401834314,0.5951175094256184,0.8324478771529428,0.20416029780159828,1.036608174954541,0.9702834575891026,0.9326700008677842,1.0099289858769314,1.2517565474832577,0.4995,7.877399199491053e-05,0.9999388978236433,0.228,0.231,0.688033688033688,0.16275955137743917,1.00986553925477,0.2,5.703357758186034e-05,0.9999149851826437,
confounding,confounding,synthetic,confounding_strength,3.0,t_learner,23,2000,2000,0.4945,1.7692592144012451,0.9993757827772818,0.20245354998918785,0.7810268173775954,-0.202453549989188,0.9863786558371623,0.7839251058479745,0.8244074471454387,0.1642506938801488,0.9886581410255875,0.8983714229162725,0.8834021016264116,0.9620618893231515,1.2173636495510363,0.4945,4.026427630657443e-05,0.9999724141487691,0.237,0.2265,0.6711922142579252,0.17112117958611323,1.0396525914773416,0.25,1.777579926003965e-05,0.9999790436048887,
confounding,confounding,synthetic,confounding_strength,3.0,t_learner,24,2000,2000,0.495,1.8338515758514404,0.9349903928209115,0.1573399739913195,0.7341146537236016,-0.15733997399131952,0.9987093506981598,0.8413693767068403,0.8294127497460106,0.13885744801862454,0.9682701977646352,0.8705831840070191,0.8588535197058661,0.8486535850985992,1.1318439744867441,0.495,4.6908833135535704e-05,0.9999858491846431,0.239,0.227,0.6913691369136914,0.17731960601004473,1.0671471226932119,0.25,3.138727586210259e-05,0.9999890181346418,
confounding,confounding,synthetic,confounding_strength,3.0,t_learner,25,2000,2000,0.502,1.8963088989257812,1.0444367681520608,0.3997937685993215,0.817120203676443,-0.3997937685993216,0.9991239276584803,0.5993301590591589,0.7527012641917072,0.21457053222004696,0.9672717964117542,0.9709116605282563,0.9776153442932111,0.9404387075838277,1.257205820063873,0.502,7.207541283460327e-05,0.9999745771566306,0.2225,0.227,0.6751588025408407,0.17776320862466904,1.0757111646782058,0.3,6.65373501376511e-05,0.9999843559405901,
confounding,confounding,synthetic,confounding_strength,3.0,t_learner,26,2000,2000,0.506,1.8883326053619385,1.0177352150470054,0.21807507292209338,0.8081521236279532,-0.21807507292209322,1.0171306539049356,0.7990555809828422,0.85714030196866,0.16801635533003634,1.0251566572986963,0.9321069143930052,0.9351626246706394,0.9406253665975995,1.230857975990772,0.506,3.401765090035728e-05,0.9999571979406283,0.241,0.2525,0.7063657166631995,0.16623792206958884,1.0920660875585528,0.2,4.302165151765471e-05,0.9999163854274681,
confounding,confounding,synthetic,confounding_strength,3.0,t_learner,27,2000,2000,0.5,1.8232674598693848,1.048482204321445,0.46110446606105515,0.8283365652751563,-0.46110446606105504,0.9959384935616975,0.5348340275006424,0.7576904608804557,0.20493276063427812,0.9626232215147338,1.0550466935700864,0.9943820393858515,0.9172548558164604,1.205812628367199,0.5,6.436045612172977e-06,0.9999530757990165,0.2355,0.2425,0.685,0.1629947848137247,1.055593382358175,0.2,5.387391805975887e-06,0.9999494896326261,
confounding,confounding,synthetic,confounding_strength,3.0,t_learner,28,2000,2000,0.5265,1.807420253753662,0.9937035212006642,0.22655334477812838,0.7924376013953537,-0.2265533447781284,0.9766359953808899,0.7500826506027615,0.6824655766866323,0.1655220855660553,0.8479876622526876,0.8533298168793951,0.9643951637664748,0.9630902942757801,1.167910111689508,0.5265,0.00019896770438223096,0.9999599224498552,0.206,0.241,0.6999060360552792,0.1663677030094058,0.9743353132888415,0.2,0.00014409743527918383,0.9999671058906219,
confounding,confounding,synthetic,confounding_strength,3.0,t_learner,29,2000,2000,0.5,1.7814586162567139,0.9976361839685151,0.33995236855376754,0.7955849283152624,-0.3399523685537674,0.9856623929546574,0.6457100244008899,0.7108750937952115,0.1772866665904933,0.8881617603857048,0.9281713084748215,0.8855378931421738,0.9748611850739696,1.1768934335880528,0.5,2.283379938215875e-05,0.9999587607164147,0.231,0.224,0.685,0.16093768471719655,1.0466221471322847,0.2,2.1714686832355336e-05,0.999964490785374,
confounding,confounding,synthetic,confounding_strength,3.0,x_learner,0,2000,2000,0.4965,3.598275899887085,0.6244302684514982,0.01298118263792103,0.47888394907242504,-0.012981182637921036,0.988634815670337,0.9756536330324159,0.9392371201625154,0.03540412961362649,0.9746412497761419,0.6852628630842251,0.5215638491221821,0.5541122183439008,0.7148414158973343,0.4965,3.383675965346559e-05,0.9999227731064358,0.224,0.236,0.6855085899209061,0.16616594811922064,1.0704719173082309,0.25,3.025872896274123e-05,0.9999375487075144,
confounding,confounding,synthetic,confounding_strength,3.0,x_learner,1,2000,2000,0.509,3.6141016483306885,0.6109934721261718,0.15821417165655072,0.4658017995318787,-0.15821417165655077,0.9947717733296532,0.8365576016731024,1.0154348316296629,0.04846441915219346,1.0638992507818563,0.5663021405557067,0.506522270950572,0.5376882373705485,0.7917578707847703,0.509,0.00015604079960283816,0.9998862440250266,0.2225,0.2285,0.6839696061523933,0.15843115307765104,0.9912300883131849,0.25,0.00012964513018455336,0.9999272376623307,
confounding,confounding,synthetic,confounding_strength,3.0,x_learner,2,2000,2000,0.5005,3.613999605178833,0.5748686400599632,0.06644286875065142,0.4362124012056364,-0.06644286875065147,0.9804604494287746,0.9140175806781232,0.9086693541725558,0.028977100326322724,0.9376464544988785,0.6155871801179378,0.4602871413573445,0.47692370531214373,0.7096673613633583,0.5005,6.040285467036402e-05,0.999956545270345,0.2335,0.231,0.674950674950675,0.16145500472137542,1.063286298889053,0.2,6.411588516600178e-05,0.9999562349884881,
confounding,confounding,synthetic,confounding_strength,3.0,x_learner,3,2000,2000,0.506,3.5717458724975586,0.6136452734053481,0.18366350473596882,0.4681608255704697,-0.18366350473596896,1.0087926713972664,0.8251291666612975,0.8517506249228681,0.050767791104447624,0.9025184160273158,0.5523977597455091,0.5117402327358948,0.5335823944887553,0.8090182716169639,0.506,2.744139973475248e-05,0.9999148807738771,0.231,0.2525,0.6912315373413772,0.17766065236422243,1.1367176611426328,0.2,2.4583428592421324e-05,0.999923881739039,
confounding,confounding,synthetic,confounding_strength,3.0,x_learner,4,2000,2000,0.489,3.669728994369507,0.6251872688061444,0.10695915011064006,0.47723198218429536,-0.10695915011064003,0.9903193784566898,0.8833602283460498,0.8701546128924865,0.05218097079206263,0.9223355836845492,0.6718530887895034,0.5344615858706634,0.5516722352078968,0.7225361371741119,0.489,1.0968836081616453e-05,0.9999785929082607,0.229,0.213,0.6801431893036229,0.15674844604185473,1.0124200144089188,0.2,5.334438393435392e-06,0.9999868880489339,
confounding,confounding,synthetic,confounding_strength,3.0,x_learner,5,2000,2000,0.5055,3.694338798522949,0.6275960230275733,0.13047424540789077,0.4667727091160056,-0.13047424540789065,0.9664879542782492,0.8360137088703584,0.936482331748822,0.04378607844870852,0.9802684101975305,0.5621374931723884,0.47230536820978813,0.5363738938443656,0.8652971723127366,0.5055,1.2030353755529024e-05,0.9996899020050752,0.226,0.2355,0.6673007433899502,0.1686782205820595,1.0467255569174587,0.3,2.3668391833659768e-05,0.9996109156327363,
confounding,confounding,synthetic,confounding_strength,3.0,x_learner,6,2000,2000,0.506,3.629373073577881,0.6011906318024509,0.14735063653695368,0.4554949983577575,-0.1473506365369538,1.003619649399195,0.8562690128622412,0.9820457822124913,0.05388769581821884,1.0359334780307101,0.4878189341324517,0.55272703009098,0.5603741973162731,0.7669595685294933,0.506,4.415132484811301e-05,0.9998583275133368,0.219,0.227,0.6691283544830455,0.15652598756601604,1.0560349132753648,0.2,1.9716230502898855e-05,0.9999033350218561,
confounding,confounding,synthetic,confounding_strength,3.0,x_learner,7,2000,2000,0.5095,3.575385332107544,0.6356882231657169,0.09026325966573145,0.4858116738646959,-0.09026325966573147,0.9985860310672204,0.908322771401489,0.9511784942570152,0.05107237027530287,1.002250864532318,0.5490191094604933,0.5387296732628887,0.5598146748421973,0.843418018962684,0.5095,3.154261444584684e-05,0.9999273186685765,0.222,0.229,0.6871720691169512,0.17060548417801155,0.9864048263779975,0.2,2.8609209202772686e-05,0.9999550052465405,
confounding,confounding,synthetic,confounding_strength,3.0,x_learner,8,2000,2000,0.5015,3.6448769569396973,0.6743030148850754,0.09156786040743214,0.5084995693356896,-0.09156786040743213,1.0063284488837538,0.9147605884763217,0.9992217288633051,0.042738768102302926,1.041960496965608,0.7039171552222987,0.5363581308191864,0.5405839056736979,0.8621646354072254,0.5015,4.1346334624324655e-05,0.9999420014298717,0.2145,0.2225,0.6681470133231199,0.16095760561629271,0.9804155971665184,0.25,2.5966150330933505e-05,0.9999546164393236,
confounding,confounding,synthetic,confounding_strength,3.0,x_learner,9,2000,2000,0.4895,3.690790891647339,0.6374806348321798,0.15289178146806304,0.4776452585085307,-0.15289178146806304,1.000148146210073,0.8472563647420099,0.8508302555486298,0.05644044445648011,0.9072707000051099,0.5639436948958183,0.49397259187771997,0.5598512277179958,0.8660550960693366,0.4895,6.120675119102716e-05,0.999943554126485,0.235,0.2145,0.6706947763963909,0.17355766944768275,0.9712809141096591,0.35,5.1082230900718104e-05,0.9999540657592597,
confounding,confounding,synthetic,confounding_strength,3.0,x_learner,10,2000,2000,0.488,3.711503028869629,0.6777677104572327,0.12331164811723816,0.511907148601386,-0.12331164811723812,1.0102761104198241,0.886964462302586,0.9604705063820478,0.060862416144595644,1.0213329225266434,0.6361087324424276,0.5564929282241357,0.5574148287555922,0.9013580239750163,0.488,2.4415213653132566e-05,0.999974510767797,0.259,0.2305,0.7101850665983607,0.18182048250214858,1.065365443045537,0.3,4.499284045065504e-05,0.9999805910241221,
confounding,confounding,synthetic,confounding_strength,3.0,x_learner,11,2000,2000,0.486,3.724273443222046,0.6322728355036084,0.17646262286327674,0.48587342405760797,-0.17646262286327666,1.004209171295834,0.8277465484325573,0.9850027720023509,0.04295934802808343,1.0279621200304343,0.6401543513279226,0.5254118739073287,0.5278872167371799,0.7965899884518269,0.486,1.366496279408597e-05,0.9999475687846142,0.238,0.218,0.6783838529407055,0.16908359487558883,1.100808902910011,0.25,1.3632500318128049e-05,0.9999562321069108,
confounding,confounding,synthetic,confounding_strength,3.0,x_learner,12,2000,2000,0.495,3.9313039779663086,0.6348715320183396,0.22859860647876173,0.4888837763006612,-0.22859860647876165,1.0076912717470716,0.7790926652683099,0.9527476981489087,0.06358465883890885,1.0163323569878175,0.6014799325959362,0.5329037467577488,0.583026649277182,0.7915572387880849,0.495,6.545150708941226e-05,0.9999951636351606,0.252,0.249,0.7067406740674067,0.17048940215403913,1.130806940630529,0.25,7.643558490900531e-05,0.9999901857782008,
confounding,confounding,synthetic,confounding_strength,3.0,x_learner,13,2000,2000,0.5045,3.603381395339966,0.5867491778955037,0.025801472021385274,0.44849142869108904,-0.025801472021385233,0.9934729095450703,0.967671437523685,0.9399254273286394,0.03205498031712617,0.9719804076457655,0.6359595169652418,0.46666359227959847,0.495497976593445,0.7136951244460318,0.5045,5.801892595536132e-05,0.9999854566711026,0.211,0.222,0.6599714576880727,0.1747511311592182,1.07941316866891,0.2,2.5275181495478224e-05,0.9999907115306089,
confounding,confounding,synthetic,confounding_strength,3.0,x_learner,14,2000,2000,0.503,3.5709660053253174,0.626265841963915,0.11730310741036853,0.47317883337257116,-0.11730310741036869,0.9864716718243007,0.8691685644139322,0.7909746900642108,0.06265647702135624,0.8536311670855671,0.6017638345165996,0.5308095947711149,0.5445104528212907,0.7927581267815811,0.503,1.7379481659865805e-05,0.9999724529307267,0.245,0.243,0.7239540623462445,0.1802147649666584,1.077048192523228,0.3,1.5484724545685875e-05,0.9999581967777228,
confounding,confounding,synthetic,confounding_strength,3.0,x_learner,15,2000,2000,0.507,3.6154961585998535,0.6043978634619851,0.07679918579000944,0.4561498305421509,-0.07679918579000952,0.9872567721697856,0.9104575863797761,1.0104290767937327,0.04613653147490937,1.056565608268642,0.6270026228765947,0.543056907257848,0.5305533375839534,0.7011826950186297,0.507,1.4176420282614103e-05,0.999979787077582,0.247,0.2545,0.7244219867093951,0.17275982796734407,1.1520548891617657,0.2,2.3656144021614383e-05,0.9999242181251706,
confounding,confounding,synthetic,confounding_strength,3.0,x_learner,16,2000,2000,0.5045,3.6859116554260254,0.6484683034226921,0.17426480852937654,0.4898849623555328,-0.17426480852937665,1.003893844164219,0.8296290356348424,0.9628434975729004,0.05854616850830807,1.0213896660812085,0.5523958897792566,0.5207193058965727,0.5522407919060139,0.8948658309222742,0.5045,2.6536490756885364e-05,0.999958304298408,0.2345,0.245,0.6985885856754397,0.16670728387451028,1.0796666862600857,0.25,3.5352728680659774e-05,0.9999426913004642,
confounding,confounding,synthetic,confounding_strength,3.0,x_learner,17,2000,2000,0.492,3.6279971599578857,0.621011683199314,0.043833959109055076,0.4792524631156666,-0.0438339591090551,0.9793423811024536,0.9355084219933986,0.8449918715395668,0.0560424077007976,0.9010342792403644,0.5787587765361084,0.5249076857759177,0.5861233574324926,0.7671972709466846,0.492,4.138830781295117e-05,0.9999293890755063,0.2195,0.21,0.6598809295179566,0.162123182441912,1.0657376382249855,0.2,1.4242362669893749e-05,0.9999673564634021,
confounding,confounding,synthetic,confounding_strength,3.0,x_learner,18,2000,2000,0.5145,3.705653429031372,0.6394578090287251,0.05136455392528427,0.4851005074769334,-0.051364553925284155,0.9985727292068496,0.9472081752815653,1.0458625572326106,0.033606239512101066,1.0794687967447116,0.6240964443586287,0.5193639587476275,0.5244341842711054,0.8374715821877659,0.5145,0.00014390839775563633,0.999889988619583,0.2185,0.2405,0.6887672532599917,0.16850428974003212,1.0870363550084587,0.25,0.00010780619375363077,0.9999082058482736,
confounding,confounding,synthetic,confounding_strength,3.0,x_learner,19,2000,2000,0.4965,3.6606733798980713,0.6344031046632612,0.111345390188754,0.4733856495215878,-0.1113453901887541,1.0013442425231096,0.8899988523343556,0.8883088561081718,0.0431870022601476,0.9314958583683194,0.6169296778800683,0.44200561264779986,0.6126586388176505,0.8115093345404483,0.4965,1.1616644872874296e-05,0.999953428160507,0.246,0.231,0.7053565624715611,0.16720457830785232,1.0841878839584316,0.2,1.8895351165923906e-05,0.9999498140078346,
confounding,confounding,synthetic,confounding_strength,3.0,x_learner,20,2000,2000,0.485,3.632218837738037,0.5944813225675518,0.07880504328519256,0.4463407570874781,-0.0788050432851926,0.9972729066129272,0.9184678633277347,0.9946237032883068,0.03961787262153116,1.034241575909838,0.5679884370518012,0.5080215143190706,0.5092932379322692,0.7573346985894266,0.485,0.0002907214484032489,0.9998640467523016,0.2435,0.213,0.6760684616154539,0.16364457830905402,1.0179913478722447,0.2,0.00027135349405086164,0.9999003346415996,
confounding,confounding,synthetic,confounding_strength,3.0,x_learner,21,2000,2000,0.486,3.897658348083496,0.6047487401299346,0.15115908330419436,0.47093828413327377,-0.1511590833041944,0.9942709486025046,0.8431118652983103,0.9107311753655237,0.07551366720618424,0.986244842571708,0.6275337381521119,0.5883097206078137,0.5353386201360815,0.6605980598404463,0.486,5.128989108036472e-05,0.999971644304683,0.241,0.208,0.6597332308529887,0.16311919158322397,1.0228497568834798,0.25,3.912301527430477e-05,0.9999850207982717,
confounding,confounding,synthetic,confounding_strength,3.0,x_learner,22,2000,2000,0.4995,3.654618978500366,0.6718272247419631,0.043464994360534526,0.5044978339079194,0.043464994360534394,1.005694401834314,1.0491593961948484,1.0065682576127202,0.030039917341820876,1.036608174954541,0.7247439802281304,0.5785350966333721,0.5681052112408648,0.7891178959226733,0.4995,7.877399199491053e-05,0.9999388978236433,0.228,0.231,0.688033688033688,0.16275955137743917,1.00986553925477,0.2,5.703357758186034e-05,0.9999149851826437,
confounding,confounding,synthetic,confounding_strength,3.0,x_learner,23,2000,2000,0.4945,3.5993263721466064,0.6265852880935062,0.11367462206202794,0.47090991379703967,-0.11367462206202811,0.9863786558371623,0.8727040337751344,0.94352679578921,0.04513134523637752,0.9886581410255875,0.6254797706967281,0.4807679405420086,0.494443501061605,0.8388082981677014,0.4945,4.026427630657443e-05,0.9999724141487691,0.237,0.2265,0.6711922142579252,0.17112117958611323,1.0396525914773416,0.25,1.777579926003965e-05,0.9999790436048887,
confounding,confounding,synthetic,confounding_strength,3.0,x_learner,24,2000,2000,0.495,3.6512725353240967,0.5932067945887508,0.047954904791525865,0.45879703604484173,0.04795490479152598,0.9987093506981598,1.0466642554896857,0.929094407735372,0.03917579002926319,0.9682701977646352,0.6728497294463135,0.4987829620702611,0.5511208183395644,0.63429633966326,0.495,4.6908833135535704e-05,0.9999858491846431,0.239,0.227,0.6913691369136914,0.17731960601004473,1.0671471226932119,0.25,3.138727586210259e-05,0.9999890181346418,
confounding,confounding,synthetic,confounding_strength,3.0,x_learner,25,2000,2000,0.502,3.683110475540161,0.6228390270457014,0.02397358236327929,0.47797406616280796,-0.0239735823632793,0.9991239276584803,0.9751503452952011,0.9270094133485243,0.040262383063229934,0.9672717964117542,0.6556223947584462,0.49357289794994685,0.5225217433942507,0.7779652383144559,0.502,7.207541283460327e-05,0.9999745771566306,0.2225,0.227,0.6751588025408407,0.17776320862466904,1.0757111646782058,0.3,6.65373501376511e-05,0.9999843559405901,
confounding,confounding,synthetic,confounding_strength,3.0,x_learner,26,2000,2000,0.506,3.7801480293273926,0.6585058552364234,0.06658044941116992,0.4997169014930065,0.0665804494111702,1.0171306539049356,1.0837111033161055,0.9918670988226513,0.03328955847604498,1.0251566572986963,0.6513611417383129,0.5550755604535964,0.650096235391489,0.7612585076522393,0.506,3.401765090035728e-05,0.9999571979406283,0.241,0.2525,0.7063657166631995,0.16623792206958884,1.0920660875585528,0.2,4.302165151765471e-05,0.9999163854274681,
confounding,confounding,synthetic,confounding_strength,3.0,x_learner,27,2000,2000,0.5,3.6089744567871094,0.6342711075345222,0.05521345385790677,0.47420009079726605,-0.05521345385790676,0.9959384935616975,0.9407250397037907,0.9154753803102219,0.047147841204511876,0.9626232215147338,0.689833845896559,0.528387059703559,0.5075691104296094,0.7723401645281452,0.5,6.436045612172977e-06,0.9999530757990165,0.2355,0.2425,0.685,0.1629947848137247,1.055593382358175,0.2,5.387391805975887e-06,0.9999494896326261,
confounding,confounding,synthetic,confounding_strength,3.0,x_learner,28,2000,2000,0.5265,3.631420135498047,0.6440219998828816,0.08315668425119926,0.48811241824864887,-0.08315668425119921,0.9766359953808899,0.8934793111296906,0.8001089241719207,0.047878738080766925,0.8479876622526876,0.7001366079909218,0.5121086617837997,0.5828547730636295,0.7529217140755753,0.5265,0.00019896770438223096,0.9999599224498552,0.206,0.241,0.6999060360552792,0.1663677030094058,0.9743353132888415,0.2,0.00014409743527918383,0.9999671058906219,
confounding,confounding,synthetic,confounding_strength,3.0,x_learner,29,2000,2000,0.5,3.6682887077331543,0.6449659607912482,0.22580965260366603,0.4805319220073399,-0.22580965260366606,0.9856623929546574,0.7598527403509914,0.8307287885516123,0.05743297183409257,0.8881617603857048,0.5592030162530669,0.4942418089182538,0.6053627355625356,0.8605099311689784,0.5,2.283379938215875e-05,0.9999587607164147,0.231,0.224,0.685,0.16093768471719655,1.0466221471322847,0.2,2.1714686832355336e-05,0.999964490785374,
confounding,confounding,synthetic,confounding_strength,3.0,neural_rep,0,2000,2000,0.4965,1.9532742500305176,0.5387187420303455,0.06826365937707368,0.40351311972619885,-0.06826365937707358,0.988634815670337,0.9203711562932633,0.9612572093081281,0.01338404046801378,0.9746412497761419,0.49843142976307975,0.3556439239780914,0.40784438350487817,0.7871581798243321,0.4965,3.383675965346559e-05,0.9999227731064358,0.224,0.236,0.6855085899209061,0.16616594811922064,1.0704719173082309,0.25,3.025872896274123e-05,0.9999375487075144,
confounding,confounding,synthetic,confounding_strength,3.0,neural_rep,1,2000,2000,0.509,6.630083322525024,0.5432369245069214,0.16917167993947146,0.3964495357016473,-0.16917167993947146,0.9947717733296532,0.8256000933901817,1.0436244526819625,0.020274798099893854,1.0638992507818563,0.3704737464598337,0.35247243976632525,0.46955525842980317,0.8357366010060016,0.509,0.00015604079960283816,0.9998862440250266,0.2225,0.2285,0.6839696061523933,0.15843115307765104,0.9912300883131849,0.25,0.00012964513018455336,0.9999272376623307,
confounding,confounding,synthetic,confounding_strength,3.0,neural_rep,2,2000,2000,0.5005,2.4973840713500977,0.5470986220503725,0.1666693387318764,0.4129611468904077,-0.1666693387318764,0.9804604494287746,0.8137911106968982,0.9291274507657377,0.00851900373314085,0.9376464544988785,0.4921095602890804,0.2388821306457358,0.37109013596916496,0.8719651531536645,0.5005,6.040285467036402e-05,0.999956545270345,0.2335,0.231,0.674950674950675,0.16145500472137542,1.063286298889053,0.2,6.411588516600178e-05,0.9999562349884881,
confounding,confounding,synthetic,confounding_strength,3.0,neural_rep,3,2000,2000,0.506,2.0549628734588623,0.5490826127910629,0.20711447650310133,0.39235788564970736,-0.2071144765031013,1.0087926713972664,0.801678194894165,0.8842643799171671,0.01825403611014864,0.9025184160273158,0.2970354339488819,0.37948963363776245,0.4722565116213616,0.8664284268474459,0.506,2.744139973475248e-05,0.9999148807738771,0.231,0.2525,0.6912315373413772,0.17766065236422243,1.1367176611426328,0.2,2.4583428592421324e-05,0.999923881739039,
confounding,confounding,synthetic,confounding_strength,3.0,neural_rep,4,2000,2000,0.489,1.8071637153625488,0.6060674387339264,0.25015457599830626,0.4646973259068254,-0.25015457599830637,0.9903193784566898,0.7401648024583836,0.9164202871713446,0.005915296513204549,0.9223355836845492,0.4492778998316053,0.26083362609143573,0.4609830430557193,0.9934187351826979,0.489,1.0968836081616453e-05,0.9999785929082607,0.229,0.213,0.6801431893036229,0.15674844604185473,1.0124200144089188,0.2,5.334438393435392e-06,0.9999868880489339,
confounding,confounding,synthetic,confounding_strength,3.0,neural_rep,5,2000,2000,0.5055,2.226916790008545,0.5883553465898826,0.1455530960907523,0.4435199785840803,-0.14555309609075234,0.9664879542782492,0.8209348581874969,0.939943126250463,0.04032528394706758,0.9802684101975305,0.39826004073269056,0.44665937485808993,0.5520824775516888,0.8495512557997716,0.5055,1.2030353755529024e-05,0.9996899020050752,0.226,0.2355,0.6673007433899502,0.1686782205820595,1.0467255569174587,0.3,2.3668391833659768e-05,0.9996109156327363,
confounding,confounding,synthetic,confounding_strength,3.0,neural_rep,6,2000,2000,0.506,2.423945426940918,0.4952152260354976,0.13363713404014943,0.3725730606786483,-0.1336371340401496,1.003619649399195,0.8699825153590455,1.0148041564162862,0.021129321614423935,1.0359334780307101,0.3891828979987615,0.3527196128494195,0.41158159815851975,0.7319006866122452,0.506,4.415132484811301e-05,0.9998583275133368,0.219,0.227,0.6691283544830455,0.15652598756601604,1.0560349132753648,0.2,1.9716230502898855e-05,0.9999033350218561,
confounding,confounding,synthetic,confounding_strength,3.0,neural_rep,7,2000,2000,0.5095,2.1934921741485596,0.5760233164528754,0.2270605610765053,0.43231179193109587,-0.2270605610765053,0.9985860310672204,0.7715254699907151,0.9632474909918562,0.039003373540461794,1.002250864532318,0.4536390118145773,0.38408093349979155,0.5041399404569622,0.8483795426030444,0.5095,3.154261444584684e-05,0.9999273186685765,0.222,0.229,0.6871720691169512,0.17060548417801155,0.9864048263779975,0.2,2.8609209202772686e-05,0.9999550052465405,
confounding,confounding,synthetic,confounding_strength,3.0,neural_rep,8,2000,2000,0.5015,2.3012044429779053,0.47534779334763344,0.11357289266606907,0.3648677540819728,-0.11357289266606904,1.0063284488837538,0.8927555562176848,1.0311828454755203,0.010777651490087692,1.041960496965608,0.4582459874497327,0.2874166504043745,0.36448355294243784,0.6916473973440975,0.5015,4.1346334624324655e-05,0.9999420014298717,0.2145,0.2225,0.6681470133231199,0.16095760561629271,0.9804155971665184,0.25,2.5966150330933505e-05,0.9999546164393236,
confounding,confounding,synthetic,confounding_strength,3.0,neural_rep,9,2000,2000,0.4895,2.931180477142334,0.5881429599719008,0.2669427625156092,0.43872457984367075,-0.2669427625156093,1.000148146210073,0.7332053836944638,0.8804806032261068,0.026790096779003125,0.9072707000051099,0.3537211495202332,0.40638170704711224,0.5087812339332948,0.9135236603476176,0.4895,6.120675119102716e-05,0.999943554126485,0.235,0.2145,0.6706947763963909,0.17355766944768275,0.9712809141096591,0.35,5.1082230900718104e-05,0.9999540657592597,
confounding,confounding,synthetic,confounding_strength,3.0,neural_rep,10,2000,2000,0.488,2.868798017501831,0.6001706281208126,0.3331079890567543,0.454079981311223,-0.33310798905675437,1.0102761104198241,0.6771681213630698,0.9689454352163301,0.052387487310313285,1.0213329225266434,0.35080999820242564,0.4765295410443515,0.5727365192468628,0.8732948829748086,0.488,2.4415213653132566e-05,0.999974510767797,0.259,0.2305,0.7101850665983607,0.18182048250214858,1.065365443045537,0.3,4.499284045065504e-05,0.9999805910241221,
confounding,confounding,synthetic,confounding_strength,3.0,neural_rep,11,2000,2000,0.486,3.5838394165039062,0.5925814443450728,0.30343669130916573,0.4584174295261313,-0.30343669130916556,1.004209171295834,0.7007724799866684,0.9993925766173466,0.028569543413087706,1.0279621200304343,0.35862192215502053,0.4502930895222909,0.5533834440484279,0.8757878093806625,0.486,1.366496279408597e-05,0.9999475687846142,0.238,0.218,0.6783838529407055,0.16908359487558883,1.100808902910011,0.25,1.3632500318128049e-05,0.9999562321069108,
confounding,confounding,synthetic,confounding_strength,3.0,neural_rep,12,2000,2000,0.495,2.3382840156555176,0.6304496808496489,0.3550801303768999,0.4795574134264192,-0.3550801303768998,1.0076912717470716,0.6526111413701717,0.9925720034653164,0.023760353522501165,1.0163323569878175,0.3561631735770272,0.3972082825692756,0.5590075568265933,0.9963689707083251,0.495,6.545150708941226e-05,0.9999951636351606,0.252,0.249,0.7067406740674067,0.17048940215403913,1.130806940630529,0.25,7.643558490900531e-05,0.9999901857782008,
confounding,confounding,synthetic,confounding_strength,3.0,neural_rep,13,2000,2000,0.5045,2.711061954498291,0.5401482064811591,0.04441618041327711,0.399582589778592,-0.04441618041327711,0.9934729095450703,0.9490567291317932,0.9640921366990272,0.007888270946738385,0.9719804076457655,0.4919251477203518,0.3354732648981367,0.4004749715739414,0.807544100703483,0.5045,5.801892595536132e-05,0.9999854566711026,0.211,0.222,0.6599714576880727,0.1747511311592182,1.07941316866891,0.2,2.5275181495478224e-05,0.9999907115306089,
confounding,confounding,synthetic,confounding_strength,3.0,neural_rep,14,2000,2000,0.503,2.503880739212036,0.5524062551140989,0.22043139637271858,0.39527938683008224,-0.22043139637271855,0.9864716718243007,0.7660402754515822,0.8260605980179455,0.027570569067621564,0.8536311670855671,0.3282142243851979,0.3960901335632482,0.4736222137075869,0.8553833704512426,0.503,1.7379481659865805e-05,0.9999724529307267,0.245,0.243,0.7239540623462445,0.1802147649666584,1.077048192523228,0.3,1.5484724545685875e-05,0.9999581967777228,
confounding,confounding,synthetic,confounding_strength,3.0,neural_rep,15,2000,2000,0.507,2.499885320663452,0.5565548782575374,0.26671270395554214,0.4237955635734484,-0.26671270395554225,0.9872567721697856,0.7205440682142434,1.034726016163548,0.021839592105094008,1.056565608268642,0.318822368136151,0.41164955068484393,0.5267234358552596,0.8309468678362666,0.507,1.4176420282614103e-05,0.999979787077582,0.247,0.2545,0.7244219867093951,0.17275982796734407,1.1520548891617657,0.2,2.3656144021614383e-05,0.9999242181251706,
confounding,confounding,synthetic,confounding_strength,3.0,neural_rep,16,2000,2000,0.5045,2.471724033355713,0.5354386277584817,0.07473576532279014,0.3967419083029647,-0.07473576532279022,1.003893844164219,0.9291580788414288,1.0060377620734664,0.015351904007742112,1.0213896660812085,0.4936998705336798,0.3033430639037781,0.4165543915183741,0.7984384501680749,0.5045,2.6536490756885364e-05,0.999958304298408,0.2345,0.245,0.6985885856754397,0.16670728387451028,1.0796666862600857,0.25,3.5352728680659774e-05,0.9999426913004642,
confounding,confounding,synthetic,confounding_strength,3.0,neural_rep,17,2000,2000,0.492,2.2942144870758057,0.5347583571219986,0.21442538626281593,0.404158488839716,-0.21442538626281585,0.9793423811024536,0.7649169948396377,0.865743837968905,0.035290441271459416,0.9010342792403644,0.35101343767227344,0.3905555376715041,0.510728180001492,0.7792808651360913,0.492,4.138830781295117e-05,0.9999293890755063,0.2195,0.21,0.6598809295179566,0.162123182441912,1.0657376382249855,0.2,1.4242362669893749e-05,0.9999673564634021,
confounding,confounding,synthetic,confounding_strength,3.0,neural_rep,18,2000,2000,0.5145,2.426830291748047,0.5739724732580934,0.1768405117543328,0.42773591941882244,-0.17684051175433263,0.9985727292068496,0.8217322174525168,1.0695246139895642,0.009944182755147413,1.0794687967447116,0.45604779518488325,0.2679242344528712,0.4518970481274689,0.9131285075089819,0.5145,0.00014390839775563633,0.999889988619583,0.2185,0.2405,0.6887672532599917,0.16850428974003212,1.0870363550084587,0.25,0.00010780619375363077,0.9999082058482736,
confounding,confounding,synthetic,confounding_strength,3.0,neural_rep,19,2000,2000,0.4965,3.154724597930908,0.5580668797629921,0.21028116708197797,0.41028895662247966,-0.21028116708197808,1.0013442425231096,0.7910630754411316,0.9172227599773604,0.014273098390959027,0.9314958583683194,0.3277407004765492,0.38765565145428543,0.5270830277764809,0.8427616389764543,0.4965,1.1616644872874296e-05,0.999953428160507,0.246,0.231,0.7053565624715611,0.16720457830785232,1.0841878839584316,0.2,1.8895351165923906e-05,0.9999498140078346,
confounding,confounding,synthetic,confounding_strength,3.0,neural_rep,20,2000,2000,0.485,2.2267417907714844,0.5637538529638272,0.23179582484592465,0.4140965007081481,-0.23179582484592487,0.9972729066129272,0.7654770817670026,1.0257610359518106,0.008480539958027444,1.034241575909838,0.35848143732225035,0.31647822324540775,0.46677336367209576,0.9081458292583204,0.485,0.0002907214484032489,0.9998640467523016,0.2435,0.213,0.6760684616154539,0.16364457830905402,1.0179913478722447,0.2,0.00027135349405086164,0.9999003346415996,
confounding,confounding,synthetic,confounding_strength,3.0,neural_rep,21,2000,2000,0.486,2.0087010860443115,0.5440317687966894,0.19460807883661413,0.4015880700465342,-0.19460807883661427,0.9942709486025046,0.7996628697658905,0.9700043097318947,0.016240532839813304,0.986244842571708,0.39279189017668503,0.33196690837941156,0.4791655109414882,0.8305390886146435,0.486,5.128989108036472e-05,0.999971644304683,0.241,0.208,0.6597332308529887,0.16311919158322397,1.0228497568834798,0.25,3.912301527430477e-05,0.9999850207982717,
confounding,confounding,synthetic,confounding_strength,3.0,neural_rep,22,2000,2000,0.4995,2.083223581314087,0.5436436475838002,0.14800382065981188,0.39531131926074714,-0.1480038206598119,1.005694401834314,0.857690581174502,1.0225959798092288,0.014012195145312267,1.036608174954541,0.43261023507341395,0.35754807850274883,0.4248623377257283,0.8286696641508143,0.4995,7.877399199491053e-05,0.9999388978236433,0.228,0.231,0.688033688033688,0.16275955137743917,1.00986553925477,0.2,5.703357758186034e-05,0.9999149851826437,
confounding,confounding,synthetic,confounding_strength,3.0,neural_rep,23,2000,2000,0.4945,2.787710666656494,0.4980693973621326,0.15117446263818668,0.381713694893804,-0.15117446263818682,0.9863786558371623,0.8352041931989757,0.9723654867000544,0.016292654325533062,0.9886581410255875,0.36211255863483105,0.36822179775670244,0.4419230252951771,0.7282058367003306,0.4945,4.026427630657443e-05,0.9999724141487691,0.237,0.2265,0.6711922142579252,0.17112117958611323,1.0396525914773416,0.25,1.777579926003965e-05,0.9999790436048887,
confounding,confounding,synthetic,confounding_strength,3.0,neural_rep,24,2000,2000,0.495,2.2332825660705566,0.5052977291763303,0.0780549842956284,0.36216113726419585,-0.07805498429562835,0.9987093506981598,0.9206543664025314,0.961075572208293,0.007194625556342205,0.9682701977646352,0.3744279495431188,0.29938270814398255,0.4012897919667028,0.7940046523614679,0.495,4.6908833135535704e-05,0.9999858491846431,0.239,0.227,0.6913691369136914,0.17731960601004473,1.0671471226932119,0.25,3.138727586210259e-05,0.9999890181346418,
confounding,confounding,synthetic,confounding_strength,3.0,neural_rep,25,2000,2000,0.502,3.8206706047058105,0.5133494981002196,0.05278229113594779,0.3886815442170741,-0.052782291135947776,0.9991239276584803,0.9463416365225326,0.9572301014402891,0.01004169497146512,0.9672717964117542,0.4541421070776291,0.3856344534409532,0.45904815412929656,0.6988752648991547,0.502,7.207541283460327e-05,0.9999745771566306,0.2225,0.227,0.6751588025408407,0.17776320862466904,1.0757111646782058,0.3,6.65373501376511e-05,0.9999843559405901,
confounding,confounding,synthetic,confounding_strength,3.0,neural_rep,26,2000,2000,0.506,3.2147269248962402,0.5726884599104571,0.08331650908389254,0.42152318344787604,-0.08331650908389224,1.0171306539049356,0.9338141448210431,1.0122461535353984,0.012910503763297942,1.0251566572986963,0.457632951852106,0.3477564043260672,0.4758321915506606,0.8689704129438893,0.506,3.401765090035728e-05,0.9999571979406283,0.241,0.2525,0.7063657166631995,0.16623792206958884,1.0920660875585528,0.2,4.302165151765471e-05,0.9999163854274681,
confounding,confounding,synthetic,confounding_strength,3.0,neural_rep,27,2000,2000,0.5,2.5662457942962646,0.5871612198516761,0.2905718236356073,0.4392635935343244,-0.29057182363560724,0.9959384935616975,0.7053666699260902,0.9511491602923532,0.011474061222380594,0.9626232215147338,0.3271707151523498,0.3001523098440779,0.5316011791759071,0.9483149754863007,0.5,6.436045612172977e-06,0.9999530757990165,0.2355,0.2425,0.685,0.1629947848137247,1.055593382358175,0.2,5.387391805975887e-06,0.9999494896326261,
confounding,confounding,synthetic,confounding_strength,3.0,neural_rep,28,2000,2000,0.5265,2.1514298915863037,0.5591280757231164,0.15005091251585367,0.4205492282645937,-0.15005091251585362,0.9766359953808899,0.8265850828650362,0.839839203712656,0.008148458540031656,0.8479876622526876,0.5121405167034447,0.21495509400448964,0.33496261566876745,0.9109353791921396,0.5265,0.00019896770438223096,0.9999599224498552,0.206,0.241,0.6999060360552792,0.1663677030094058,0.9743353132888415,0.2,0.00014409743527918383,0.9999671058906219,
confounding,confounding,synthetic,confounding_strength,3.0,neural_rep,29,2000,2000,0.5,2.2665789127349854,0.6750453628495457,0.39743160570781166,0.5132015615592473,-0.3974316057078116,0.9856623929546574,0.5882307872468457,0.8093817218778916,0.07878003850781323,0.8881617603857048,0.36301858054147346,0.5068455126224675,0.6298253531109956,1.0185235042518317,0.5,2.283379938215875e-05,0.9999587607164147,0.231,0.224,0.685,0.16093768471719655,1.0466221471322847,0.2,2.1714686832355336e-05,0.999964490785374,
