experiment,config_name,dataset,condition,condition_value,model,seed,n_train,n_test,treated_fraction_train,fit_seconds,selected_config,selected_index,val_mse_selected,n_configs_evaluated,tuning_seconds,refit_seconds,pehe,abs_ate_error,cate_mae,cate_bias,ate_true,ate_hat,policy_value,policy_regret,optimal_policy_value,pehe_tau_q1,pehe_tau_q2,pehe_tau_q3,pehe_tau_q4,diag_treated_fraction,diag_ps_min,diag_ps_max,diag_ps_frac_below_0.1,diag_ps_frac_above_0.9,diag_ps_ks_treated_vs_control,diag_smd_mean,diag_smd_max,diag_smd_frac_above_0.1,error,diag_true_ps_min,diag_true_ps_max
fair_selection,fair_selection,synthetic,scenario,ihdp_baseline,s_learner,0,672,75,0.18303571428571427,1.2276496887207031,"{'base_learner': 'gbm', 'n_estimators': 200, 'max_depth': 2, 'learning_rate': 0.05}",3,0.24305566248526458,6,1.044450283050537,0.1818242073059082,0.5236560938079652,0.12941537041175533,0.43811131590616537,-0.129415370411755,4.05634575318767,3.9269303827759146,6.437065841667993,0.0038213295139675196,6.44088717118196,0.7355537789238892,0.32414147227285217,0.30387326033013445,0.591197325246411,0.18303571428571427,0.015537093975601997,0.5622980946615538,0.31547619047619047,0.0,0.3786485405837665,0.1840815109040787,0.37851628205057564,0.68,,,
fair_selection,fair_selection,synthetic,scenario,ihdp_baseline,s_learner,1,672,75,0.19196428571428573,1.303758144378662,"{'base_learner': 'gbm', 'n_estimators': 100, 'max_depth': 3, 'learning_rate': 0.05}",2,0.2682674072990369,6,1.1385324001312256,0.1585845947265625,0.4561470679209006,0.25816834079580175,0.3467490331811363,-0.2581683407958014,4.2142477603062325,3.9560794195104307,8.238802977146783,0.0,8.238802977146783,0.42931592087221754,0.23748008190012254,0.39766726350165793,0.6522649617192435,0.19196428571428573,0.014780819396271709,0.5968684185640735,0.28273809523809523,0.0,0.36866675232344,0.17594519971689987,0.38953028248571747,0.64,,,
fair_selection,fair_selection,synthetic,scenario,ihdp_baseline,s_learner,2,672,75,0.18154761904761904,1.4723420143127441,"{'base_learner': 'gbm', 'n_estimators': 100, 'max_depth': 2, 'learning_rate': 0.1}",1,0.23362024362987088,6,1.3588340282440186,0.11209225654602051,0.6791573549165988,0.16867430910467363,0.4339532494538212,-0.16867430910467404,4.064009157208732,3.895334848104058,7.462933979593411,0.0290861138587859,7.492020093452197,1.1194051327653258,0.45395282398158526,0.3757739358820843,0.4844122556335516,0.18154761904761904,0.01554288550564484,0.5701034846394465,0.3273809523809524,0.0,0.40321907600596124,0.178924329173562,0.42111588545858597,0.64,,,
fair_selection,fair_selection,synthetic,scenario,ihdp_baseline,s_learner,3,672,75,0.19047619047619047,1.722249984741211,"{'base_learner': 'gbm', 'n_estimators': 400, 'max_depth': 3, 'learning_rate': 0.05}",5,0.1784548411265441,6,1.1814093589782715,0.5375654697418213,1.116347373410968,0.07768227745559741,0.8078373895042051,-0.07768227745559778,4.011240467092333,3.9335581896367353,12.339480086958448,0.11979211558985448,12.459272202548302,1.6906323337647557,0.6011702862011407,0.5929790562943045,1.1692255959574758,0.19047619047619047,0.0165943188066821,0.5727596596424224,0.27827380952380953,0.0,0.36672794117647056,0.17660289427310588,0.3762902074312649,0.68,,,
fair_selection,fair_selection,synthetic,scenario,ihdp_baseline,s_learner,4,672,75,0.18601190476190477,1.485199213027954,"{'base_learner': 'gbm', 'n_estimators': 200, 'max_depth': 3, 'learning_rate': 0.1}",4,0.1688294336796559,6,1.2174363136291504,0.26573634147644043,1.4997705034771214,0.1505330855289131,1.0623464530447262,-0.15053308552891406,4.163696052943034,4.013162967414121,11.24351711893177,0.13850569471886764,11.382022813650638,2.0515448463380137,1.3467845617136232,1.513932256993272,0.8122009039680302,0.18601190476190477,0.014909819501311839,0.5517940105889383,0.30952380952380953,0.0,0.39072760511883,0.17852572689103735,0.37453576081259893,0.68,,,
fair_selection,fair_selection,synthetic,scenario,ihdp_baseline,s_learner,5,672,75,0.19345238095238096,1.2345616817474365,"{'base_learner': 'gbm', 'n_estimators': 100, 'max_depth': 2, 'learning_rate': 0.1}",1,0.2365881370282875,6,1.1325922012329102,0.10021090507507324,0.5992424278457167,0.08679026936475553,0.3552339007179269,0.08679026936475577,3.9331437410854035,4.019934010450159,6.383491605800797,0.0,6.383491605800797,1.0583366292603569,0.426790526789787,0.3362305496307658,0.10851585348710614,0.19345238095238096,0.016859497504150667,0.5992615257193149,0.27976190476190477,0.0,0.3971898949758728,0.17606695196495736,0.40839385268331657,0.64,,,
fair_selection,fair_selection,synthetic,scenario,ihdp_baseline,s_learner,6,672,75,0.18452380952380953,1.214719295501709,"{'base_learner': 'gbm', 'n_estimators': 100, 'max_depth': 2, 'learning_rate': 0.1}",1,0.2421510970344897,6,1.1042943000793457,0.10902976989746094,0.4389232379089185,0.2722082141572635,0.3782863917108943,-0.27220821415726293,4.016693170673207,3.7444849565159437,5.467977141813069,0.0,5.467977141813069,0.4619216483826658,0.43635853780574074,0.48435319949775013,0.36348023502981514,0.18452380952380953,0.0122836648095902,0.5601753357873364,0.2916666666666667,0.0,0.3874499646809513,0.1707833552677563,0.40026893257586565,0.64,,,
fair_selection,fair_selection,synthetic,scenario,ihdp_baseline,s_learner,7,672,75,0.18898809523809523,1.3941254615783691,"{'base_learner': 'gbm', 'n_estimators': 200, 'max_depth': 2, 'learning_rate': 0.05}",3,0.19906665454881506,6,1.180340051651001,0.21179437637329102,1.1832101332472114,0.052825330017040706,0.669832655414882,0.05282533001704086,3.5578866081987015,3.610711938215742,8.381534215985404,0.13122708976815112,8.512761305753555,2.207610794357446,0.5018871635205915,0.6883796833077871,0.428323534579401,0.18898809523809523,0.013495985011059728,0.5932627568172648,0.3020833333333333,0.0,0.4084230296900961,0.18544552237956252,0.43473334556619453,0.68,,,
fair_selection,fair_selection,synthetic,scenario,ihdp_baseline,s_learner,8,672,75,0.19345238095238096,1.650048017501831,"{'base_learner': 'gbm', 'n_estimators': 400, 'max_depth': 3, 'learning_rate': 0.05}",5,0.11139709549406125,6,1.1156952381134033,0.5316603183746338,21.13626198548209,1.6538374657584338,9.630342788296248,1.6538374657584352,10.668346257956449,12.322183723714883,57.447696064451776,0.6136200283096187,58.061316092761395,40.43750514830059,6.885292324062643,6.284655228695822,6.622138832630499,0.19345238095238096,0.01480705591124428,0.6894771163752703,0.3020833333333333,0.0,0.40607436843599204,0.1824866843491901,0.3560993634276682,0.64,,,
fair_selection,fair_selection,synthetic,scenario,ihdp_baseline,s_learner,9,672,75,0.1800595238095238,1.5264253616333008,"{'base_learner': 'gbm', 'n_estimators': 400, 'max_depth': 3, 'learning_rate': 0.05}",5,0.0870355720377602,6,1.0410680770874023,0.4831857681274414,2.9339812084165486,0.15979447014867354,1.7626626652458393,0.1597944701486728,5.304671650267495,5.464466120416168,26.53915025809739,0.0489505974448079,26.588100855542198,5.4089531860087305,1.1594434959432343,1.8831221595972705,1.1715437440901781,0.1800595238095238,0.015356333100467318,0.614268559303028,0.3273809523809524,0.0,0.36747611405258657,0.1805341423846863,0.3874702659193068,0.68,,,
fair_selection,fair_selection,synthetic,scenario,ihdp_baseline,s_learner,10,672,75,0.18601190476190477,1.3303368091583252,"{'base_learner': 'gbm', 'n_estimators': 200, 'max_depth': 2, 'learning_rate': 0.05}",3,0.1444438661636766,6,1.1080925464630127,0.22036194801330566,0.8014929931366789,0.2143820710661979,0.5806758166927074,-0.21438207106619747,4.335689215411743,4.121307144345545,8.581004323616582,0.017943244460147056,8.59894756807673,0.9700056614762731,0.6996577131255391,0.7103435479169009,0.7915165332578409,0.18601190476190477,0.015471563899278569,0.580730954614321,0.28422619047619047,0.0,0.38249360146252287,0.1757904914173024,0.36082088623975367,0.64,,,
fair_selection,fair_selection,synthetic,scenario,ihdp_baseline,s_learner,11,672,75,0.1875,1.7984583377838135,"{'base_learner': 'gbm', 'n_estimators': 400, 'max_depth': 3, 'learning_rate': 0.05}",5,0.13183699117406417,6,1.217827320098877,0.5780863761901855,1.5651909062455818,0.06245061901656079,1.197708016452389,-0.06245061901655989,4.390080635994342,4.327630016977781,13.44385613242315,0.10706544437195298,13.550921576795103,2.2567411903190973,0.9134780671443871,1.2316856855841,1.5066179555340389,0.1875,0.01741262031357248,0.6618507329651547,0.30952380952380953,0.0,0.38400488400488403,0.18346590456712608,0.40355290335897287,0.6,,,
fair_selection,fair_selection,synthetic,scenario,ihdp_baseline,s_learner,12,672,75,0.18303571428571427,1.6383283138275146,"{'base_learner': 'gbm', 'n_estimators': 400, 'max_depth': 3, 'learning_rate': 0.05}",5,0.17497359177018026,6,1.1321377754211426,0.5037176609039307,22.01402322240218,5.568711154713505,15.095831873868468,5.568711154713503,8.167656931020298,13.736368085733803,84.17643926744945,0.5145370044296413,84.6909762718791,38.60625784389775,12.085754428226148,11.355277705976274,12.457906066446927,0.18303571428571427,0.016671550331679295,0.578495639764899,0.3288690476190476,0.0,0.38144742103158735,0.17752235681875578,0.375524745742867,0.64,,,
fair_selection,fair_selection,synthetic,scenario,ihdp_baseline,s_learner,13,672,75,0.18303571428571427,1.2528176307678223,"{'base_learner': 'gbm', 'n_estimators': 100, 'max_depth': 3, 'learning_rate': 0.05}",2,0.25863382064734414,6,1.1207118034362793,0.13080382347106934,0.4512863245846419,0.09276253869880113,0.35461239748936835,-0.09276253869880127,3.9256817327171536,3.8329191940183525,6.247837970016093,0.0,6.247837970016093,0.48882055118972806,0.36975210989736373,0.47150980666262315,0.43240289621629846,0.18303571428571427,0.014032908181168827,0.61156006145801,0.36160714285714285,0.0,0.4250299880047981,0.18868005232949286,0.42812996619243,0.6,,,
fair_selection,fair_selection,synthetic,scenario,ihdp_baseline,s_learner,14,672,75,0.19047619047619047,1.2907676696777344,"{'base_learner': 'gbm', 'n_estimators': 200, 'max_depth': 3, 'learning_rate': 0.1}",4,0.2389081019752212,6,1.0515756607055664,0.23751139640808105,1.548895352449651,0.20225091858198851,1.070584563954189,0.20225091858198802,3.9636861517499717,4.16593707033196,10.454824202390894,0.09391549195213322,10.548739694343027,2.7120335992598226,0.6696630180835416,0.8737282488322952,0.9626353163308085,0.19047619047619047,0.01283987166930908,0.5913113117625519,0.30952380952380953,0.0,0.4094669117647059,0.1893381854682727,0.4032651071445681,0.64,,,
fair_selection,fair_selection,synthetic,scenario,ihdp_baseline,s_learner,15,672,75,0.19345238095238096,1.1955957412719727,"{'base_learner': 'gbm', 'n_estimators': 100, 'max_depth': 3, 'learning_rate': 0.05}",2,0.21693989089707844,6,1.062741756439209,0.13129711151123047,0.7515246855427734,0.08638055845172676,0.5502846557794375,-0.08638055845172886,4.488906434591061,4.402525876139334,8.900826912840778,0.0129099120055578,8.913736824846335,1.0893108672161738,0.45446552553079045,0.6797919340797363,0.6205223385841729,0.19345238095238096,0.013771473535222034,0.5823490563892421,0.29017857142857145,0.0,0.41038887311950045,0.18737543530427606,0.38365521215114984,0.68,,,
fair_selection,fair_selection,synthetic,scenario,ihdp_baseline,s_learner,16,672,75,0.18452380952380953,1.2555313110351562,"{'base_learner': 'gbm', 'n_estimators': 200, 'max_depth': 3, 'learning_rate': 0.1}",4,0.16798945331987097,6,1.0186083316802979,0.2352128028869629,1.8464784165684371,0.0516514550474505,1.4769122021824066,-0.05165145504744959,3.8251275537781826,3.773476098730732,14.605025003171129,0.13033293763291454,14.735357940804043,2.6699288787747033,1.347598237949114,1.623763461304552,1.4046048441068928,0.18452380952380953,0.01643692499010905,0.5842100480842497,0.31994047619047616,0.0,0.37673651989639745,0.18297148387238008,0.40866248569475044,0.64,,,
fair_selection,fair_selection,synthetic,scenario,ihdp_baseline,s_learner,17,672,75,0.19047619047619047,1.5259804725646973,"{'base_learner': 'gbm', 'n_estimators': 400, 'max_depth': 3, 'learning_rate': 0.05}",5,0.13234133769170256,6,1.0446641445159912,0.4790079593658447,1.317560216634294,0.1328002371335275,0.9037707507948298,-0.13280023713352582,3.7452895448900776,3.61248930775655,12.534804761332136,0.017144968912615965,12.551949730244752,2.011157656037687,1.0386229956625044,1.0248125181405485,0.8576335177749437,0.19047619047619047,0.013476380342139428,0.5887260388472878,0.2931547619047619,0.0,0.39016544117647056,0.17703394042223594,0.39867588841528373,0.64,,,
fair_selection,fair_selection,synthetic,scenario,ihdp_baseline,s_learner,18,672,75,0.19196428571428573,1.4920122623443604,"{'base_learner': 'gbm', 'n_estimators': 400, 'max_depth': 3, 'learning_rate': 0.05}",5,0.1422727212500044,6,1.0187039375305176,0.470257043838501,1.6827710845995596,0.04843430233614976,1.1103284792503147,0.04843430233615029,3.9330175940637546,3.9814518963999044,11.096316337420133,0.17308027611243837,11.269396613532571,2.9713978387700957,0.837849988323204,1.111652426806943,0.669189373454221,0.19196428571428573,0.010555947128387845,0.6221962742786185,0.3229166666666667,0.0,0.4100389738318558,0.19747708740398498,0.4434779232077364,0.68,,,
fair_selection,fair_selection,synthetic,scenario,ihdp_baseline,s_learner,19,672,75,0.1800595238095238,1.2068595886230469,"{'base_learner': 'gbm', 'n_estimators': 100, 'max_depth': 2, 'learning_rate': 0.1}",1,0.24236637657106727,6,1.0957419872283936,0.1097710132598877,0.9248190249297655,0.13271533527954738,0.6338508863773388,-0.1327153352795467,4.182856218826348,4.050140883546801,7.383558221117317,0.029765237765394303,7.4133234588827115,1.5218878676943406,0.46670775457634556,0.6509600553725465,0.655669004394163,0.1800595238095238,0.013806755208880923,0.5773035454954967,0.3125,0.0,0.3819951703139296,0.1801313019120182,0.41654759417115234,0.64,,,
fair_selection,fair_selection,synthetic,scenario,ihdp_baseline,s_learner,20,672,75,0.18303571428571427,1.503223180770874,"{'base_learner': 'gbm', 'n_estimators': 200, 'max_depth': 3, 'learning_rate': 0.1}",4,0.12839965297654568,6,1.2070207595825195,0.29374241828918457,2.9511172610383114,0.8659859051308771,2.077096618269665,-0.8659859051308768,4.722805469184018,3.856819564053141,20.1909197426441,0.23975654641647992,20.430676289060578,4.080487448680782,2.2945355485635455,2.6917806375790447,2.3439591467455116,0.18303571428571427,0.017580336562783787,0.5613705514801535,0.2961309523809524,0.0,0.38104758096761293,0.16879439172196012,0.3655902985857423,0.64,,,
fair_selection,fair_selection,synthetic,scenario,ihdp_baseline,s_learner,21,672,75,0.1800595238095238,1.2471692562103271,"{'base_learner': 'gbm', 'n_estimators': 100, 'max_depth': 3, 'learning_rate': 0.05}",2,0.2619798312817446,6,1.0946407318115234,0.14937233924865723,0.4498207252369171,0.14747419934302242,0.35883454891513833,-0.1474741993430212,4.107409742058923,3.959935542715901,7.276592063734127,0.0,7.276592063734127,0.5818076738092615,0.4561007311362839,0.33821742408902417,0.38566189644493626,0.1800595238095238,0.013549389161361159,0.5467422714251008,0.34077380952380953,0.0,0.40477868938518996,0.1803477417451047,0.37690713236920903,0.68,,,
fair_selection,fair_selection,synthetic,scenario,ihdp_baseline,s_learner,22,672,75,0.18452380952380953,1.6486234664916992,"{'base_learner': 'gbm', 'n_estimators': 400, 'max_depth': 3, 'learning_rate': 0.05}",5,0.19794899911390007,6,1.1545662879943848,0.4913976192474365,1.2476510752680583,0.09049655222825592,0.9324541362372127,0.09049655222825498,4.623469641373431,4.713966193601687,11.082885124972568,0.05570897962124377,11.138594104593812,2.0219756765774544,0.8554828702199748,0.8784352392992418,0.7689201402322638,0.18452380952380953,0.013873625193160872,0.6040224336782075,0.30357142857142855,0.0,0.37962090887685424,0.18474807861552772,0.3733718584533806,0.68,,,
fair_selection,fair_selection,synthetic,scenario,ihdp_baseline,s_learner,23,672,75,0.18452380952380953,1.256650686264038,"{'base_learner': 'gbm', 'n_estimators': 200, 'max_depth': 3, 'learning_rate': 0.1}",4,0.12522869538737322,6,1.0271172523498535,0.22785043716430664,4.016821898438914,0.8878296962442485,2.2875991989043456,0.8878296962442486,2.019971662565434,2.9078013588096825,16.493960759229626,0.2921370924144533,16.78609785164408,7.5086558613857655,1.3591362450975617,1.4900422455139406,1.8275840000776398,0.18452380952380953,0.013045008086306197,0.5695740534206457,0.29464285714285715,0.0,0.4062279255945373,0.18043539779170265,0.3958742653850422,0.64,,,
fair_selection,fair_selection,synthetic,scenario,ihdp_baseline,s_learner,24,672,75,0.18452380952380953,1.496976375579834,"{'base_learner': 'gbm', 'n_estimators': 400, 'max_depth': 3, 'learning_rate': 0.05}",5,0.12963486569205773,6,1.0301480293273926,0.4646596908569336,2.6159341704876757,0.5729593971386802,1.1321360426238527,0.5729593971386805,4.015211833260161,4.588171230398841,10.474292629875107,0.23387151910533177,10.708164148980439,5.094749059304598,0.5076144750348041,0.4978970825864582,0.7508677250207958,0.18452380952380953,0.015405953425030691,0.5854415196335634,0.31398809523809523,0.0,0.39904638568401224,0.18415006753825558,0.40724298221597505,0.64,,,
fair_selection,fair_selection,synthetic,scenario,ihdp_baseline,s_learner,25,672,75,0.17857142857142858,1.5652580261230469,"{'base_learner': 'gbm', 'n_estimators': 400, 'max_depth': 3, 'learning_rate': 0.05}",5,0.11493743671739488,6,1.0464105606079102,0.5163462162017822,8.065586956803811,1.774007908505606,5.305858112315137,1.7740079085056057,2.3657951812226976,4.139803089728304,35.97973265884307,0.5360911502977217,36.51582380914079,14.183349913284216,5.10122093077475,4.14926884683307,3.7086647782891218,0.17857142857142858,0.013645521759281732,0.5734559729128814,0.34523809523809523,0.0,0.3789855072463768,0.1943690908045554,0.4049938513041168,0.68,,,
fair_selection,fair_selection,synthetic,scenario,ihdp_baseline,s_learner,26,672,75,0.18154761904761904,1.2121222019195557,"{'base_learner': 'gbm', 'n_estimators': 100, 'max_depth': 3, 'learning_rate': 0.05}",2,0.23837494390009864,6,1.0877676010131836,0.12303996086120605,0.8205941409724464,0.09828598765275709,0.6036118206237517,-0.0982859876527562,4.069120522463573,3.9708345348108156,8.988753331461467,0.029943487235994937,9.018696818697462,1.1436993584749244,0.5562358567288651,0.535291063912711,0.877701116174419,0.18154761904761904,0.012761059669307876,0.5588221332571895,0.2857142857142857,0.0,0.3951117734724292,0.1739283739874525,0.3824062815161629,0.64,,,
fair_selection,fair_selection,synthetic,scenario,ihdp_baseline,s_learner,27,672,75,0.18601190476190477,1.513657569885254,"{'base_learner': 'gbm', 'n_estimators': 400, 'max_depth': 3, 'learning_rate': 0.05}",5,0.11954844980549018,6,1.037398099899292,0.47390055656433105,37.371055277730214,7.389756948933721,20.9405062926815,7.389756948933723,-0.6684755489869564,6.721281399946765,80.92584702811729,1.9217625742210487,82.84760960233834,70.88664984557585,8.593270094220243,13.586158314128383,15.278071745869266,0.18601190476190477,0.016388737782577916,0.5971132113641607,0.31101190476190477,0.0,0.4133528336380256,0.18391883189618366,0.37453576081259893,0.64,,,
fair_selection,fair_selection,synthetic,scenario,ihdp_baseline,s_learner,28,672,75,0.18898809523809523,1.1770174503326416,"{'base_learner': 'gbm', 'n_estimators': 200, 'max_depth': 2, 'learning_rate': 0.05}",3,0.14642244085414516,6,0.9902670383453369,0.1853938102722168,1.3261952360527633,0.172440610923001,0.9940945402622168,-0.17244061092299987,3.7867168106442683,3.6142761997212673,9.985711710331314,0.0687810831004736,10.054492793431788,1.943341040661402,1.372391520394473,1.1225937710820888,0.6476706481683847,0.18898809523809523,0.015601823650282235,0.6162501837139163,0.3020833333333333,0.0,0.37058441089359245,0.18125370686711118,0.41108319496819673,0.64,,,
fair_selection,fair_selection,synthetic,scenario,ihdp_baseline,s_learner,29,672,75,0.1875,1.3467977046966553,"{'base_learner': 'gbm', 'n_estimators': 200, 'max_depth': 3, 'learning_rate': 0.1}",4,0.13476414357017394,6,1.110565185546875,0.2346343994140625,1.1907752282367576,0.2879806051813514,0.9096302615826416,-0.28798060518135093,5.052511980262755,4.764531375081404,11.344938263210697,0.02716936678371873,11.372107629994415,1.5223988166792268,1.1784930768684454,1.1560067517468,0.7920576453798841,0.1875,0.011679989991218618,0.5838689209700921,0.32589285714285715,0.0,0.39255189255189255,0.1859399703013082,0.40878972159479804,0.64,,,
fair_selection,fair_selection,synthetic,scenario,ihdp_baseline,t_learner,0,672,75,0.18303571428571427,1.7500979900360107,"{'base_learner': 'gbm', 'n_estimators': 200, 'max_depth': 2, 'learning_rate': 0.05}",3,0.24960054861858752,6,1.4825844764709473,0.2659323215484619,0.5649655283466753,0.07421425364654066,0.4672443050306154,0.07421425364653998,4.05634575318767,4.1305600068342105,6.44088717118196,0.0,6.44088717118196,0.6437099283094999,0.5625507669191687,0.3984406714444315,0.622109385844379,0.18303571428571427,0.015537093975601997,0.5622980946615538,0.31547619047619047,0.0,0.3786485405837665,0.1840815109040787,0.37851628205057564,0.68,,,
fair_selection,fair_selection,synthetic,scenario,ihdp_baseline,t_learner,1,672,75,0.19196428571428573,1.8686270713806152,"{'base_learner': 'gbm', 'n_estimators': 200, 'max_depth': 2, 'learning_rate': 0.05}",3,0.26808367982162556,6,1.597729206085205,0.2692990303039551,0.589741304889641,0.06551918195037043,0.46015709059442744,-0.06551918195036988,4.2142477603062325,4.148728578355862,8.238802977146783,0.0,8.238802977146783,0.5459433399172177,0.46089078091722124,0.6437672490373052,0.6776013135287555,0.19196428571428573,0.014780819396271709,0.5968684185640735,0.28273809523809523,0.0,0.36866675232344,0.17594519971689987,0.38953028248571747,0.64,,,
fair_selection,fair_selection,synthetic,scenario,ihdp_baseline,t_learner,2,672,75,0.18154761904761904,1.5540542602539062,"{'base_learner': 'gbm', 'n_estimators': 50, 'max_depth': 2, 'learning_rate': 0.05}",0,0.2338279440389922,6,1.4865455627441406,0.06624579429626465,0.618850002140455,0.06108894805188747,0.40298867337020217,-0.061088948051886964,4.064009157208732,4.002920209156844,7.462933979593411,0.0290861138587859,7.492020093452197,1.03740983747377,0.3907408639586663,0.36042429242478174,0.40271045762260027,0.18154761904761904,0.01554288550564484,0.5701034846394465,0.3273809523809524,0.0,0.40321907600596124,0.178924329173562,0.42111588545858597,0.64,,,
fair_selection,fair_selection,synthetic,scenario,ihdp_baseline,t_learner,3,672,75,0.19047619047619047,1.7773857116699219,"{'base_learner': 'gbm', 'n_estimators': 200, 'max_depth': 2, 'learning_rate': 0.05}",3,0.17572496429896814,6,1.5068883895874023,0.26853013038635254,0.8582627577296787,0.0028264419140127117,0.623706811554768,0.0028264419140122026,4.011240467092333,4.014066909006345,12.359729999230659,0.09954220331764319,12.459272202548302,1.2555341546987455,0.734977531131808,0.4502462764899927,0.7853929581674324,0.19047619047619047,0.0165943188066821,0.5727596596424224,0.27827380952380953,0.0,0.36672794117647056,0.17660289427310588,0.3762902074312649,0.68,,,
fair_selection,fair_selection,synthetic,scenario,ihdp_baseline,t_learner,4,672,75,0.18601190476190477,1.6071751117706299,"{'base_learner': 'gbm', 'n_estimators': 100, 'max_depth': 2, 'learning_rate': 0.1}",1,0.16075919302456945,6,1.4747390747070312,0.1306290626525879,1.302941272094007,0.014895105760809102,0.8743698767387086,-0.014895105760809374,4.163696052943034,4.148800947182225,11.267101011514551,0.11492180213608627,11.382022813650638,1.8584973347868188,0.9655244929303031,1.3242583917963604,0.7812992233578968,0.18601190476190477,0.014909819501311839,0.5517940105889383,0.30952380952380953,0.0,0.39072760511883,0.17852572689103735,0.37453576081259893,0.68,,,
fair_selection,fair_selection,synthetic,scenario,ihdp_baseline,t_learner,5,672,75,0.19345238095238096,1.5785527229309082,"{'base_learner': 'gbm', 'n_estimators': 100, 'max_depth': 3, 'learning_rate': 0.05}",2,0.23117172607787156,6,1.4266598224639893,0.15035462379455566,0.6893979767741777,0.0028622746540887256,0.519060935210095,0.0028622746540885955,3.9331437410854035,3.9360060157394923,6.383491605800797,0.0,6.383491605800797,0.897643156498194,0.6615262134043547,0.649754406174332,0.4832552202389563,0.19345238095238096,0.016859497504150667,0.5992615257193149,0.27976190476190477,0.0,0.3971898949758728,0.17606695196495736,0.40839385268331657,0.64,,,
fair_selection,fair_selection,synthetic,scenario,ihdp_baseline,t_learner,6,672,75,0.18452380952380953,1.6179258823394775,"{'base_learner': 'gbm', 'n_estimators': 50, 'max_depth': 2, 'learning_rate': 0.05}",0,0.2553777174843817,6,1.542715311050415,0.0735175609588623,0.44771787620799586,0.1594439067237241,0.35731823347901037,-0.15944390672372408,4.016693170673207,3.857249263949483,5.467977141813069,0.0,5.467977141813069,0.5402256768854278,0.4165051932786113,0.48118438210902986,0.32175564794638256,0.18452380952380953,0.0122836648095902,0.5601753357873364,0.2916666666666667,0.0,0.3874499646809513,0.1707833552677563,0.40026893257586565,0.64,,,
fair_selection,fair_selection,synthetic,scenario,ihdp_baseline,t_learner,7,672,75,0.18898809523809523,2.1365768909454346,"{'base_learner': 'gbm', 'n_estimators': 200, 'max_depth': 2, 'learning_rate': 0.05}",3,0.20196134567693796,6,1.8381633758544922,0.2968099117279053,0.9214017177967192,0.19240980041023992,0.6373163324373372,-0.19240980041024008,3.5578866081987015,3.3654768077884616,8.481528707266321,0.031232598487234142,8.512761305753555,1.357704779345469,0.844828430783547,0.47212175968977305,0.8174741895248837,0.18898809523809523,0.013495985011059728,0.5932627568172648,0.3020833333333333,0.0,0.4084230296900961,0.18544552237956252,0.43473334556619453,0.68,,,
fair_selection,fair_selection,synthetic,scenario,ihdp_baseline,t_learner,8,672,75,0.19345238095238096,1.8341515064239502,"{'base_learner': 'gbm', 'n_estimators': 200, 'max_depth': 3, 'learning_rate': 0.1}",4,0.07416996549023247,6,1.5139193534851074,0.31771397590637207,16.472316256614373,1.7681137266420635,6.654914966874534,1.7681137266420621,10.668346257956449,12.436459984598512,57.77515408921806,0.2861620035433319,58.061316092761395,31.793384478510276,5.1261324571169515,5.1713989357434285,2.9344540911930843,0.19345238095238096,0.01480705591124428,0.6894771163752703,0.3020833333333333,0.0,0.40607436843599204,0.1824866843491901,0.3560993634276682,0.64,,,
fair_selection,fair_selection,synthetic,scenario,ihdp_baseline,t_learner,9,672,75,0.1800595238095238,2.1663918495178223,"{'base_learner': 'gbm', 'n_estimators': 400, 'max_depth': 3, 'learning_rate': 0.05}",5,0.053195628403717284,6,1.5010120868682861,0.6628570556640625,2.203127181870188,0.16018810143087592,1.4251885174099577,0.16018810143087509,5.304671650267495,5.464859751698371,26.51149651604184,0.07660433950035639,26.588100855542198,3.0437370526371588,2.554495711833821,1.499479272059177,1.268460046220037,0.1800595238095238,0.015356333100467318,0.614268559303028,0.3273809523809524,0.0,0.36747611405258657,0.1805341423846863,0.3874702659193068,0.68,,,
fair_selection,fair_selection,synthetic,scenario,ihdp_baseline,t_learner,10,672,75,0.18601190476190477,2.062183141708374,"{'base_learner': 'gbm', 'n_estimators': 400, 'max_depth': 3, 'learning_rate': 0.05}",5,0.1450627733939252,6,1.4297606945037842,0.629798412322998,0.8259601806670558,0.1703687467243613,0.6476746579112893,0.1703687467243615,4.335689215411743,4.506057962136104,8.59894756807673,0.0,8.59894756807673,0.696170963743329,0.7466960336523629,0.9693449088910575,0.8604891327358477,0.18601190476190477,0.015471563899278569,0.580730954614321,0.28422619047619047,0.0,0.38249360146252287,0.1757904914173024,0.36082088623975367,0.64,,,
fair_selection,fair_selection,synthetic,scenario,ihdp_baseline,t_learner,11,672,75,0.1875,2.3412463665008545,"{'base_learner': 'gbm', 'n_estimators': 400, 'max_depth': 3, 'learning_rate': 0.05}",5,0.12834911840153232,6,1.6081454753875732,0.7305424213409424,1.2480389394589173,0.2503106036859979,1.0066110030141793,-0.25031060368599634,4.390080635994342,4.139770032308344,13.52345538173223,0.027466195062872956,13.550921576795103,1.627164961590641,1.0020670813962211,1.1682679688209874,1.0884028959535434,0.1875,0.01741262031357248,0.6618507329651547,0.30952380952380953,0.0,0.38400488400488403,0.18346590456712608,0.40355290335897287,0.6,,,
fair_selection,fair_selection,synthetic,scenario,ihdp_baseline,t_learner,12,672,75,0.18303571428571427,2.0840702056884766,"{'base_learner': 'gbm', 'n_estimators': 400, 'max_depth': 3, 'learning_rate': 0.05}",5,0.1291615884767318,6,1.457510232925415,0.6239786148071289,13.658644638038401,1.9406216062788637,9.167681508097786,1.9406216062788617,8.167656931020298,10.108278537299162,84.58991562753391,0.10106064434518203,84.6909762718791,21.872330412249823,12.655542649058969,8.051753117635267,6.4383782409116606,0.18303571428571427,0.016671550331679295,0.578495639764899,0.3288690476190476,0.0,0.38144742103158735,0.17752235681875578,0.375524745742867,0.64,,,
fair_selection,fair_selection,synthetic,scenario,ihdp_baseline,t_learner,13,672,75,0.18303571428571427,1.6920733451843262,"{'base_learner': 'gbm', 'n_estimators': 200, 'max_depth': 2, 'learning_rate': 0.05}",3,0.2598404731607164,6,1.4312465190887451,0.2592144012451172,0.7015658421947549,0.10471759860044738,0.5418494698429686,0.10471759860044741,3.9256817327171536,4.030399331317601,6.247837970016093,0.0,6.247837970016093,0.6148299669358259,0.8795774865948905,0.5682892043789103,0.808821903416259,0.18303571428571427,0.014032908181168827,0.61156006145801,0.36160714285714285,0.0,0.4250299880047981,0.18868005232949286,0.42812996619243,0.6,,,
fair_selection,fair_selection,synthetic,scenario,ihdp_baseline,t_learner,14,672,75,0.19047619047619047,1.8850665092468262,"{'base_learner': 'gbm', 'n_estimators': 200, 'max_depth': 3, 'learning_rate': 0.1}",4,0.23838397868162478,6,1.5544743537902832,0.3287026882171631,1.181930339711989,0.4226458250947731,0.9284079890835598,0.42264582509477244,3.9636861517499717,4.386331976844745,10.477895212834234,0.07084448150879297,10.548739694343027,1.5960211700431044,0.988988357906994,0.9362928294541484,1.078779943927147,0.19047619047619047,0.01283987166930908,0.5913113117625519,0.30952380952380953,0.0,0.4094669117647059,0.1893381854682727,0.4032651071445681,0.64,,,
fair_selection,fair_selection,synthetic,scenario,ihdp_baseline,t_learner,15,672,75,0.19345238095238096,1.6007192134857178,"{'base_learner': 'gbm', 'n_estimators': 100, 'max_depth': 2, 'learning_rate': 0.1}",1,0.20937488844252053,6,1.457075834274292,0.14223527908325195,0.5966762495560174,0.1389973680901173,0.4544500399310421,0.13899736809011554,4.488906434591061,4.627903802681178,8.900826912840778,0.0129099120055578,8.913736824846335,0.758437771741701,0.34593330171792286,0.5854133606289245,0.6115914206655874,0.19345238095238096,0.013771473535222034,0.5823490563892421,0.29017857142857145,0.0,0.41038887311950045,0.18737543530427606,0.38365521215114984,0.68,,,
fair_selection,fair_selection,synthetic,scenario,ihdp_baseline,t_learner,16,672,75,0.18452380952380953,2.177569627761841,"{'base_learner': 'gbm', 'n_estimators': 400, 'max_depth': 3, 'learning_rate': 0.05}",5,0.13349376392657272,6,1.5155284404754639,0.6531848907470703,1.2222984667937045,0.04235563920361196,1.0326221149364239,0.042355639203612766,3.8251275537781826,3.8674831929817945,14.694443783584738,0.040914157219305025,14.735357940804043,1.3032713135333318,1.015727054359412,1.2451917752923056,1.2926723596462544,0.18452380952380953,0.01643692499010905,0.5842100480842497,0.31994047619047616,0.0,0.37673651989639745,0.18297148387238008,0.40866248569475044,0.64,,,
fair_selection,fair_selection,synthetic,scenario,ihdp_baseline,t_learner,17,672,75,0.19047619047619047,1.6398515701293945,"{'base_learner': 'gbm', 'n_estimators': 100, 'max_depth': 2, 'learning_rate': 0.1}",1,0.12693408465001083,6,1.506594181060791,0.13148784637451172,0.8968845751871963,0.031108676255784395,0.6616409478349322,0.031108676255785728,3.7452895448900776,3.776398221145862,12.513324876460182,0.03862485378457059,12.551949730244752,1.3081030367749538,0.7722172017699006,0.7041499893892337,0.6351187947201284,0.19047619047619047,0.013476380342139428,0.5887260388472878,0.2931547619047619,0.0,0.39016544117647056,0.17703394042223594,0.39867588841528373,0.64,,,
fair_selection,fair_selection,synthetic,scenario,ihdp_baseline,t_learner,18,672,75,0.19196428571428573,1.994187831878662,"{'base_learner': 'gbm', 'n_estimators': 400, 'max_depth': 3, 'learning_rate': 0.05}",5,0.14441782331433037,6,1.3952901363372803,0.5963733196258545,1.1595052076312102,0.06079785842223373,0.8239488990932289,-0.060797858422233515,3.9330175940637546,3.872219735641521,11.261705300540358,0.007691312992212929,11.269396613532571,1.8624336549421634,0.8271072777993307,0.875663872957523,0.6507699082292471,0.19196428571428573,0.010555947128387845,0.6221962742786185,0.3229166666666667,0.0,0.4100389738318558,0.19747708740398498,0.4434779232077364,0.68,,,
fair_selection,fair_selection,synthetic,scenario,ihdp_baseline,t_learner,19,672,75,0.1800595238095238,1.6768825054168701,"{'base_learner': 'gbm', 'n_estimators': 200, 'max_depth': 2, 'learning_rate': 0.05}",3,0.2290515460190289,6,1.4090642929077148,0.2661879062652588,0.7712386168848687,0.07589682551512933,0.5728766029386914,0.07589682551513034,4.182856218826348,4.258753044341478,7.383558221117317,0.029765237765394303,7.4133234588827115,1.0319667692427543,0.6818260125881359,0.5469424518718389,0.7371633681676105,0.1800595238095238,0.013806755208880923,0.5773035454954967,0.3125,0.0,0.3819951703139296,0.1801313019120182,0.41654759417115234,0.64,,,
fair_selection,fair_selection,synthetic,scenario,ihdp_baseline,t_learner,20,672,75,0.18303571428571427,1.7665092945098877,"{'base_learner': 'gbm', 'n_estimators': 200, 'max_depth': 3, 'learning_rate': 0.1}",4,0.12449769927678872,6,1.4687516689300537,0.2958719730377197,2.3332333445300986,0.9143308629510214,1.6174713308457596,-0.9143308629510227,4.722805469184018,3.8084746062329966,20.184132840112657,0.24654344894792146,20.430676289060578,2.8744042213887804,2.7408811179688186,1.9825168453323319,1.4764061953846124,0.18303571428571427,0.017580336562783787,0.5613705514801535,0.2961309523809524,0.0,0.38104758096761293,0.16879439172196012,0.3655902985857423,0.64,,,
fair_selection,fair_selection,synthetic,scenario,ihdp_baseline,t_learner,21,672,75,0.1800595238095238,1.7356529235839844,"{'base_learner': 'gbm', 'n_estimators': 100, 'max_depth': 2, 'learning_rate': 0.1}",1,0.24845455768905403,6,1.598926305770874,0.13530659675598145,0.6778450695368463,0.04722058482083025,0.5424981628239048,-0.04722058482082967,4.107409742058923,4.060189157238093,7.276592063734127,0.0,7.276592063734127,0.7923041769409566,0.6892052127280457,0.467127983054085,0.7195518251323162,0.1800595238095238,0.013549389161361159,0.5467422714251008,0.34077380952380953,0.0,0.40477868938518996,0.1803477417451047,0.37690713236920903,0.68,,,
fair_selection,fair_selection,synthetic,scenario,ihdp_baseline,t_learner,22,672,75,0.18452380952380953,1.838696002960205,"{'base_learner': 'gbm', 'n_estimators': 200, 'max_depth': 2, 'learning_rate': 0.05}",3,0.19714730495841132,6,1.5384676456451416,0.2984907627105713,1.043991253297307,0.09684858369076288,0.8065044991762819,0.09684858369076046,4.623469641373431,4.720318225064194,11.101572308571901,0.0370217960219108,11.138594104593812,1.4999350903301802,0.917250943784149,0.882187592665275,0.6907813550463167,0.18452380952380953,0.013873625193160872,0.6040224336782075,0.30357142857142855,0.0,0.37962090887685424,0.18474807861552772,0.3733718584533806,0.68,,,
fair_selection,fair_selection,synthetic,scenario,ihdp_baseline,t_learner,23,672,75,0.18452380952380953,2.833625078201294,"{'base_learner': 'gbm', 'n_estimators': 400, 'max_depth': 3, 'learning_rate': 0.05}",5,0.07701845669808191,6,2.074833393096924,0.7519919872283936,1.7356793541504052,0.018143463986644015,1.2252160596811779,0.018143463986644424,2.019971662565434,2.038115126552078,16.74590241868004,0.04019543296404038,16.78609785164408,2.7062711370044106,1.254037819319042,1.2838472991006686,1.1957278439088679,0.18452380952380953,0.013045008086306197,0.5695740534206457,0.29464285714285715,0.0,0.4062279255945373,0.18043539779170265,0.3958742653850422,0.64,,,
fair_selection,fair_selection,synthetic,scenario,ihdp_baseline,t_learner,24,672,75,0.18452380952380953,1.8777647018432617,"{'base_learner': 'gbm', 'n_estimators': 200, 'max_depth': 3, 'learning_rate': 0.1}",4,0.1328122950113906,6,1.5619721412658691,0.3139169216156006,1.678586453968853,0.29995276992757613,0.8768933911634559,0.2999527699275768,4.015211833260161,4.315164603187737,10.681666985159229,0.026497163821209924,10.708164148980439,3.167216025067144,0.7147255784019574,0.5770026157189945,0.5236185093426634,0.18452380952380953,0.015405953425030691,0.5854415196335634,0.31398809523809523,0.0,0.39904638568401224,0.18415006753825558,0.40724298221597505,0.64,,,
fair_selection,fair_selection,synthetic,scenario,ihdp_baseline,t_learner,25,672,75,0.17857142857142858,2.089958906173706,"{'base_learner': 'gbm', 'n_estimators': 400, 'max_depth': 3, 'learning_rate': 0.05}",5,0.07113706820687837,6,1.4187006950378418,0.668705940246582,4.802669964331391,0.017647094637457617,3.334080238328336,-0.017647094637457526,2.3657951812226976,2.34814808658524,36.433837669217034,0.0819861399237567,36.51582380914079,7.531594407787485,5.161554623206757,2.414348996474624,1.8041963666304572,0.17857142857142858,0.013645521759281732,0.5734559729128814,0.34523809523809523,0.0,0.3789855072463768,0.1943690908045554,0.4049938513041168,0.68,,,
fair_selection,fair_selection,synthetic,scenario,ihdp_baseline,t_learner,26,672,75,0.18154761904761904,1.7501294612884521,"{'base_learner': 'gbm', 'n_estimators': 200, 'max_depth': 2, 'learning_rate': 0.05}",3,0.21583324147523203,6,1.4755527973175049,0.2726325988769531,0.9459934294787571,0.10500446272717223,0.6801704717174843,0.10500446272717265,4.069120522463573,4.174124985190745,8.912051759210929,0.10664505948653336,9.018696818697462,1.4532302464496962,0.730948036508814,0.462309453673996,0.8371028247852238,0.18154761904761904,0.012761059669307876,0.5588221332571895,0.2857142857142857,0.0,0.3951117734724292,0.1739283739874525,0.3824062815161629,0.64,,,
fair_selection,fair_selection,synthetic,scenario,ihdp_baseline,t_learner,27,672,75,0.18601190476190477,2.026688814163208,"{'base_learner': 'gbm', 'n_estimators': 400, 'max_depth': 3, 'learning_rate': 0.05}",5,0.10034374301260304,6,1.4095141887664795,0.6146895885467529,21.325191854426603,2.990538004221166,9.631892370980582,2.990538004221166,-0.6684755489869564,2.3220624552342097,81.67784709929573,1.1697625030426053,82.84760960233834,40.50866691394788,8.657878454661805,8.431445352071515,3.4735099231062594,0.18601190476190477,0.016388737782577916,0.5971132113641607,0.31101190476190477,0.0,0.4133528336380256,0.18391883189618366,0.37453576081259893,0.64,,,
fair_selection,fair_selection,synthetic,scenario,ihdp_baseline,t_learner,28,672,75,0.18898809523809523,1.692920446395874,"{'base_learner': 'gbm', 'n_estimators': 200, 'max_depth': 2, 'learning_rate': 0.05}",3,0.12565566780264217,6,1.4360015392303467,0.25527143478393555,0.8321450011039725,0.22117736307475555,0.6553510697973376,-0.2211773630747551,3.7867168106442683,3.565539447569513,10.046635332767961,0.007857460663826643,10.054492793431788,1.0993217629065586,0.7900691503090675,0.7388873812980719,0.6654802792152206,0.18898809523809523,0.015601823650282235,0.6162501837139163,0.3020833333333333,0.0,0.37058441089359245,0.18125370686711118,0.41108319496819673,0.64,,,
fair_selection,fair_selection,synthetic,scenario,ihdp_baseline,t_learner,29,672,75,0.1875,1.9923396110534668,"{'base_learner': 'gbm', 'n_estimators': 400, 'max_depth': 3, 'learning_rate': 0.05}",5,0.12368939995466997,6,1.3920598030090332,0.5979020595550537,0.9404762382195213,0.1806701166370246,0.7562977732871777,-0.18067011663702498,5.052511980262755,4.871841863625731,11.344938263210697,0.02716936678371873,11.372107629994415,0.8269135625343754,0.8950077150097113,1.058581265796266,0.9634161158337909,0.1875,0.011679989991218618,0.5838689209700921,0.32589285714285715,0.0,0.39255189255189255,0.1859399703013082,0.40878972159479804,0.64,,,
fair_selection,fair_selection,synthetic,scenario,ihdp_baseline,x_learner,0,672,75,0.18303571428571427,3.6301891803741455,"{'base_learner': 'gbm', 'n_estimators': 200, 'max_depth': 2, 'learning_rate': 0.05}",3,0.24960054861858752,6,3.0611941814422607,0.5667715072631836,0.6973528124631008,0.10409002825403313,0.5689189807394679,0.1040900282540325,4.05634575318767,4.160435781441703,6.437065841667993,0.0038213295139675196,6.44088717118196,0.8881327552990343,0.573881528623938,0.48373019415509283,0.7647404642293977,0.18303571428571427,0.015537093975601997,0.5622980946615538,0.31547619047619047,0.0,0.3786485405837665,0.1840815109040787,0.37851628205057564,0.68,,,
fair_selection,fair_selection,synthetic,scenario,ihdp_baseline,x_learner,1,672,75,0.19196428571428573,4.232534646987915,"{'base_learner': 'gbm', 'n_estimators': 200, 'max_depth': 2, 'learning_rate': 0.05}",3,0.26808367982162556,6,3.6433184146881104,0.5866553783416748,0.6997308523733456,0.030913137918235023,0.555636113373808,-0.030913137918234537,4.2142477603062325,4.1833346223879975,8.238802977146783,0.0,8.238802977146783,0.5705328466041593,0.6212502611598255,0.8662315487964176,0.7008708600879755,0.19196428571428573,0.014780819396271709,0.5968684185640735,0.28273809523809523,0.0,0.36866675232344,0.17594519971689987,0.38953028248571747,0.64,,,
fair_selection,fair_selection,synthetic,scenario,ihdp_baseline,x_learner,2,672,75,0.18154761904761904,3.873922109603882,"{'base_learner': 'gbm', 'n_estimators': 50, 'max_depth': 2, 'learning_rate': 0.05}",0,0.2338279440389922,6,3.4709644317626953,0.4003307819366455,0.7892730256993428,0.011148218397329934,0.5225986659738758,0.01114821839733026,4.064009157208732,4.075157375606062,7.462933979593411,0.0290861138587859,7.492020093452197,1.2134361771488134,0.6594867989713533,0.5560117538953904,0.5215666562989212,0.18154761904761904,0.01554288550564484,0.5701034846394465,0.3273809523809524,0.0,0.40321907600596124,0.178924329173562,0.42111588545858597,0.64,,,
fair_selection,fair_selection,synthetic,scenario,ihdp_baseline,x_learner,3,672,75,0.19047619047619047,4.05654239654541,"{'base_learner': 'gbm', 'n_estimators': 200, 'max_depth': 2, 'learning_rate': 0.05}",3,0.17572496429896814,6,3.442368745803833,0.611729621887207,1.09241521056735,0.11546027595562602,0.8513431098540184,0.11546027595562611,4.011240467092333,4.126700743047959,12.371627322290355,0.08764488025794748,12.459272202548302,1.563124750319578,1.0240555990189526,0.6720720018936844,0.9067191089454949,0.19047619047619047,0.0165943188066821,0.5727596596424224,0.27827380952380953,0.0,0.36672794117647056,0.17660289427310588,0.3762902074312649,0.68,,,
fair_selection,fair_selection,synthetic,scenario,ihdp_baseline,x_learner,4,672,75,0.18601190476190477,3.985180139541626,"{'base_learner': 'gbm', 'n_estimators': 100, 'max_depth': 2, 'learning_rate': 0.1}",1,0.16075919302456945,6,3.4983675479888916,0.4845247268676758,1.5505242483558817,0.21949136037681738,1.1934773520132163,-0.21949136037681807,4.163696052943034,3.9442046925662164,11.255678855789785,0.12634395786085229,11.382022813650638,2.139598606265948,1.2162436745478662,1.3778485658743422,1.2697348195534686,0.18601190476190477,0.014909819501311839,0.5517940105889383,0.30952380952380953,0.0,0.39072760511883,0.17852572689103735,0.37453576081259893,0.68,,,
fair_selection,fair_selection,synthetic,scenario,ihdp_baseline,x_learner,5,672,75,0.19345238095238096,4.212256193161011,"{'base_learner': 'gbm', 'n_estimators': 100, 'max_depth': 3, 'learning_rate': 0.05}",2,0.23117172607787156,6,3.664109230041504,0.5457987785339355,0.8191400952198454,0.13869254184428437,0.6061523439328019,0.13869254184428478,3.9331437410854035,4.071836282929688,6.383491605800797,0.0,6.383491605800797,1.1841490589927701,0.807808397135737,0.631305389957327,0.4792512557331418,0.19345238095238096,0.016859497504150667,0.5992615257193149,0.27976190476190477,0.0,0.3971898949758728,0.17606695196495736,0.40839385268331657,0.64,,,
fair_selection,fair_selection,synthetic,scenario,ihdp_baseline,x_learner,6,672,75,0.18452380952380953,4.107043743133545,"{'base_learner': 'gbm', 'n_estimators': 50, 'max_depth': 2, 'learning_rate': 0.05}",0,0.2553777174843817,6,3.6952109336853027,0.40926146507263184,0.5806408849507336,0.18124406613837563,0.46833828834173685,-0.18124406613837574,4.016693170673207,3.8354491045348316,5.467977141813069,0.0,5.467977141813069,0.6005139651918963,0.6677908067506058,0.5685064470490239,0.4738570867981306,0.18452380952380953,0.0122836648095902,0.5601753357873364,0.2916666666666667,0.0,0.3874499646809513,0.1707833552677563,0.40026893257586565,0.64,,,
fair_selection,fair_selection,synthetic,scenario,ihdp_baseline,x_learner,7,672,75,0.18898809523809523,4.248548746109009,"{'base_learner': 'gbm', 'n_estimators': 200, 'max_depth': 2, 'learning_rate': 0.05}",3,0.20196134567693796,6,3.554687976837158,0.6914267539978027,1.1485264138208646,0.2422259613409854,0.814491582294843,-0.24222596134098456,3.5578866081987015,3.315660646857716,8.385075215376581,0.1276860903769741,8.512761305753555,1.791082970613307,1.0596988106332903,0.7190574042221808,0.7265551100000227,0.18898809523809523,0.013495985011059728,0.5932627568172648,0.3020833333333333,0.0,0.4084230296900961,0.18544552237956252,0.43473334556619453,0.68,,,
fair_selection,fair_selection,synthetic,scenario,ihdp_baseline,x_learner,8,672,75,0.19345238095238096,5.39468789100647,"{'base_learner': 'gbm', 'n_estimators': 200, 'max_depth': 3, 'learning_rate': 0.1}",4,0.07416996549023247,6,4.5046374797821045,0.8836507797241211,19.321299758915078,1.266084713974701,8.285690264396267,1.2660847139747005,10.668346257956449,11.93443097193115,57.27537447575442,0.7859416170069764,58.061316092761395,36.75416802449943,5.368661027637031,7.579801128695843,6.162358792037674,0.19345238095238096,0.01480705591124428,0.6894771163752703,0.3020833333333333,0.0,0.40607436843599204,0.1824866843491901,0.3560993634276682,0.64,,,
fair_selection,fair_selection,synthetic,scenario,ihdp_baseline,x_learner,9,672,75,0.1800595238095238,5.191352605819702,"{'base_learner': 'gbm', 'n_estimators': 400, 'max_depth': 3, 'learning_rate': 0.05}",5,0.053195628403717284,6,4.085358381271362,1.101804256439209,3.616201590021227,0.6162031991192132,2.446598528896783,-0.6162031991192136,5.304671650267495,4.688468451148282,26.469906409993474,0.11819444554872405,26.588100855542198,4.824766400289,4.618994583691087,2.3495133941044046,1.6464748923451655,0.1800595238095238,0.015356333100467318,0.614268559303028,0.3273809523809524,0.0,0.36747611405258657,0.1805341423846863,0.3874702659193068,0.68,,,
fair_selection,fair_selection,synthetic,scenario,ihdp_baseline,x_learner,10,672,75,0.18601190476190477,5.102389812469482,"{'base_learner': 'gbm', 'n_estimators': 400, 'max_depth': 3, 'learning_rate': 0.05}",5,0.1450627733939252,6,4.125026226043701,0.975067138671875,0.7695759407971144,0.04824947802871726,0.6220026177318377,-0.048249478028716444,4.335689215411743,4.287439737383026,8.581004323616582,0.017943244460147056,8.59894756807673,0.8812337406465686,0.6656714226877117,0.8023480561039877,0.7054685568124124,0.18601190476190477,0.015471563899278569,0.580730954614321,0.28422619047619047,0.0,0.38249360146252287,0.1757904914173024,0.36082088623975367,0.64,,,
fair_selection,fair_selection,synthetic,scenario,ihdp_baseline,x_learner,11,672,75,0.1875,4.281517744064331,"{'base_learner': 'gbm', 'n_estimators': 400, 'max_depth': 3, 'learning_rate': 0.05}",5,0.12834911840153232,6,3.3180198669433594,0.9611375331878662,1.5980514889710888,0.3826806637171041,1.291074712327148,-0.3826806637171041,4.390080635994342,4.007399972277238,13.407393091727918,0.14352848506718452,13.550921576795103,1.661546282294208,1.406157125886531,1.7222306447200393,1.575004865195252,0.1875,0.01741262031357248,0.6618507329651547,0.30952380952380953,0.0,0.38400488400488403,0.18346590456712608,0.40355290335897287,0.6,,,
fair_selection,fair_selection,synthetic,scenario,ihdp_baseline,x_learner,12,672,75,0.18303571428571427,4.1847825050354,"{'base_learner': 'gbm', 'n_estimators': 400, 'max_depth': 3, 'learning_rate': 0.05}",5,0.1291615884767318,6,3.2590436935424805,0.9231917858123779,19.165990082929845,1.8874881060825928,13.872603121632935,1.887488106082593,8.167656931020298,10.055145037102891,83.44823589082985,1.242740381049245,84.6909762718791,30.194465313787187,15.97885004860571,12.870428936292857,11.435385190055634,0.18303571428571427,0.016671550331679295,0.578495639764899,0.3288690476190476,0.0,0.38144742103158735,0.17752235681875578,0.375524745742867,0.64,,,
fair_selection,fair_selection,synthetic,scenario,ihdp_baseline,x_learner,13,672,75,0.18303571428571427,3.687859296798706,"{'base_learner': 'gbm', 'n_estimators': 200, 'max_depth': 2, 'learning_rate': 0.05}",3,0.2598404731607164,6,3.0984549522399902,0.5868141651153564,0.7646906109795503,0.2206980808012311,0.5973378438152297,0.2206980808012302,3.9256817327171536,4.146379813518385,6.247837970016093,0.0,6.247837970016093,0.9021781896989988,0.8642374754222044,0.6361693521461064,0.7152602218639716,0.18303571428571427,0.014032908181168827,0.61156006145801,0.36160714285714285,0.0,0.4250299880047981,0.18868005232949286,0.42812996619243,0.6,,,
fair_selection,fair_selection,synthetic,scenario,ihdp_baseline,x_learner,14,672,75,0.19047619047619047,3.7679498195648193,"{'base_learner': 'gbm', 'n_estimators': 200, 'max_depth': 3, 'learning_rate': 0.1}",4,0.23838397868162478,6,3.10425066947937,0.6608898639678955,1.4155542372706367,0.2295972486568445,0.9899076267751261,0.2295972486568443,3.9636861517499717,4.193283400406816,10.454824202390894,0.09391549195213322,10.548739694343027,2.4023305075947916,0.9199450208863966,0.9131233433008773,0.7092033968778,0.19047619047619047,0.01283987166930908,0.5913113117625519,0.30952380952380953,0.0,0.4094669117647059,0.1893381854682727,0.4032651071445681,0.64,,,
fair_selection,fair_selection,synthetic,scenario,ihdp_baseline,x_learner,15,672,75,0.19345238095238096,3.73934006690979,"{'base_learner': 'gbm', 'n_estimators': 100, 'max_depth': 2, 'learning_rate': 0.1}",1,0.20937488844252053,6,3.3005990982055664,0.4362819194793701,0.788443329411624,0.06818939944480906,0.5950339715313478,0.06818939944480787,4.488906434591061,4.55709583403587,8.900826912840778,0.0129099120055578,8.913736824846335,1.0252246679228658,0.6294426850448627,0.6763399905261526,0.7549745182825318,0.19345238095238096,0.013771473535222034,0.5823490563892421,0.29017857142857145,0.0,0.41038887311950045,0.18737543530427606,0.38365521215114984,0.68,,,
fair_selection,fair_selection,synthetic,scenario,ihdp_baseline,x_learner,16,672,75,0.18452380952380953,4.035789966583252,"{'base_learner': 'gbm', 'n_estimators': 400, 'max_depth': 3, 'learning_rate': 0.05}",5,0.13349376392657272,6,3.0932767391204834,0.939948320388794,1.7526790566590547,0.09686384477230536,1.3858843276525261,-0.09686384477230459,3.8251275537781826,3.7282637090058772,14.621332721892468,0.11402521891157491,14.735357940804043,2.241727427232036,1.6887655086054654,1.536273738061805,1.4277783889270363,0.18452380952380953,0.01643692499010905,0.5842100480842497,0.31994047619047616,0.0,0.37673651989639745,0.18297148387238008,0.40866248569475044,0.64,,,
fair_selection,fair_selection,synthetic,scenario,ihdp_baseline,x_learner,17,672,75,0.19047619047619047,3.6229772567749023,"{'base_learner': 'gbm', 'n_estimators': 100, 'max_depth': 2, 'learning_rate': 0.1}",1,0.12693408465001083,6,3.1284518241882324,0.49100589752197266,1.3635287328771952,0.04183350676732056,0.9194123471385477,-0.041833506767319874,3.7452895448900776,3.703456038122757,12.375555608122717,0.1763941221220353,12.551949730244752,2.182315534814068,1.1724939677472346,0.8743267297613555,0.713900308937016,0.19047619047619047,0.013476380342139428,0.5887260388472878,0.2931547619047619,0.0,0.39016544117647056,0.17703394042223594,0.39867588841528373,0.64,,,
fair_selection,fair_selection,synthetic,scenario,ihdp_baseline,x_learner,18,672,75,0.19196428571428573,4.397004842758179,"{'base_learner': 'gbm', 'n_estimators': 400, 'max_depth': 3, 'learning_rate': 0.05}",5,0.14441782331433037,6,3.3247838020324707,1.0696165561676025,1.6026443403352995,0.003619168762936109,1.0856561808206444,-0.0036191687629362986,3.9330175940637546,3.9293984253008185,11.096794049819867,0.17260256371270444,11.269396613532571,2.7047410789100947,1.0485569393418626,0.9858333344186204,0.8997758391371151,0.19196428571428573,0.010555947128387845,0.6221962742786185,0.3229166666666667,0.0,0.4100389738318558,0.19747708740398498,0.4434779232077364,0.68,,,
fair_selection,fair_selection,synthetic,scenario,ihdp_baseline,x_learner,19,672,75,0.1800595238095238,4.251610040664673,"{'base_learner': 'gbm', 'n_estimators': 200, 'max_depth': 2, 'learning_rate': 0.05}",3,0.2290515460190289,6,3.6494040489196777,0.5983231067657471,0.9314878065269903,0.06704368733413624,0.6941714738611428,-0.06704368733413564,4.182856218826348,4.115812531492212,7.383558221117317,0.029765237765394303,7.4133234588827115,1.3502872983942205,0.7514731072233523,0.7121213358650362,0.7480832684272749,0.1800595238095238,0.013806755208880923,0.5773035454954967,0.3125,0.0,0.3819951703139296,0.1801313019120182,0.41654759417115234,0.64,,,
fair_selection,fair_selection,synthetic,scenario,ihdp_baseline,x_learner,20,672,75,0.18303571428571427,4.0237345695495605,"{'base_learner': 'gbm', 'n_estimators': 200, 'max_depth': 3, 'learning_rate': 0.1}",4,0.12449769927678872,6,3.3754074573516846,0.6459238529205322,4.462105169775817,1.488614468343251,2.9448795400491337,-1.4886144683432516,4.722805469184018,3.234191000840767,19.929349738724763,0.5013265503358149,20.430676289060578,6.389143355592186,5.1230437147293895,2.7097115635214153,2.3591725218143753,0.18303571428571427,0.017580336562783787,0.5613705514801535,0.2961309523809524,0.0,0.38104758096761293,0.16879439172196012,0.3655902985857423,0.64,,,
fair_selection,fair_selection,synthetic,scenario,ihdp_baseline,x_learner,21,672,75,0.1800595238095238,3.7826366424560547,"{'base_learner': 'gbm', 'n_estimators': 100, 'max_depth': 2, 'learning_rate': 0.1}",1,0.24845455768905403,6,3.312587261199951,0.46744251251220703,0.8904227834478349,0.23865986200824274,0.6773771052204838,-0.2386598620082425,4.107409742058923,3.8687498800506805,7.227500258145687,0.049091805588440174,7.276592063734127,1.3166801821191492,0.7892766122972028,0.5623081107461522,0.6997673887479636,0.1800595238095238,0.013549389161361159,0.5467422714251008,0.34077380952380953,0.0,0.40477868938518996,0.1803477417451047,0.37690713236920903,0.68,,,
fair_selection,fair_selection,synthetic,scenario,ihdp_baseline,x_learner,22,672,75,0.18452380952380953,4.727082967758179,"{'base_learner': 'gbm', 'n_estimators': 200, 'max_depth': 2, 'learning_rate': 0.05}",3,0.19714730495841132,6,3.949601411819458,0.7739007472991943,1.1792048849982248,0.0622067328982272,0.8878514317555606,0.06220673289822529,4.623469641373431,4.685676374271658,11.119906920994477,0.018687183599334745,11.138594104593812,1.8357349504362142,0.7206754617968704,0.8877546317771954,0.915883383826555,0.18452380952380953,0.013873625193160872,0.6040224336782075,0.30357142857142855,0.0,0.37962090887685424,0.18474807861552772,0.3733718584533806,0.68,,,
fair_selection,fair_selection,synthetic,scenario,ihdp_baseline,x_learner,23,672,75,0.18452380952380953,4.755543231964111,"{'base_learner': 'gbm', 'n_estimators': 400, 'max_depth': 3, 'learning_rate': 0.05}",5,0.07701845669808191,6,3.6870291233062744,1.0655672550201416,2.9464258321045467,0.16823412138583071,2.051332902482108,0.16823412138583146,2.019971662565434,2.1882057839512647,16.588677641081272,0.19742021056280734,16.78609785164408,4.943280956217764,2.210189740249944,1.8792628247224694,1.2935577270574399,0.18452380952380953,0.013045008086306197,0.5695740534206457,0.29464285714285715,0.0,0.4062279255945373,0.18043539779170265,0.3958742653850422,0.64,,,
fair_selection,fair_selection,synthetic,scenario,ihdp_baseline,x_learner,24,672,75,0.18452380952380953,4.251790523529053,"{'base_learner': 'gbm', 'n_estimators': 200, 'max_depth': 3, 'learning_rate': 0.1}",4,0.1328122950113906,6,3.56689715385437,0.6826238632202148,2.0439539154037902,0.3904504569418181,0.9453665089113282,0.39045045694181935,4.015211833260161,4.405662290201979,10.563873142750372,0.1442910062300662,10.708164148980439,3.925622837488777,0.47484467369745104,0.6920839732114565,0.6228995607126812,0.18452380952380953,0.015405953425030691,0.5854415196335634,0.31398809523809523,0.0,0.39904638568401224,0.18415006753825558,0.40724298221597505,0.64,,,
fair_selection,fair_selection,synthetic,scenario,ihdp_baseline,x_learner,25,672,75,0.17857142857142858,4.463638782501221,"{'base_learner': 'gbm', 'n_estimators': 400, 'max_depth': 3, 'learning_rate': 0.05}",5,0.07113706820687837,6,3.3264217376708984,1.1344940662384033,6.963756329141512,1.2140518206696815,4.823497675829733,1.2140518206696815,2.3657951812226976,3.579847001892379,36.13494916861689,0.3808746405238992,36.51582380914079,11.713693303322554,5.128634653967013,4.550366762987594,2.930583409373334,0.17857142857142858,0.013645521759281732,0.5734559729128814,0.34523809523809523,0.0,0.3789855072463768,0.1943690908045554,0.4049938513041168,0.68,,,
fair_selection,fair_selection,synthetic,scenario,ihdp_baseline,x_learner,26,672,75,0.18154761904761904,4.119567155838013,"{'base_learner': 'gbm', 'n_estimators': 200, 'max_depth': 2, 'learning_rate': 0.05}",3,0.21583324147523203,6,3.4515748023986816,0.6653902530670166,0.8787074648118413,0.1847432239328759,0.6855954726185749,0.1847432239328772,4.069120522463573,4.253863746396449,8.988753331461467,0.029943487235994937,9.018696818697462,1.2433802460978252,0.8624024978267124,0.5501281916484329,0.703306162875849,0.18154761904761904,0.012761059669307876,0.5588221332571895,0.2857142857142857,0.0,0.3951117734724292,0.1739283739874525,0.3824062815161629,0.64,,,
fair_selection,fair_selection,synthetic,scenario,ihdp_baseline,x_learner,27,672,75,0.18601190476190477,4.603900194168091,"{'base_learner': 'gbm', 'n_estimators': 400, 'max_depth': 3, 'learning_rate': 0.05}",5,0.10034374301260304,6,3.529294967651367,1.071955680847168,30.29933364460775,0.6610886114392222,17.563130309458597,0.6610886114392223,-0.6684755489869564,-0.0073869375477342205,81.47863814794016,1.368971454398178,82.84760960233834,54.912031480908865,16.219398389793884,12.76969266147181,14.009306578155872,0.18601190476190477,0.016388737782577916,0.5971132113641607,0.31101190476190477,0.0,0.4133528336380256,0.18391883189618366,0.37453576081259893,0.64,,,
fair_selection,fair_selection,synthetic,scenario,ihdp_baseline,x_learner,28,672,75,0.18898809523809523,4.658496618270874,"{'base_learner': 'gbm', 'n_estimators': 200, 'max_depth': 2, 'learning_rate': 0.05}",3,0.12565566780264217,6,4.020164966583252,0.6356894969940186,1.0867360166550908,0.2939226400229966,0.8131483882499932,-0.2939226400229959,3.7867168106442683,3.4927941706212717,10.044491907700484,0.0100008857313032,10.054492793431788,1.4968796970117006,1.1979662059178369,0.7918824194545923,0.7555391674789477,0.18898809523809523,0.015601823650282235,0.6162501837139163,0.3020833333333333,0.0,0.37058441089359245,0.18125370686711118,0.41108319496819673,0.64,,,
fair_selection,fair_selection,synthetic,scenario,ihdp_baseline,x_learner,29,672,75,0.1875,4.437304496765137,"{'base_learner': 'gbm', 'n_estimators': 400, 'max_depth': 3, 'learning_rate': 0.05}",5,0.12368939995466997,6,3.4847071170806885,0.950284481048584,1.247994120627657,0.3769553192424402,0.9851563893619489,-0.3769553192424422,5.052511980262755,4.675556661020315,11.32524262701411,0.04686500298030616,11.372107629994415,1.5236645471093369,1.3206708975118435,1.2932942347433012,0.7081295327328169,0.1875,0.011679989991218618,0.5838689209700921,0.32589285714285715,0.0,0.39255189255189255,0.1859399703013082,0.40878972159479804,0.64,,,
fair_selection,fair_selection,synthetic,scenario,ihdp_baseline,neural_rep,0,672,75,0.18303571428571427,23.38625955581665,"{'latent_dim': 8, 'lr': 0.0005, 'weight_decay': 0.01, 'epochs': 400, 'dropout': 0.3}",5,0.2513354138749806,6,16.70304226875305,6.682422399520874,0.46834485003374143,0.03943655870402729,0.3823733826970091,-0.03943655870402784,4.05634575318767,4.016909194483643,6.437065841667993,0.0038213295139675196,6.44088717118196,0.5983691057777779,0.5198218663003612,0.416670070816046,0.2796257202021615,0.18303571428571427,0.015537093975601997,0.5622980946615538,0.31547619047619047,0.0,0.3786485405837665,0.1840815109040787,0.37851628205057564,0.68,,,
fair_selection,fair_selection,synthetic,scenario,ihdp_baseline,neural_rep,1,672,75,0.19196428571428573,22.71307945251465,"{'latent_dim': 8, 'lr': 0.0005, 'weight_decay': 0.01, 'epochs': 400, 'dropout': 0.3}",5,0.26641590948795996,6,15.924956798553467,6.787450313568115,0.6749956777585343,0.040671889708312925,0.5735563086247938,0.04067188970831335,4.2142477603062325,4.254919650014545,8.238802977146783,0.0,8.238802977146783,0.6300920247184829,0.7542517314904866,0.5737811736088325,0.730275367422022,0.19196428571428573,0.014780819396271709,0.5968684185640735,0.28273809523809523,0.0,0.36866675232344,0.17594519971689987,0.38953028248571747,0.64,,,
fair_selection,fair_selection,synthetic,scenario,ihdp_baseline,neural_rep,2,672,75,0.18154761904761904,24.232688426971436,"{'latent_dim': 8, 'lr': 0.0005, 'weight_decay': 0.01, 'epochs': 400, 'dropout': 0.3}",5,0.27413693636184744,6,17.244683980941772,6.987317323684692,0.8430010232934592,0.2772678509155422,0.6259141802046774,-0.2772678509155425,4.064009157208732,3.7867413062931896,7.462933979593411,0.0290861138587859,7.492020093452197,1.2294959401065482,0.6760435288313291,0.6546061768197516,0.6584464128786955,0.18154761904761904,0.01554288550564484,0.5701034846394465,0.3273809523809524,0.0,0.40321907600596124,0.178924329173562,0.42111588545858597,0.64,,,
fair_selection,fair_selection,synthetic,scenario,ihdp_baseline,neural_rep,3,672,75,0.19047619047619047,21.179978370666504,"{'latent_dim': 8, 'lr': 0.0005, 'weight_decay': 0.01, 'epochs': 400, 'dropout': 0.3}",5,0.14804674725819597,6,15.19304370880127,5.986282110214233,0.5990485840093331,0.11587019102902696,0.42540217369083866,-0.11587019102902817,4.011240467092333,3.8953702760633058,12.4062707271931,0.05300147535520239,12.459272202548302,0.9179822798270038,0.47657735735771173,0.486098972551828,0.34984831207597367,0.19047619047619047,0.0165943188066821,0.5727596596424224,0.27827380952380953,0.0,0.36672794117647056,0.17660289427310588,0.3762902074312649,0.68,,,
fair_selection,fair_selection,synthetic,scenario,ihdp_baseline,neural_rep,4,672,75,0.18601190476190477,22.487849473953247,"{'latent_dim': 8, 'lr': 0.0005, 'weight_decay': 0.01, 'epochs': 400, 'dropout': 0.3}",5,0.10525656420570981,6,15.591139793395996,6.896023988723755,0.5202616401222458,0.22671233588713724,0.3970967385781278,-0.226712335887138,4.163696052943034,3.9369837170558966,11.379969783430445,0.002053030220192653,11.382022813650638,0.6287249604432424,0.6809456602268625,0.3947598500296223,0.27933844006997033,0.18601190476190477,0.014909819501311839,0.5517940105889383,0.30952380952380953,0.0,0.39072760511883,0.17852572689103735,0.37453576081259893,0.68,,,
fair_selection,fair_selection,synthetic,scenario,ihdp_baseline,neural_rep,5,672,75,0.19345238095238096,20.960015773773193,"{'latent_dim': 8, 'lr': 0.0005, 'weight_decay': 0.01, 'epochs': 400, 'dropout': 0.3}",5,0.2427953179319597,6,14.532047986984253,6.427282333374023,0.6698002317206014,0.0037912356684870474,0.5353433249068648,-0.003791235668487243,3.9331437410854035,3.9293525054169165,6.383491605800797,0.0,6.383491605800797,0.904749563952316,0.7110670829232537,0.5237932044908115,0.4460729435958232,0.19345238095238096,0.016859497504150667,0.5992615257193149,0.27976190476190477,0.0,0.3971898949758728,0.17606695196495736,0.40839385268331657,0.64,,,
fair_selection,fair_selection,synthetic,scenario,ihdp_baseline,neural_rep,6,672,75,0.18452380952380953,19.86721420288086,"{'latent_dim': 8, 'lr': 0.0005, 'weight_decay': 0.01, 'epochs': 400, 'dropout': 0.3}",5,0.27701729538638026,6,14.176257610321045,5.690251350402832,0.5184118876869148,0.21321363364995305,0.41320806871872845,-0.2132136336499525,4.016693170673207,3.803479537023254,5.467977141813069,0.0,5.467977141813069,0.5881698639083425,0.560108987293874,0.4305979981712495,0.4819646704424218,0.18452380952380953,0.0122836648095902,0.5601753357873364,0.2916666666666667,0.0,0.3874499646809513,0.1707833552677563,0.40026893257586565,0.64,,,
fair_selection,fair_selection,synthetic,scenario,ihdp_baseline,neural_rep,7,672,75,0.18898809523809523,23.318889379501343,"{'latent_dim': 8, 'lr': 0.0005, 'weight_decay': 0.01, 'epochs': 400, 'dropout': 0.3}",5,0.1930718378883746,6,16.45215892791748,6.866057634353638,0.819911644278106,0.1235503934279345,0.5313732526487439,-0.12355039342793328,3.5578866081987015,3.434336214770767,8.42954033811914,0.083220967634416,8.512761305753555,1.42611719484289,0.5272630701490254,0.5019769510087825,0.44371585174939737,0.18898809523809523,0.013495985011059728,0.5932627568172648,0.3020833333333333,0.0,0.4084230296900961,0.18544552237956252,0.43473334556619453,0.68,,,
fair_selection,fair_selection,synthetic,scenario,ihdp_baseline,neural_rep,8,672,75,0.19345238095238096,18.29412317276001,"{'latent_dim': 32, 'lr': 0.005, 'weight_decay': 0.001, 'epochs': 200, 'dropout': 0.0}",3,0.006574263002155363,6,15.579281568527222,2.7141871452331543,9.864986807869865,1.7814670506832098,2.4292719341330202,1.7814670506832113,10.668346257956449,12.449813308639659,58.061316092761395,0.0,58.061316092761395,19.488404549237853,1.3774819551843145,1.1889962931562303,1.0680104266455963,0.19345238095238096,0.01480705591124428,0.6894771163752703,0.3020833333333333,0.0,0.40607436843599204,0.1824866843491901,0.3560993634276682,0.64,,,
fair_selection,fair_selection,synthetic,scenario,ihdp_baseline,neural_rep,9,672,75,0.1800595238095238,17.467759609222412,"{'latent_dim': 16, 'lr': 0.005, 'weight_decay': 0.001, 'epochs': 100, 'dropout': 0.1}",2,0.026825655433229664,6,15.905943155288696,1.5612034797668457,1.0900843977816168,0.24715035180427503,0.8571218461220572,-0.247150351804276,5.304671650267495,5.05752129846322,26.570174945456724,0.017925910085473618,26.588100855542198,1.4500922173778297,0.6498936806022664,0.7570454878945164,1.3049979229986863,0.1800595238095238,0.015356333100467318,0.614268559303028,0.3273809523809524,0.0,0.36747611405258657,0.1805341423846863,0.3874702659193068,0.68,,,
fair_selection,fair_selection,synthetic,scenario,ihdp_baseline,neural_rep,10,672,75,0.18601190476190477,20.443671464920044,"{'latent_dim': 32, 'lr': 0.001, 'weight_decay': 0.0001, 'epochs': 200, 'dropout': 0.1}",1,0.11880533864760096,6,17.547616481781006,2.8952629566192627,0.8181121812481618,0.04982770137320447,0.634736171832404,-0.049827701373203866,4.335689215411743,4.2858615140385385,8.590293827155552,0.008653740921177544,8.59894756807673,0.7587818071969104,0.9440342338656874,0.6725266998615288,0.8773061726845184,0.18601190476190477,0.015471563899278569,0.580730954614321,0.28422619047619047,0.0,0.38249360146252287,0.1757904914173024,0.36082088623975367,0.64,,,
fair_selection,fair_selection,synthetic,scenario,ihdp_baseline,neural_rep,11,672,75,0.1875,18.47926926612854,"{'latent_dim': 32, 'lr': 0.005, 'weight_decay': 0.001, 'epochs': 200, 'dropout': 0.0}",3,0.07208854148216717,6,15.01816463470459,3.4597110748291016,1.3577106822958944,0.03550143558880059,1.0889212224623277,0.03550143558880223,4.390080635994342,4.425582071583142,13.476497149249317,0.07442442754578593,13.550921576795103,1.605337337574566,1.3776360483464463,1.125793034905563,1.2782733464914606,0.1875,0.01741262031357248,0.6618507329651547,0.30952380952380953,0.0,0.38400488400488403,0.18346590456712608,0.40355290335897287,0.6,,,
fair_selection,fair_selection,synthetic,scenario,ihdp_baseline,neural_rep,12,672,75,0.18303571428571427,19.22289776802063,"{'latent_dim': 32, 'lr': 0.005, 'weight_decay': 0.001, 'epochs': 200, 'dropout': 0.0}",3,0.007187961044676229,6,16.4708571434021,2.7513492107391357,2.3616506235959194,0.12526076428047972,1.5548589229284855,-0.12526076428048358,8.167656931020298,8.042396166739818,84.66101156070215,0.029964711176944547,84.6909762718791,3.706496957532659,1.789154622721255,2.1537058895017323,0.7790136139593045,0.18303571428571427,0.016671550331679295,0.578495639764899,0.3288690476190476,0.0,0.38144742103158735,0.17752235681875578,0.375524745742867,0.64,,,
fair_selection,fair_selection,synthetic,scenario,ihdp_baseline,neural_rep,13,672,75,0.18303571428571427,22.37526297569275,"{'latent_dim': 8, 'lr': 0.0005, 'weight_decay': 0.01, 'epochs': 400, 'dropout': 0.3}",5,0.2970275204871897,6,15.245007276535034,7.129331350326538,0.8287504409996767,0.09148075156069968,0.6821945101616581,0.0914807515606997,3.9256817327171536,4.017162484277853,6.247837970016093,0.0,6.247837970016093,0.8203386955534511,0.683289139763937,0.7786444359535598,0.974214176462114,0.18303571428571427,0.014032908181168827,0.61156006145801,0.36160714285714285,0.0,0.4250299880047981,0.18868005232949286,0.42812996619243,0.6,,,
fair_selection,fair_selection,synthetic,scenario,ihdp_baseline,neural_rep,14,672,75,0.19047619047619047,18.15829825401306,"{'latent_dim': 8, 'lr': 0.001, 'weight_decay': 0.01, 'epochs': 200, 'dropout': 0.2}",4,0.18692098465881848,6,14.688976287841797,3.468471050262451,0.7703794727378431,0.0626854228955791,0.556764106281809,0.06268542289557893,3.9636861517499717,4.026371574645551,10.528142188963843,0.020597505379184256,10.548739694343027,0.915699396043314,0.5944370394634125,0.4917368872383912,0.9631374815161576,0.19047619047619047,0.01283987166930908,0.5913113117625519,0.30952380952380953,0.0,0.4094669117647059,0.1893381854682727,0.4032651071445681,0.64,,,
fair_selection,fair_selection,synthetic,scenario,ihdp_baseline,neural_rep,15,672,75,0.19345238095238096,21.35612416267395,"{'latent_dim': 8, 'lr': 0.0005, 'weight_decay': 0.01, 'epochs': 400, 'dropout': 0.3}",5,0.20963738748021904,6,15.258980512619019,6.0965025424957275,0.541811535661882,0.050485301947241545,0.4214620751117333,-0.050485301947242295,4.488906434591061,4.438421132643819,8.900826912840778,0.0129099120055578,8.913736824846335,0.6731668639651481,0.5210083711035511,0.5677031548359271,0.3552253567338067,0.19345238095238096,0.013771473535222034,0.5823490563892421,0.29017857142857145,0.0,0.41038887311950045,0.18737543530427606,0.38365521215114984,0.68,,,
fair_selection,fair_selection,synthetic,scenario,ihdp_baseline,neural_rep,16,672,75,0.18452380952380953,21.01842212677002,"{'latent_dim': 8, 'lr': 0.0005, 'weight_decay': 0.01, 'epochs': 400, 'dropout': 0.3}",5,0.05169588703949669,6,14.677130460739136,6.340348482131958,0.6107672372813348,0.18950606352900357,0.49045227973319155,-0.18950606352900345,3.8251275537781826,3.635621490249179,14.731452174931777,0.0039057658722665423,14.735357940804043,0.6183562866537463,0.41179692026234904,0.4944125066061684,0.8276793633508748,0.18452380952380953,0.01643692499010905,0.5842100480842497,0.31994047619047616,0.0,0.37673651989639745,0.18297148387238008,0.40866248569475044,0.64,,,
fair_selection,fair_selection,synthetic,scenario,ihdp_baseline,neural_rep,17,672,75,0.19047619047619047,23.998483419418335,"{'latent_dim': 8, 'lr': 0.0005, 'weight_decay': 0.01, 'epochs': 400, 'dropout': 0.3}",5,0.11089205430083952,6,16.74682927131653,7.251057386398315,0.6213188597472769,0.2550596593844734,0.4884279673837179,-0.25505965938447167,3.7452895448900776,3.490229885505604,12.529262886644807,0.02268684359994566,12.551949730244752,0.8176832767999208,0.4930786653702871,0.5422034675890495,0.5752475832832407,0.19047619047619047,0.013476380342139428,0.5887260388472878,0.2931547619047619,0.0,0.39016544117647056,0.17703394042223594,0.39867588841528373,0.64,,,
fair_selection,fair_selection,synthetic,scenario,ihdp_baseline,neural_rep,18,672,75,0.19196428571428573,26.647287845611572,"{'latent_dim': 8, 'lr': 0.0005, 'weight_decay': 0.01, 'epochs': 400, 'dropout': 0.3}",5,0.09629005842079796,6,18.58567237854004,8.060540437698364,0.6689521794013782,0.17564937462645425,0.4762928093087939,-0.17564937462645408,3.9330175940637546,3.7573682194373004,11.261705300540358,0.007691312992212929,11.269396613532571,0.9116402522683206,0.5272535259294124,0.37503932316235444,0.7289226692630029,0.19196428571428573,0.010555947128387845,0.6221962742786185,0.3229166666666667,0.0,0.4100389738318558,0.19747708740398498,0.4434779232077364,0.68,,,
fair_selection,fair_selection,synthetic,scenario,ihdp_baseline,neural_rep,19,672,75,0.1800595238095238,23.822312116622925,"{'latent_dim': 8, 'lr': 0.0005, 'weight_decay': 0.01, 'epochs': 400, 'dropout': 0.3}",5,0.19341286407082023,6,16.151407718658447,7.6698737144470215,0.6264323092632422,0.059183364629785906,0.4078539584921338,-0.0591833646297842,4.182856218826348,4.123672854196562,7.383558221117317,0.029765237765394303,7.4133234588827115,0.9230084228196337,0.5177263575821663,0.5240570868001742,0.4104907329566549,0.1800595238095238,0.013806755208880923,0.5773035454954967,0.3125,0.0,0.3819951703139296,0.1801313019120182,0.41654759417115234,0.64,,,
fair_selection,fair_selection,synthetic,scenario,ihdp_baseline,neural_rep,20,672,75,0.18303571428571427,20.040775537490845,"{'latent_dim': 32, 'lr': 0.005, 'weight_decay': 0.001, 'epochs': 200, 'dropout': 0.0}",3,0.03474224054743874,6,17.268695831298828,2.7714500427246094,1.02988797929589,0.330201883516982,0.7990684798605866,-0.3302018835169816,4.722805469184018,4.392603585667036,20.372474473298894,0.05820181576168437,20.430676289060578,1.3196365706359419,0.8727395318733063,1.0970360549348008,0.7213441258517501,0.18303571428571427,0.017580336562783787,0.5613705514801535,0.2961309523809524,0.0,0.38104758096761293,0.16879439172196012,0.3655902985857423,0.64,,,
fair_selection,fair_selection,synthetic,scenario,ihdp_baseline,neural_rep,21,672,75,0.1800595238095238,19.338878870010376,"{'latent_dim': 8, 'lr': 0.001, 'weight_decay': 0.01, 'epochs': 200, 'dropout': 0.2}",4,0.2824426488532262,6,16.497248888015747,2.8409721851348877,0.7588254753012645,0.12608505325254038,0.625415154709866,-0.1260850532525401,4.107409742058923,3.981324688806383,7.2577108139214594,0.01888124981266781,7.276592063734127,0.7395174046428248,0.8303839274872356,0.7715257158911735,0.6910675464727732,0.1800595238095238,0.013549389161361159,0.5467422714251008,0.34077380952380953,0.0,0.40477868938518996,0.1803477417451047,0.37690713236920903,0.68,,,
fair_selection,fair_selection,synthetic,scenario,ihdp_baseline,neural_rep,22,672,75,0.18452380952380953,18.130669355392456,"{'latent_dim': 8, 'lr': 0.001, 'weight_decay': 0.01, 'epochs': 200, 'dropout': 0.2}",4,0.10447103122065717,6,15.139544010162354,2.990532875061035,0.5298256065961446,0.1179510443963121,0.4001920606820305,-0.11795104439631357,4.623469641373431,4.505518596977119,11.132463157384128,0.006130947209683768,11.138594104593812,0.6420003942753111,0.7047416428119895,0.26092237066128776,0.39663645716334606,0.18452380952380953,0.013873625193160872,0.6040224336782075,0.30357142857142855,0.0,0.37962090887685424,0.18474807861552772,0.3733718584533806,0.68,,,
fair_selection,fair_selection,synthetic,scenario,ihdp_baseline,neural_rep,23,672,75,0.18452380952380953,23.03205442428589,"{'latent_dim': 8, 'lr': 0.0005, 'weight_decay': 0.01, 'epochs': 400, 'dropout': 0.3}",5,0.04762623391924254,6,16.30814790725708,6.723186731338501,1.4783119865867576,0.0837934327225951,0.8204828017578943,-0.08379343272259522,2.019971662565434,1.936178229842839,16.779249922561842,0.006847929082237414,16.78609785164408,2.765418964122764,0.6506193958949585,0.6707985641412042,0.3578614478950128,0.18452380952380953,0.013045008086306197,0.5695740534206457,0.29464285714285715,0.0,0.4062279255945373,0.18043539779170265,0.3958742653850422,0.64,,,
fair_selection,fair_selection,synthetic,scenario,ihdp_baseline,neural_rep,24,672,75,0.18452380952380953,23.474311351776123,"{'latent_dim': 8, 'lr': 0.0005, 'weight_decay': 0.01, 'epochs': 400, 'dropout': 0.3}",5,0.10045529476817426,6,16.799294471740723,6.674007415771484,1.3513872142337005,0.23001757940805945,0.5311692077282719,0.23001757940805978,4.015211833260161,4.245229412668221,10.680502031579755,0.02766211740068414,10.708164148980439,2.6398613563802042,0.39248810585359867,0.24583637592765767,0.1833811364889393,0.18452380952380953,0.015405953425030691,0.5854415196335634,0.31398809523809523,0.0,0.39904638568401224,0.18415006753825558,0.40724298221597505,0.64,,,
fair_selection,fair_selection,synthetic,scenario,ihdp_baseline,neural_rep,25,672,75,0.17857142857142858,22.923524379730225,"{'latent_dim': 8, 'lr': 0.0005, 'weight_decay': 0.01, 'epochs': 400, 'dropout': 0.3}",5,0.029614124088057674,6,15.512553691864014,7.4102044105529785,1.4639804141191253,0.40394004607933454,1.1015590318707114,0.40394004607933437,2.3657951812226976,2.769735227302032,36.49606552243676,0.019758286704032457,36.51582380914079,2.089425384269379,1.4412980215531483,1.1112287844110378,0.9442554877733446,0.17857142857142858,0.013645521759281732,0.5734559729128814,0.34523809523809523,0.0,0.3789855072463768,0.1943690908045554,0.4049938513041168,0.68,,,
fair_selection,fair_selection,synthetic,scenario,ihdp_baseline,neural_rep,26,672,75,0.18154761904761904,23.889381885528564,"{'latent_dim': 8, 'lr': 0.0005, 'weight_decay': 0.01, 'epochs': 400, 'dropout': 0.3}",5,0.17564620801328806,6,16.128466367721558,7.760244846343994,0.46600386610926026,0.026682470267234137,0.35270850538858695,-0.026682470267233117,4.069120522463573,4.042438052196339,9.018696818697462,0.0,9.018696818697462,0.7051110490979811,0.394578331396047,0.35470966011972666,0.29446678062338016,0.18154761904761904,0.012761059669307876,0.5588221332571895,0.2857142857142857,0.0,0.3951117734724292,0.1739283739874525,0.3824062815161629,0.64,,,
fair_selection,fair_selection,synthetic,scenario,ihdp_baseline,neural_rep,27,672,75,0.18601190476190477,19.729884147644043,"{'latent_dim': 32, 'lr': 0.005, 'weight_decay': 0.001, 'epochs': 200, 'dropout': 0.0}",3,0.010511106750611093,6,16.15215253829956,3.5770277976989746,8.69542277175484,2.881668286968345,5.202829518516058,-2.881668286968346,-0.6684755489869564,-3.5501438359553013,82.78462144327068,0.06298815906765753,82.84760960233834,15.813882505542358,5.056539687625567,4.304993824423584,2.372189978854897,0.18601190476190477,0.016388737782577916,0.5971132113641607,0.31101190476190477,0.0,0.4133528336380256,0.18391883189618366,0.37453576081259893,0.64,,,
fair_selection,fair_selection,synthetic,scenario,ihdp_baseline,neural_rep,28,672,75,0.18898809523809523,22.823572397232056,"{'latent_dim': 8, 'lr': 0.0005, 'weight_decay': 0.01, 'epochs': 400, 'dropout': 0.3}",5,0.10436323042731217,6,16.594959497451782,6.227717638015747,0.4725966428723137,0.01892659478179315,0.3486438905027864,-0.018926594781792243,3.7867168106442683,3.767790215862475,10.048400947307046,0.006091846124741451,10.054492793431788,0.7167413299134271,0.49898042838673723,0.3702527124356669,0.19115562059195818,0.18898809523809523,0.015601823650282235,0.6162501837139163,0.3020833333333333,0.0,0.37058441089359245,0.18125370686711118,0.41108319496819673,0.64,,,
fair_selection,fair_selection,synthetic,scenario,ihdp_baseline,neural_rep,29,672,75,0.1875,19.709084033966064,"{'latent_dim': 8, 'lr': 0.001, 'weight_decay': 0.01, 'epochs': 200, 'dropout': 0.2}",4,0.10200238872037921,6,16.227301120758057,3.4811325073242188,0.5490027414015497,0.14664946611428675,0.442027770644789,-0.14664946611428667,5.052511980262755,4.905862514148469,11.372107629994415,0.0,11.372107629994415,0.6436425603326565,0.4932585723248841,0.42830595333370963,0.6012756370446147,0.1875,0.011679989991218618,0.5838689209700921,0.32589285714285715,0.0,0.39255189255189255,0.1859399703013082,0.40878972159479804,0.64,,,
fair_selection,fair_selection,synthetic,scenario,synthetic_gamma0,s_learner,0,2000,2000,0.5,12.53449034690857,"{'base_learner': 'gbm', 'n_estimators': 400, 'max_depth': 3, 'learning_rate': 0.05}",5,0.15828902259638952,6,8.274076223373413,4.233877897262573,0.36599642673845584,0.1578654416364902,0.27983287450490846,-0.15786544163649024,0.988634815670337,0.8307693740338468,0.9652791151834497,0.009362134592692195,0.9746412497761419,0.3175130574522253,0.29080205290394673,0.2957790730709797,0.5127844594454218,0.5,0.30161096242148194,0.6755440672048536,0.0,0.0,0.096,0.03617392029560568,0.12084866904148066,0.1,,0.5,0.5
fair_selection,fair_selection,synthetic,scenario,synthetic_gamma0,s_learner,1,2000,2000,0.495,12.558435916900635,"{'base_learner': 'gbm', 'n_estimators': 400, 'max_depth': 3, 'learning_rate': 0.05}",5,0.18402801505096317,6,8.136110544204712,4.3966827392578125,0.43857130901209207,0.21666939624914505,0.31722323326986784,-0.21666939624914505,0.9947717733296532,0.7781023770805081,1.047487118494152,0.016412132287704218,1.0638992507818563,0.30149880501308807,0.3013171939959983,0.3477862862302954,0.6831766174588506,0.495,0.2615105049613446,0.6718587160923126,0.0,0.0,0.11812181218121812,0.04292046311676366,0.10668488565857716,0.05,,0.5,0.5
fair_selection,fair_selection,synthetic,scenario,synthetic_gamma0,s_learner,2,2000,2000,0.5035,9.965255498886108,"{'base_learner': 'gbm', 'n_estimators': 200, 'max_depth': 3, 'learning_rate': 0.1}",4,0.16776832560174676,6,7.8770012855529785,2.074254035949707,0.4038689208822067,0.15856428294995983,0.2962043681811425,-0.1585642829499598,0.9804604494287746,0.8218961664788148,0.9337506323875646,0.0038958221113138958,0.9376464544988785,0.25998860900944526,0.23529190112697798,0.3379158926503766,0.6444353458353429,0.5035,0.2929037483019912,0.7107596090634787,0.0,0.0,0.12976335840456182,0.05200336617670166,0.1300180432092643,0.1,,0.5,0.5
fair_selection,fair_selection,synthetic,scenario,synthetic_gamma0,s_learner,3,2000,2000,0.5,9.945085048675537,"{'base_learner': 'gbm', 'n_estimators': 200, 'max_depth': 3, 'learning_rate': 0.1}",4,0.17963230928074464,6,7.822951078414917,2.1082262992858887,0.4290324093960833,0.2772366054806197,0.3244651035829741,-0.27723660548061974,1.0087926713972664,0.7315560659166467,0.8924886171779959,0.010029798849319871,0.9025184160273158,0.2480602826054762,0.3758652851266567,0.35307027775404615,0.6393809473591334,0.5,0.3339531679415336,0.674103785436549,0.0,0.0,0.108,0.04397804774632658,0.08348393134626104,0.0,,0.5,0.5
fair_selection,fair_selection,synthetic,scenario,synthetic_gamma0,s_learner,4,2000,2000,0.4745,12.11704134941101,"{'base_learner': 'gbm', 'n_estimators': 400, 'max_depth': 3, 'learning_rate': 0.05}",5,0.16442053570155465,6,7.8366734981536865,4.255605459213257,0.4397800156856271,0.2930529305422206,0.3308385614121265,-0.29305293054222065,0.9903193784566898,0.6972664479144692,0.9182992507300164,0.004036332954532762,0.9223355836845492,0.20185133369011773,0.2881165908167179,0.3309876237970352,0.7350632019511429,0.4745,0.2989067005510385,0.646543204391403,0.0,0.0,0.09182884683060641,0.040307352301775956,0.09620872186074654,0.0,,0.5,0.5
fair_selection,fair_selection,synthetic,scenario,synthetic_gamma0,s_learner,5,2000,2000,0.5075,9.761953115463257,"{'base_learner': 'gbm', 'n_estimators': 200, 'max_depth': 3, 'learning_rate': 0.1}",4,0.18693217534139342,6,7.718141555786133,2.03021502494812,0.41094362934661727,0.17424807929295827,0.2986872738290691,-0.1742480792929582,0.9664879542782492,0.7922398749852909,0.9713478606191683,0.008920549578362191,0.9802684101975305,0.26644965646854746,0.30416479798492485,0.30803511457542676,0.645833872157048,0.5075,0.32807189819113414,0.6704747301170138,0.0,0.0,0.09521642369533145,0.035002717603518106,0.14606359355552034,0.05,,0.5,0.5
fair_selection,fair_selection,synthetic,scenario,synthetic_gamma0,s_learner,6,2000,2000,0.489,12.15332317352295,"{'base_learner': 'gbm', 'n_estimators': 400, 'max_depth': 3, 'learning_rate': 0.05}",5,0.17228905611305073,6,7.951065301895142,4.176528692245483,0.44911377886492915,0.23971580267045833,0.3396926327350168,-0.23971580267045847,1.003619649399195,0.7639038467287366,1.0230073018067032,0.012926176224006936,1.0359334780307101,0.2936199310107153,0.31463588560049516,0.36238459145832264,0.7002012203249759,0.489,0.347036171468478,0.6192937795864211,0.0,0.0,0.09889186366201241,0.02776811845669277,0.09743066258171393,0.0,,0.5,0.5
fair_selection,fair_selection,synthetic,scenario,synthetic_gamma0,s_learner,7,2000,2000,0.4925,10.08340334892273,"{'base_learner': 'gbm', 'n_estimators': 200, 'max_depth': 3, 'learning_rate': 0.1}",4,0.18917469721258048,6,7.966196537017822,2.1031951904296875,0.4870899930561938,0.309349385942446,0.3617525139139406,-0.3093493859424461,0.9985860310672204,0.6892366451247744,0.9909176201034573,0.011333244428860745,1.002250864532318,0.2633570998251135,0.30840012754990453,0.3976572420726605,0.7914718961959452,0.4925,0.2613921765664383,0.6923932826880763,0.0,0.0,0.11139006276412193,0.041775178257900794,0.11379574324848574,0.1,,0.5,0.5
fair_selection,fair_selection,synthetic,scenario,synthetic_gamma0,s_learner,8,2000,2000,0.493,10.291003465652466,"{'base_learner': 'gbm', 'n_estimators': 200, 'max_depth': 3, 'learning_rate': 0.1}",4,0.17404584406368392,6,8.128801345825195,2.1483964920043945,0.5043418777213382,0.2782515163417356,0.3818011678075579,-0.2782515163417356,1.0063284488837538,0.7280769325420182,1.034951710573873,0.007008786391734967,1.041960496965608,0.28368189851237924,0.34598065638984593,0.42176503191509473,0.7996118697268468,0.493,0.3201051481548517,0.6428530196688977,0.0,0.0,0.087255101999992,0.0355156250203149,0.0810216864786433,0.0,,0.5,0.5
fair_selection,fair_selection,synthetic,scenario,synthetic_gamma0,s_learner,9,2000,2000,0.497,12.262925148010254,"{'base_learner': 'gbm', 'n_estimators': 400, 'max_depth': 3, 'learning_rate': 0.05}",5,0.15871019799374486,6,7.938323259353638,4.299413681030273,0.49258158755917064,0.32834204638133746,0.3867254965490199,-0.32834204638133746,1.000148146210073,0.6718060998287355,0.9020316206560083,0.005239079349101616,0.9072707000051099,0.2437179908426988,0.36871062773108176,0.4490680117783008,0.7573231914740793,0.497,0.34894679724308725,0.6455766442257557,0.0,0.0,0.08948522146797284,0.03447847881826681,0.08078551820768623,0.0,,0.5,0.5
fair_selection,fair_selection,synthetic,scenario,synthetic_gamma0,s_learner,10,2000,2000,0.484,10.019173860549927,"{'base_learner': 'gbm', 'n_estimators': 200, 'max_depth': 3, 'learning_rate': 0.1}",4,0.17913967842917408,6,7.901966571807861,2.103484630584717,0.39332118591784127,0.18682145863220911,0.3007336641596414,-0.18682145863220895,1.0102761104198241,0.823454651787615,1.0108875691617782,0.010445353364865184,1.0213329225266434,0.2760592742268665,0.28794039899423496,0.30787091629777336,0.6040722835932916,0.484,0.2634772348719492,0.7084660029825222,0.0,0.0,0.11208277275930553,0.04894391429161667,0.11440045072227362,0.1,,0.5,0.5
fair_selection,fair_selection,synthetic,scenario,synthetic_gamma0,s_learner,11,2000,2000,0.495,10.087346315383911,"{'base_learner': 'gbm', 'n_estimators': 200, 'max_depth': 3, 'learning_rate': 0.1}",4,0.17232167777973084,6,7.948390960693359,2.1251280307769775,0.4203424212936206,0.25966422150895196,0.30616255366769785,-0.25966422150895185,1.004209171295834,0.7445449497868821,1.0224616597455238,0.005500460284910469,1.0279621200304343,0.21263299011125175,0.27969333121238427,0.3345823367207728,0.6865599147212644,0.495,0.3442068138429245,0.6372707111713533,0.0,0.0,0.09464946494649465,0.02941239818286929,0.09611552777215057,0.0,,0.5,0.5
fair_selection,fair_selection,synthetic,scenario,synthetic_gamma0,s_learner,12,2000,2000,0.509,10.034286499023438,"{'base_learner': 'gbm', 'n_estimators': 200, 'max_depth': 3, 'learning_rate': 0.1}",4,0.18713470998330492,6,7.954553604125977,2.066420555114746,0.47046137408492955,0.27504888722945264,0.34012836261049983,-0.2750488872294526,1.0076912717470716,0.732642384517619,1.0074062588663366,0.00892609812148093,1.0163323569878175,0.24265097283443654,0.3383148463403219,0.4048233404978613,0.7403494115212753,0.509,0.3257734165160842,0.6853947295131546,0.0,0.0,0.09664931437785843,0.039104357628740476,0.08077544118162547,0.0,,0.5,0.5
fair_selection,fair_selection,synthetic,scenario,synthetic_gamma0,s_learner,13,2000,2000,0.5,11.957001447677612,"{'base_learner': 'gbm', 'n_estimators': 400, 'max_depth': 3, 'learning_rate': 0.05}",5,0.14860629597101047,6,7.782706260681152,4.14806604385376,0.3672775595355665,0.17192981498973248,0.2732709667815758,-0.1719298149897325,0.9934729095450703,0.8215430945553378,0.9684945921479156,0.0034858154978499867,0.9719804076457655,0.22518071067787804,0.2482573625051775,0.2858508974191653,0.5878115487967576,0.5,0.3022884216423782,0.6784214934336719,0.0,0.0,0.105,0.03684026729527717,0.11923480287143695,0.05,,0.5,0.5
fair_selection,fair_selection,synthetic,scenario,synthetic_gamma0,s_learner,14,2000,2000,0.511,10.109580516815186,"{'base_learner': 'gbm', 'n_estimators': 200, 'max_depth': 3, 'learning_rate': 0.1}",4,0.17067205461970217,6,8.007344245910645,2.087609052658081,0.43148346758747247,0.2190504457321305,0.3134573502221057,-0.21905044573213062,0.9864716718243007,0.7674212260921702,0.8339075826120568,0.019723584473510303,0.8536311670855671,0.3058125389340973,0.3160304983794464,0.3028401494605951,0.6779404031363245,0.511,0.32065096746408267,0.6892736866186576,0.0,0.0,0.10565313611788106,0.03942937374351729,0.11064346666361993,0.1,,0.5,0.5
fair_selection,fair_selection,synthetic,scenario,synthetic_gamma0,s_learner,15,2000,2000,0.506,12.383514165878296,"{'base_learner': 'gbm', 'n_estimators': 400, 'max_depth': 3, 'learning_rate': 0.05}",5,0.17398512752357667,6,7.997884511947632,4.359524726867676,0.35882693172607405,0.23081353640349833,0.2833550317553722,-0.23081353640349833,0.9872567721697856,0.7564432357662872,1.0537779243115193,0.0027876839571228107,1.056565608268642,0.19734991407003816,0.24725681502111782,0.3234366537399219,0.5570752889758059,0.506,0.3208518736520211,0.7333859599752864,0.0,0.0,0.08508025155622409,0.04093872747994716,0.12699354593735465,0.1,,0.5,0.5
fair_selection,fair_selection,synthetic,scenario,synthetic_gamma0,s_learner,16,2000,2000,0.505,12.077257871627808,"{'base_learner': 'gbm', 'n_estimators': 400, 'max_depth': 3, 'learning_rate': 0.05}",5,0.1828533294487768,6,7.751112222671509,4.295669317245483,0.5070371332682642,0.3297927870930326,0.37448291850665033,-0.3297927870930328,1.003893844164219,0.6741010570711863,1.0161610779278314,0.005228588153377123,1.0213896660812085,0.227259961664491,0.30704941565763433,0.3819576533392571,0.8582124068525957,0.505,0.3352262999157425,0.6840039728915296,0.0,0.0,0.09285928592859286,0.04038468825481288,0.0888227822996207,0.0,,0.5,0.5
fair_selection,fair_selection,synthetic,scenario,synthetic_gamma0,s_learner,17,2000,2000,0.493,12.332723379135132,"{'base_learner': 'gbm', 'n_estimators': 400, 'max_depth': 3, 'learning_rate': 0.05}",5,0.16803601645388302,6,8.166399478912354,4.140985727310181,0.4282751995208351,0.2780655364246928,0.3371755239707023,-0.27806553642469267,0.9793423811024536,0.7012768446777609,0.8920541375898413,0.008980141650523077,0.9010342792403644,0.2644498960459854,0.3180197272941465,0.40354595328852144,0.6322649406822484,0.493,0.3516098306088573,0.6229960827735688,0.0,0.0,0.07084588579361555,0.03161254980472318,0.0680944299097911,0.0,,0.5,0.5
fair_selection,fair_selection,synthetic,scenario,synthetic_gamma0,s_learner,18,2000,2000,0.518,10.257185459136963,"{'base_learner': 'gbm', 'n_estimators': 200, 'max_depth': 3, 'learning_rate': 0.1}",4,0.22064633016480983,6,8.015854120254517,2.2272133827209473,0.43083739704237733,0.2515252091576188,0.31836324120341125,-0.2515252091576188,0.9985727292068496,0.7470475200492308,1.071298604376979,0.008170192367732643,1.0794687967447116,0.2485920965423928,0.2670171637568759,0.3192434327762339,0.712369907552349,0.518,0.30433364425062887,0.6877242160908482,0.0,0.0,0.10219644659478684,0.03902893634136021,0.08684168392760973,0.0,,0.5,0.5
fair_selection,fair_selection,synthetic,scenario,synthetic_gamma0,s_learner,19,2000,2000,0.4935,12.101830005645752,"{'base_learner': 'gbm', 'n_estimators': 400, 'max_depth': 3, 'learning_rate': 0.05}",5,0.17955066506647555,6,7.892607927322388,4.182809591293335,0.39137190182017684,0.19194791693632463,0.2838041900616212,-0.19194791693632474,1.0013442425231096,0.809396325586785,0.929773657723141,0.0017222006451783622,0.9314958583683194,0.21047469975228258,0.23482583143637092,0.31155989649042826,0.6451166737037927,0.4935,0.33888954490192524,0.6511087888037899,0.0,0.0,0.09395687871250241,0.03365141035218352,0.077437892271242,0.0,,0.5,0.5
fair_selection,fair_selection,synthetic,scenario,synthetic_gamma0,s_learner,20,2000,2000,0.4755,12.265814065933228,"{'base_learner': 'gbm', 'n_estimators': 400, 'max_depth': 3, 'learning_rate': 0.05}",5,0.18003467707486123,6,7.968216180801392,4.272384405136108,0.4987012215599078,0.19803766765293107,0.3850484986744572,-0.19803766765293124,0.9972729066129272,0.7992352389599962,1.0225402149800884,0.011701360929749605,1.034241575909838,0.40635406336452307,0.32262713169702534,0.42878958026631586,0.7360293733788789,0.4755,0.3617193235184242,0.5954856007967797,0.0,0.0,0.08989383509807047,0.02568745522208655,0.07967446168670389,0.0,,0.5,0.5
fair_selection,fair_selection,synthetic,scenario,synthetic_gamma0,s_learner,21,2000,2000,0.4985,12.392118215560913,"{'base_learner': 'gbm', 'n_estimators': 400, 'max_depth': 3, 'learning_rate': 0.05}",5,0.17473385257975502,6,8.022627592086792,4.343254566192627,0.3953169471309607,0.1665419524887357,0.3021815310621986,-0.16654195248873566,0.9942709486025046,0.8277289961137689,0.9788438058617294,0.007401036709978603,0.986244842571708,0.25252993014198777,0.2986287227984481,0.37611177369581494,0.5750577438357036,0.4985,0.3101180886788159,0.6413869166994082,0.0,0.0,0.0938728448556037,0.03703018654521409,0.08597188552461899,0.0,,0.5,0.5
fair_selection,fair_selection,synthetic,scenario,synthetic_gamma0,s_learner,22,2000,2000,0.491,12.851080656051636,"{'base_learner': 'gbm', 'n_estimators': 400, 'max_depth': 3, 'learning_rate': 0.05}",5,0.16761695305213828,6,8.573142290115356,4.252325057983398,0.457283834300085,0.1495416203536455,0.33821956790940616,-0.1495416203536455,1.005694401834314,0.8561527814806684,1.0306434719652078,0.00596470298933327,1.036608174954541,0.32984685779882855,0.2840373453888227,0.36093475184046625,0.7188073192360533,0.491,0.3407052463480576,0.6461462133889466,0.0,0.0,0.08840464310436581,0.03382187253859759,0.09163018508675916,0.0,,0.5,0.5
fair_selection,fair_selection,synthetic,scenario,synthetic_gamma0,s_learner,23,2000,2000,0.503,12.181825876235962,"{'base_learner': 'gbm', 'n_estimators': 400, 'max_depth': 3, 'learning_rate': 0.05}",5,0.1849159011400735,6,7.950659513473511,4.204591751098633,0.4056029905569057,0.20488994425896645,0.31435330904606157,-0.2048899442589666,0.9863786558371623,0.7814887115781959,0.9793894460297845,0.009268694995802962,0.9886581410255875,0.29324952486537564,0.29067917003848526,0.3424064768111865,0.6085419333986283,0.503,0.35919448554826816,0.6455945253278249,0.0,0.0,0.07509470340932274,0.029279438740008608,0.10956228566621484,0.05,,0.5,0.5
fair_selection,fair_selection,synthetic,scenario,synthetic_gamma0,s_learner,24,2000,2000,0.5055,10.144672632217407,"{'base_learner': 'gbm', 'n_estimators': 200, 'max_depth': 3, 'learning_rate': 0.1}",4,0.17873491346720904,6,7.992823600769043,2.1382813453674316,0.3707664275462831,0.17356681065541268,0.2819184774047356,-0.17356681065541266,0.9987093506981598,0.8251425400427471,0.9623361833427098,0.0059340144219254265,0.9682701977646352,0.2691976820699293,0.30965753648359173,0.3143523952406658,0.5316938638495645,0.5055,0.31659998713896786,0.6747531683223398,0.0,0.0,0.10052716378681821,0.038231863696342495,0.09319709806901535,0.0,,0.5,0.5
fair_selection,fair_selection,synthetic,scenario,synthetic_gamma0,s_learner,25,2000,2000,0.5045,11.790173768997192,"{'base_learner': 'gbm', 'n_estimators': 400, 'max_depth': 3, 'learning_rate': 0.05}",5,0.16515914043140234,6,7.643630743026733,4.1208672523498535,0.429003466223509,0.22748752343599088,0.31630573241318305,-0.22748752343599102,0.9991239276584803,0.7716364042224895,0.9598011278000655,0.007470668611688658,0.9672717964117542,0.23168708310400327,0.2982934724703022,0.3320536746468191,0.6951678596461821,0.5045,0.38572315913478256,0.6555997844467204,0.0,0.0,0.0939416092703509,0.027939346751877325,0.09930971385924925,0.0,,0.5,0.5
fair_selection,fair_selection,synthetic,scenario,synthetic_gamma0,s_learner,26,2000,2000,0.499,12.563650846481323,"{'base_learner': 'gbm', 'n_estimators': 400, 'max_depth': 3, 'learning_rate': 0.05}",5,0.15414230650449948,6,8.242982625961304,4.295009136199951,0.5035640958671851,0.31815028728454975,0.4025105879928682,-0.3181502872845496,1.0171306539049356,0.6989803666203859,1.0176004338361753,0.00755622346252105,1.0251566572986963,0.2947414621175419,0.4008908564484128,0.4299360129319552,0.7628081089600369,0.499,0.32524265994102264,0.6468789145013637,0.0,0.0,0.11267845071380285,0.03393608458192473,0.10013965941088122,0.05,,0.5,0.5
fair_selection,fair_selection,synthetic,scenario,synthetic_gamma0,s_learner,27,2000,2000,0.5105,10.327181100845337,"{'base_learner': 'gbm', 'n_estimators': 200, 'max_depth': 3, 'learning_rate': 0.1}",4,0.17909736532579687,6,8.087981224060059,2.2244582176208496,0.46801138500664075,0.24682909913815076,0.35777562994834344,-0.24682909913815085,0.9959384935616975,0.7491093944235467,0.9541307301504359,0.00849249136429786,0.9626232215147338,0.29817551552573096,0.28624740974404916,0.41403011254890054,0.7306650903402105,0.5105,0.3014028512401697,0.7073440811211678,0.0,0.0,0.14556519425066455,0.046659874125251334,0.09823726219066715,0.0,,0.5,0.5
fair_selection,fair_selection,synthetic,scenario,synthetic_gamma0,s_learner,28,2000,2000,0.4965,13.252212047576904,"{'base_learner': 'gbm', 'n_estimators': 400, 'max_depth': 3, 'learning_rate': 0.05}",5,0.1864304309280571,6,8.904804229736328,4.320774555206299,0.4145680476439972,0.1688716257235131,0.30672794457177827,-0.16887162572351302,0.9766359953808899,0.8077643696573767,0.8418270079548106,0.006160654297877044,0.8479876622526876,0.31191427237142016,0.2667495583393479,0.338728698827475,0.6358330700088178,0.4965,0.33887345705261585,0.6610439165869166,0.0,0.0,0.1016499808490616,0.038730642295192415,0.08198401500561629,0.0,,0.5,0.5
fair_selection,fair_selection,synthetic,scenario,synthetic_gamma0,s_learner,29,2000,2000,0.5025,10.144093990325928,"{'base_learner': 'gbm', 'n_estimators': 200, 'max_depth': 3, 'learning_rate': 0.1}",4,0.18367194195731615,6,7.885047674179077,2.24593186378479,0.41995917994018783,0.2114075478708598,0.30350505121822446,-0.21140754787085972,0.9856623929546574,0.7742548450837976,0.8788334168308323,0.009328343554872554,0.8881617603857048,0.23243689662711434,0.24487924180652562,0.32086572037540195,0.6989386859880715,0.5025,0.3056640327139708,0.6586157217502635,0.0,0.0,0.10604765119127978,0.03323339031748489,0.10731938915657915,0.05,,0.5,0.5
fair_selection,fair_selection,synthetic,scenario,synthetic_gamma0,t_learner,0,2000,2000,0.5,12.117594242095947,"{'base_learner': 'gbm', 'n_estimators': 400, 'max_depth': 3, 'learning_rate': 0.05}",5,0.18139667216380403,6,7.976638555526733,4.11519455909729,0.8304846507990424,0.03159429790073209,0.6537072781800751,0.03159429790073218,0.988634815670337,1.020229113571069,0.8780972925805075,0.09654395719563436,0.9746412497761419,0.7938325144815087,0.8382642369261547,0.810927983125879,0.876560229007226,0.5,0.30161096242148194,0.6755440672048536,0.0,0.0,0.096,0.03617392029560568,0.12084866904148066,0.1,,0.5,0.5
fair_selection,fair_selection,synthetic,scenario,synthetic_gamma0,t_learner,1,2000,2000,0.495,11.810376644134521,"{'base_learner': 'gbm', 'n_estimators': 400, 'max_depth': 3, 'learning_rate': 0.05}",5,0.19181611922490538,6,7.744962930679321,4.040976047515869,0.8394847096462331,0.05393338216482746,0.664064769516236,0.0539333821648275,0.9947717733296532,1.0487051554944806,0.9728018144664573,0.09109743631539902,1.0638992507818563,0.776721550308729,0.749188779980397,0.8552089731185958,0.9607162580357466,0.495,0.2615105049613446,0.6718587160923126,0.0,0.0,0.11812181218121812,0.04292046311676366,0.10668488565857716,0.05,,0.5,0.5
fair_selection,fair_selection,synthetic,scenario,synthetic_gamma0,t_learner,2,2000,2000,0.5035,11.510332345962524,"{'base_learner': 'gbm', 'n_estimators': 400, 'max_depth': 3, 'learning_rate': 0.05}",5,0.18579911291154974,6,7.433997869491577,4.051062345504761,0.8735901757814808,0.06495572220414292,0.6823622116853735,0.064955722204143,0.9804604494287746,1.0454161716329176,0.8597889527326954,0.07785750176618311,0.9376464544988785,0.9080761775170527,0.8613342588885864,0.8073775555932794,0.9133901761584491,0.5035,0.2929037483019912,0.7107596090634787,0.0,0.0,0.12976335840456182,0.05200336617670166,0.1300180432092643,0.1,,0.5,0.5
fair_selection,fair_selection,synthetic,scenario,synthetic_gamma0,t_learner,3,2000,2000,0.5,11.909756898880005,"{'base_learner': 'gbm', 'n_estimators': 400, 'max_depth': 3, 'learning_rate': 0.05}",5,0.196067928007674,6,7.781497478485107,4.100685119628906,0.8354994530376132,0.040087595254146735,0.660702987020995,-0.040087595254146735,1.0087926713972664,0.9687050761431196,0.8006596938292139,0.10185872219810188,0.9025184160273158,0.8356890246301234,0.8034792670438382,0.8519089535139506,0.8500196471675334,0.5,0.3339531679415336,0.674103785436549,0.0,0.0,0.108,0.04397804774632658,0.08348393134626104,0.0,,0.5,0.5
fair_selection,fair_selection,synthetic,scenario,synthetic_gamma0,t_learner,4,2000,2000,0.4745,10.005272388458252,"{'base_learner': 'gbm', 'n_estimators': 200, 'max_depth': 3, 'learning_rate': 0.1}",4,0.18496515088628676,6,7.962603807449341,2.029287576675415,0.9822893295025011,0.10991389026351239,0.7782467920018459,-0.10991389026351238,0.9903193784566898,0.8804054881931774,0.7786438716439936,0.14369171204055553,0.9223355836845492,0.9306835709298505,0.9140047903318879,0.9767515114210733,1.097246155794663,0.4745,0.2989067005510385,0.646543204391403,0.0,0.0,0.09182884683060641,0.040307352301775956,0.09620872186074654,0.0,,0.5,0.5
fair_selection,fair_selection,synthetic,scenario,synthetic_gamma0,t_learner,5,2000,2000,0.5075,11.847660303115845,"{'base_learner': 'gbm', 'n_estimators': 400, 'max_depth': 3, 'learning_rate': 0.05}",5,0.20092446250984977,6,7.709131956100464,4.1129395961761475,0.8311767665891711,0.04571667700399451,0.6518616080945073,0.04571667700399449,0.9664879542782492,1.0122046312822437,0.8951328060068549,0.08513560419067567,0.9802684101975305,0.8043061528816544,0.7841398806633848,0.8060000430666513,0.9230381681366158,0.5075,0.32807189819113414,0.6704747301170138,0.0,0.0,0.09521642369533145,0.035002717603518106,0.14606359355552034,0.05,,0.5,0.5
fair_selection,fair_selection,synthetic,scenario,synthetic_gamma0,t_learner,6,2000,2000,0.489,11.819001197814941,"{'base_learner': 'gbm', 'n_estimators': 400, 'max_depth': 3, 'learning_rate': 0.05}",5,0.19266516340584094,6,7.745891332626343,4.048280954360962,0.7875197312911085,0.07594417813330112,0.6164810956342909,-0.07594417813330129,1.003619649399195,0.9276754712658938,0.943319171990901,0.09261430603980914,1.0359334780307101,0.7819766265427789,0.7991906517246157,0.7137085936569452,0.8492209428460089,0.489,0.347036171468478,0.6192937795864211,0.0,0.0,0.09889186366201241,0.02776811845669277,0.09743066258171393,0.0,,0.5,0.5
fair_selection,fair_selection,synthetic,scenario,synthetic_gamma0,t_learner,7,2000,2000,0.4925,9.667351722717285,"{'base_learner': 'gbm', 'n_estimators': 200, 'max_depth': 3, 'learning_rate': 0.1}",4,0.20567335592995023,6,7.6253392696380615,2.0285415649414062,0.8525328116636121,0.10855221639206569,0.6617132635023593,-0.10855221639206565,0.9985860310672204,0.8900338146751547,0.8955452257799633,0.10670563875235473,1.002250864532318,0.7773557606426105,0.8062508937628206,0.8530597097741374,0.9618811928272231,0.4925,0.2613921765664383,0.6923932826880763,0.0,0.0,0.11139006276412193,0.041775178257900794,0.11379574324848574,0.1,,0.5,0.5
fair_selection,fair_selection,synthetic,scenario,synthetic_gamma0,t_learner,8,2000,2000,0.493,9.963355779647827,"{'base_learner': 'gbm', 'n_estimators': 200, 'max_depth': 3, 'learning_rate': 0.1}",4,0.19554726029567696,6,7.947368860244751,2.002570629119873,0.866795361412907,0.02439057832197966,0.6928677102348388,-0.024390578321979682,1.0063284488837538,0.9819378705617742,0.9362543289170577,0.10570616804855026,1.041960496965608,0.8282370618014832,0.8843794252851304,0.8270688271327808,0.9236830360268197,0.493,0.3201051481548517,0.6428530196688977,0.0,0.0,0.087255101999992,0.0355156250203149,0.0810216864786433,0.0,,0.5,0.5
fair_selection,fair_selection,synthetic,scenario,synthetic_gamma0,t_learner,9,2000,2000,0.497,11.666898488998413,"{'base_learner': 'gbm', 'n_estimators': 400, 'max_depth': 3, 'learning_rate': 0.05}",5,0.18665123516437457,6,7.6287291049957275,4.01314115524292,0.8699884431593798,0.11927104484352113,0.6921166804784803,-0.11927104484352118,1.000148146210073,0.8808771013665518,0.7850496149688259,0.12222108503628404,0.9072707000051099,0.820758558648173,0.7748667968044689,0.8823023311762513,0.9874203749873878,0.497,0.34894679724308725,0.6455766442257557,0.0,0.0,0.08948522146797284,0.03447847881826681,0.08078551820768623,0.0,,0.5,0.5
fair_selection,fair_selection,synthetic,scenario,synthetic_gamma0,t_learner,10,2000,2000,0.484,9.943871974945068,"{'base_learner': 'gbm', 'n_estimators': 200, 'max_depth': 3, 'learning_rate': 0.1}",4,0.1796239158881758,6,7.912091016769409,2.016143798828125,0.8499516138286581,0.06551148513551186,0.6724680324113432,0.06551148513551178,1.0102761104198241,1.075787595555336,0.9427213398139848,0.07861158271265867,1.0213329225266434,0.7959682386232825,0.8502510454848079,0.8431646036782832,0.9067812069395492,0.484,0.2634772348719492,0.7084660029825222,0.0,0.0,0.11208277275930553,0.04894391429161667,0.11440045072227362,0.1,,0.5,0.5
fair_selection,fair_selection,synthetic,scenario,synthetic_gamma0,t_learner,11,2000,2000,0.495,11.709756851196289,"{'base_learner': 'gbm', 'n_estimators': 400, 'max_depth': 3, 'learning_rate': 0.05}",5,0.17597141791996485,6,7.722345590591431,3.962038040161133,0.8898132326746179,0.020386530940651126,0.7017780156240564,-0.020386530940650915,1.004209171295834,0.983822640355183,0.9285844127179793,0.09937770731245499,1.0279621200304343,0.9040855969264695,0.8651414673809599,0.869127795413262,0.9196992477215182,0.495,0.3442068138429245,0.6372707111713533,0.0,0.0,0.09464946494649465,0.02941239818286929,0.09611552777215057,0.0,,0.5,0.5
fair_selection,fair_selection,synthetic,scenario,synthetic_gamma0,t_learner,12,2000,2000,0.509,9.638637065887451,"{'base_learner': 'gbm', 'n_estimators': 200, 'max_depth': 3, 'learning_rate': 0.1}",4,0.21394918278246358,6,7.629453420639038,1.9960196018218994,0.8594342170043247,0.039658160830966294,0.6641900112811465,-0.03965816083096632,1.0076912717470716,0.9680331109161053,0.923553090191705,0.09277926679611259,1.0163323569878175,0.8071883094343281,0.8025579991635479,0.8278054436800619,0.9867089398278284,0.509,0.3257734165160842,0.6853947295131546,0.0,0.0,0.09664931437785843,0.039104357628740476,0.08077544118162547,0.0,,0.5,0.5
fair_selection,fair_selection,synthetic,scenario,synthetic_gamma0,t_learner,13,2000,2000,0.5,11.818563461303711,"{'base_learner': 'gbm', 'n_estimators': 400, 'max_depth': 3, 'learning_rate': 0.05}",5,0.17691286647193466,6,7.7258460521698,4.065032482147217,0.8907098346025811,0.05363093382267836,0.7116753944056172,0.05363093382267839,0.9934729095450703,1.0471038433677486,0.8830098519521173,0.0889705556936482,0.9719804076457655,0.8753687055218208,0.8700100972234277,0.8782732072349383,0.9374989447496025,0.5,0.3022884216423782,0.6784214934336719,0.0,0.0,0.105,0.03684026729527717,0.11923480287143695,0.05,,0.5,0.5
fair_selection,fair_selection,synthetic,scenario,synthetic_gamma0,t_learner,14,2000,2000,0.511,9.746724605560303,"{'base_learner': 'gbm', 'n_estimators': 200, 'max_depth': 3, 'learning_rate': 0.1}",4,0.21027413925753705,6,7.710896253585815,2.021498203277588,0.8929447732781501,0.031651438459753045,0.7070824703944857,-0.03165143845975307,0.9864716718243007,0.9548202333645477,0.7575139878294418,0.09611717925612528,0.8536311670855671,0.9266785144895524,0.8688399848168451,0.8243696984115623,0.9466784482636111,0.511,0.32065096746408267,0.6892736866186576,0.0,0.0,0.10565313611788106,0.03942937374351729,0.11064346666361993,0.1,,0.5,0.5
fair_selection,fair_selection,synthetic,scenario,synthetic_gamma0,t_learner,15,2000,2000,0.506,9.545917749404907,"{'base_learner': 'gbm', 'n_estimators': 200, 'max_depth': 3, 'learning_rate': 0.1}",4,0.19334664021435016,6,7.572768449783325,1.9596374034881592,0.8707297006706817,0.07109856862044861,0.6957521453304869,0.07109856862044839,0.9872567721697856,1.0583553407902342,0.9737995799576006,0.08276602831104152,1.056565608268642,0.8274901624486112,0.9170069429355797,0.8741592553108998,0.8619076171685837,0.506,0.3208518736520211,0.7333859599752864,0.0,0.0,0.08508025155622409,0.04093872747994716,0.12699354593735465,0.1,,0.5,0.5
fair_selection,fair_selection,synthetic,scenario,synthetic_gamma0,t_learner,16,2000,2000,0.505,9.80503511428833,"{'base_learner': 'gbm', 'n_estimators': 200, 'max_depth': 3, 'learning_rate': 0.1}",4,0.19677175102848143,6,7.754065990447998,2.0345284938812256,0.9250596219506403,0.10713422911751236,0.7261780077779816,-0.1071342291175124,1.003893844164219,0.8967596150467065,0.8918419574699958,0.12954770861121268,1.0213896660812085,0.9232540060608092,0.8556999245890744,0.8447848655703272,1.0604996119320789,0.505,0.3352262999157425,0.6840039728915296,0.0,0.0,0.09285928592859286,0.04038468825481288,0.0888227822996207,0.0,,0.5,0.5
fair_selection,fair_selection,synthetic,scenario,synthetic_gamma0,t_learner,17,2000,2000,0.493,11.650499105453491,"{'base_learner': 'gbm', 'n_estimators': 400, 'max_depth': 3, 'learning_rate': 0.05}",5,0.18593773854692838,6,7.744690179824829,3.880143642425537,0.857890721723996,0.0914759601903452,0.6749734689251727,-0.0914759601903452,0.9793423811024536,0.8878664209121084,0.7814293040543004,0.11960497518606394,0.9010342792403644,0.8914850683236744,0.8657503678224459,0.8250322779659313,0.8479141321891358,0.493,0.3516098306088573,0.6229960827735688,0.0,0.0,0.07084588579361555,0.03161254980472318,0.0680944299097911,0.0,,0.5,0.5
fair_selection,fair_selection,synthetic,scenario,synthetic_gamma0,t_learner,18,2000,2000,0.518,11.75469422340393,"{'base_learner': 'gbm', 'n_estimators': 400, 'max_depth': 3, 'learning_rate': 0.05}",5,0.2296373320311579,6,7.531000852584839,4.191664695739746,0.8375185844069707,0.02904016250669328,0.6714813084906164,-0.029040162506693255,0.9985727292068496,0.9695325667001563,0.986896446628688,0.0925723501160236,1.0794687967447116,0.820928841949289,0.779670808190042,0.814947939094751,0.927253277581443,0.518,0.30433364425062887,0.6877242160908482,0.0,0.0,0.10219644659478684,0.03902893634136021,0.08684168392760973,0.0,,0.5,0.5
fair_selection,fair_selection,synthetic,scenario,synthetic_gamma0,t_learner,19,2000,2000,0.4935,12.065534114837646,"{'base_learner': 'gbm', 'n_estimators': 400, 'max_depth': 3, 'learning_rate': 0.05}",5,0.2006989402630025,6,8.011584043502808,4.027155876159668,0.8164277205461732,0.05679741267442018,0.6471321893839058,0.05679741267442019,1.0013442425231096,1.0581416551975298,0.8621802503222118,0.06931560804610759,0.9314958583683194,0.816876689517744,0.8115341707308985,0.7964805529197819,0.8402144870115749,0.4935,0.33888954490192524,0.6511087888037899,0.0,0.0,0.09395687871250241,0.03365141035218352,0.077437892271242,0.0,,0.5,0.5
fair_selection,fair_selection,synthetic,scenario,synthetic_gamma0,t_learner,20,2000,2000,0.4755,12.02143907546997,"{'base_learner': 'gbm', 'n_estimators': 400, 'max_depth': 3, 'learning_rate': 0.05}",5,0.19579956036709986,6,7.877845287322998,4.11814546585083,0.9045905827761971,0.058784278667278644,0.7163157427999627,0.05878427866727853,0.9972729066129272,1.0560571852802059,0.940319106479621,0.09392246943021698,1.034241575909838,0.9612246036559872,0.9382983712664895,0.8171126984870951,0.8950456723350493,0.4755,0.3617193235184242,0.5954856007967797,0.0,0.0,0.08989383509807047,0.02568745522208655,0.07967446168670389,0.0,,0.5,0.5
fair_selection,fair_selection,synthetic,scenario,synthetic_gamma0,t_learner,21,2000,2000,0.4985,12.054460048675537,"{'base_learner': 'gbm', 'n_estimators': 400, 'max_depth': 3, 'learning_rate': 0.05}",5,0.1922454697589055,6,7.864446640014648,4.165258407592773,0.8852198880492356,0.011781379640037226,0.6985475136985326,-0.01178137964003724,0.9942709486025046,0.9824895689624674,0.8879979595199106,0.0982468830517974,0.986244842571708,0.8191783676001604,0.868572354951923,0.8693325391154493,0.9763435888537895,0.4985,0.3101180886788159,0.6413869166994082,0.0,0.0,0.0938728448556037,0.03703018654521409,0.08597188552461899,0.0,,0.5,0.5
fair_selection,fair_selection,synthetic,scenario,synthetic_gamma0,t_learner,22,2000,2000,0.491,12.312707424163818,"{'base_learner': 'gbm', 'n_estimators': 400, 'max_depth': 3, 'learning_rate': 0.05}",5,0.2016310885150493,6,8.060458660125732,4.222067594528198,0.8701413548530827,0.074650746903554,0.6899045549076153,0.07465074690355385,1.005694401834314,1.080345148737868,0.956658148657652,0.07995002629688908,1.036608174954541,0.8562027082616468,0.8680022300479466,0.8193924259323059,0.9330964650153903,0.491,0.3407052463480576,0.6461462133889466,0.0,0.0,0.08840464310436581,0.03382187253859759,0.09163018508675916,0.0,,0.5,0.5
fair_selection,fair_selection,synthetic,scenario,synthetic_gamma0,t_learner,23,2000,2000,0.503,12.21036171913147,"{'base_learner': 'gbm', 'n_estimators': 400, 'max_depth': 3, 'learning_rate': 0.05}",5,0.19759026646485872,6,8.038766860961914,4.145811557769775,0.7984874071291714,0.02101701726366212,0.6317095580372798,0.021017017263662112,0.9863786558371623,1.0073956731008245,0.8994725491512467,0.08918559187434072,0.9886581410255875,0.8643658168606246,0.7497912491378736,0.7637293946121689,0.811006033602667,0.503,0.35919448554826816,0.6455945253278249,0.0,0.0,0.07509470340932274,0.029279438740008608,0.10956228566621484,0.05,,0.5,0.5
fair_selection,fair_selection,synthetic,scenario,synthetic_gamma0,t_learner,24,2000,2000,0.5055,11.857156753540039,"{'base_learner': 'gbm', 'n_estimators': 400, 'max_depth': 3, 'learning_rate': 0.05}",5,0.2095061070501169,6,7.764392614364624,4.061928749084473,0.822516389638217,0.039810086333178396,0.641966576570095,0.039810086333178375,0.9987093506981598,1.0385194370313382,0.8849375955608423,0.0833326022037929,0.9682701977646352,0.7600238673729794,0.801191880871592,0.7797424307732548,0.9373312528634821,0.5055,0.31659998713896786,0.6747531683223398,0.0,0.0,0.10052716378681821,0.038231863696342495,0.09319709806901535,0.0,,0.5,0.5
fair_selection,fair_selection,synthetic,scenario,synthetic_gamma0,t_learner,25,2000,2000,0.5045,11.758595705032349,"{'base_learner': 'gbm', 'n_estimators': 400, 'max_depth': 3, 'learning_rate': 0.05}",5,0.18166288081034077,6,7.693243026733398,4.038519620895386,0.8425453414964403,0.05532783161506438,0.6633434141470091,0.05532783161506414,0.9991239276584803,1.0544517592735447,0.8857897149820825,0.08148208142967173,0.9672717964117542,0.8611698223771063,0.8121916767145956,0.8694619603609592,0.8260131516490568,0.5045,0.38572315913478256,0.6555997844467204,0.0,0.0,0.0939416092703509,0.027939346751877325,0.09930971385924925,0.0,,0.5,0.5
fair_selection,fair_selection,synthetic,scenario,synthetic_gamma0,t_learner,26,2000,2000,0.499,12.142934083938599,"{'base_learner': 'gbm', 'n_estimators': 400, 'max_depth': 3, 'learning_rate': 0.05}",5,0.1775595948800466,6,7.886601686477661,4.23065972328186,0.9100947990596232,0.06836506917747198,0.7145727318603401,-0.06836506917747186,1.0171306539049356,0.9487655847274636,0.9076171466409715,0.11753951065772483,1.0251566572986963,0.9753561479235197,0.8795713311380566,0.8537756170641928,0.9269261173124755,0.499,0.32524265994102264,0.6468789145013637,0.0,0.0,0.11267845071380285,0.03393608458192473,0.10013965941088122,0.05,,0.5,0.5
fair_selection,fair_selection,synthetic,scenario,synthetic_gamma0,t_learner,27,2000,2000,0.5105,11.937753438949585,"{'base_learner': 'gbm', 'n_estimators': 400, 'max_depth': 3, 'learning_rate': 0.05}",5,0.1928914512564556,6,7.867417573928833,4.044840097427368,0.8338468813482359,0.03350791572613809,0.6550952903059671,-0.03350791572613805,0.9959384935616975,0.9624305778355594,0.8639208688652645,0.09870235264946925,0.9626232215147338,0.7826754229902008,0.8071739566256712,0.8484351938291458,0.8928883435240857,0.5105,0.3014028512401697,0.7073440811211678,0.0,0.0,0.14556519425066455,0.046659874125251334,0.09823726219066715,0.0,,0.5,0.5
fair_selection,fair_selection,synthetic,scenario,synthetic_gamma0,t_learner,28,2000,2000,0.4965,9.616517305374146,"{'base_learner': 'gbm', 'n_estimators': 200, 'max_depth': 3, 'learning_rate': 0.1}",4,0.21092036630668956,6,7.602372884750366,2.0008280277252197,0.8001683322374292,0.09276981520378813,0.63599119169401,0.09276981520378806,0.9766359953808899,1.069405810584678,0.7860264595112926,0.06196120274139505,0.8479876622526876,0.7947449130277496,0.7847972567584353,0.7869886591517202,0.8331867011840997,0.4965,0.33887345705261585,0.6610439165869166,0.0,0.0,0.1016499808490616,0.038730642295192415,0.08198401500561629,0.0,,0.5,0.5
fair_selection,fair_selection,synthetic,scenario,synthetic_gamma0,t_learner,29,2000,2000,0.5025,11.425040245056152,"{'base_learner': 'gbm', 'n_estimators': 400, 'max_depth': 3, 'learning_rate': 0.05}",5,0.2174676169797717,6,7.433055400848389,3.9662840366363525,0.8827611489507279,0.019727096658659238,0.6891706547164715,0.01972709665865939,0.9856623929546574,1.0053894896133166,0.8055244081482269,0.08263735223747792,0.8881617603857048,0.8956482474242229,0.871235351900202,0.8637714915592009,0.8998505282779358,0.5025,0.3056640327139708,0.6586157217502635,0.0,0.0,0.10604765119127978,0.03323339031748489,0.10731938915657915,0.05,,0.5,0.5
fair_selection,fair_selection,synthetic,scenario,synthetic_gamma0,x_learner,0,2000,2000,0.5,23.751186847686768,"{'base_learner': 'gbm', 'n_estimators': 400, 'max_depth': 3, 'learning_rate': 0.05}",5,0.18139667216380403,6,17.532551288604736,6.205309152603149,0.42890218054620727,0.04978107187050751,0.3354693999811647,0.04978107187050756,0.988634815670337,1.0384158875408445,0.9520336866310564,0.022607563145085496,0.9746412497761419,0.4293319580404673,0.40477706217195547,0.39837223093585844,0.4784950232478202,0.5,0.30161096242148194,0.6755440672048536,0.0,0.0,0.096,0.03617392029560568,0.12084866904148066,0.1,,0.5,0.5
fair_selection,fair_selection,synthetic,scenario,synthetic_gamma0,x_learner,1,2000,2000,0.495,24.648269653320312,"{'base_learner': 'gbm', 'n_estimators': 400, 'max_depth': 3, 'learning_rate': 0.05}",5,0.19181611922490538,6,18.22269296646118,6.41397762298584,0.4164722164661553,0.0015840548105048313,0.31477767671876883,-0.0015840548105047567,0.9947717733296532,0.9931877185191483,1.0448766216889547,0.019022629092901644,1.0638992507818563,0.40177573173979997,0.34289714476955807,0.3807903796345838,0.5194159456779421,0.495,0.2615105049613446,0.6718587160923126,0.0,0.0,0.11812181218121812,0.04292046311676366,0.10668488565857716,0.05,,0.5,0.5
fair_selection,fair_selection,synthetic,scenario,synthetic_gamma0,x_learner,2,2000,2000,0.5035,23.818488121032715,"{'base_learner': 'gbm', 'n_estimators': 400, 'max_depth': 3, 'learning_rate': 0.05}",5,0.18579911291154974,6,17.778931379318237,6.027908802032471,0.4057245386540622,0.044567628893594224,0.3093352023196925,0.04456762889359415,0.9804604494287746,1.0250280783223689,0.9252350197373581,0.012411434761520401,0.9376464544988785,0.4499615435310853,0.33428633215690584,0.36141303384227924,0.46218771241707846,0.5035,0.2929037483019912,0.7107596090634787,0.0,0.0,0.12976335840456182,0.05200336617670166,0.1300180432092643,0.1,,0.5,0.5
fair_selection,fair_selection,synthetic,scenario,synthetic_gamma0,x_learner,3,2000,2000,0.5,24.17071795463562,"{'base_learner': 'gbm', 'n_estimators': 400, 'max_depth': 3, 'learning_rate': 0.05}",5,0.196067928007674,6,17.676512002944946,6.481884002685547,0.3921369711768882,0.04454229804235721,0.3072228983082339,-0.044542298042357285,1.0087926713972664,0.9642503733549092,0.8796945097319429,0.022823906295372898,0.9025184160273158,0.383435325013332,0.3824712750813645,0.3740110816841473,0.4264908002549931,0.5,0.3339531679415336,0.674103785436549,0.0,0.0,0.108,0.04397804774632658,0.08348393134626104,0.0,,0.5,0.5
fair_selection,fair_selection,synthetic,scenario,synthetic_gamma0,x_learner,4,2000,2000,0.4745,21.558305263519287,"{'base_learner': 'gbm', 'n_estimators': 200, 'max_depth': 3, 'learning_rate': 0.1}",4,0.18496515088628676,6,17.40273356437683,4.142601490020752,0.416114723577401,0.06547208326583598,0.32068166533333686,-0.06547208326583598,0.9903193784566898,0.9248472951908538,0.9022600151434049,0.02007556854114423,0.9223355836845492,0.3876848208370499,0.3832727661535213,0.3746633130351302,0.5050106147346806,0.4745,0.2989067005510385,0.646543204391403,0.0,0.0,0.09182884683060641,0.040307352301775956,0.09620872186074654,0.0,,0.5,0.5
fair_selection,fair_selection,synthetic,scenario,synthetic_gamma0,x_learner,5,2000,2000,0.5075,23.453500986099243,"{'base_learner': 'gbm', 'n_estimators': 400, 'max_depth': 3, 'learning_rate': 0.05}",5,0.20092446250984977,6,17.354556560516357,6.08692193031311,0.4316526967756642,0.04487051989528146,0.32897197492274916,0.04487051989528135,0.9664879542782492,1.0113584741735306,0.9608416624790896,0.019426747718440884,0.9802684101975305,0.4216913473266577,0.37018907285282243,0.39952818301243115,0.5203939771402002,0.5075,0.32807189819113414,0.6704747301170138,0.0,0.0,0.09521642369533145,0.035002717603518106,0.14606359355552034,0.05,,0.5,0.5
fair_selection,fair_selection,synthetic,scenario,synthetic_gamma0,x_learner,6,2000,2000,0.489,24.219865560531616,"{'base_learner': 'gbm', 'n_estimators': 400, 'max_depth': 3, 'learning_rate': 0.05}",5,0.19266516340584094,6,17.82456684112549,6.383833646774292,0.38670422812838756,0.05511600054766541,0.2971335290287817,-0.05511600054766542,1.003619649399195,0.9485036488515295,1.0155906649205766,0.02034281311013353,1.0359334780307101,0.3541520983118979,0.3542663282576386,0.3724178528290198,0.45665878183589265,0.489,0.347036171468478,0.6192937795864211,0.0,0.0,0.09889186366201241,0.02776811845669277,0.09743066258171393,0.0,,0.5,0.5
fair_selection,fair_selection,synthetic,scenario,synthetic_gamma0,x_learner,7,2000,2000,0.4925,21.571598291397095,"{'base_learner': 'gbm', 'n_estimators': 200, 'max_depth': 3, 'learning_rate': 0.1}",4,0.20567335592995023,6,17.547783136367798,4.012286424636841,0.45424487893924664,0.10393695048481333,0.34965314804974196,-0.10393695048481336,0.9985860310672204,0.8946490805824071,0.980825413254084,0.02142545127823403,1.002250864532318,0.38280619616135336,0.3745301495853852,0.4515826604703654,0.5784577116476662,0.4925,0.2613921765664383,0.6923932826880763,0.0,0.0,0.11139006276412193,0.041775178257900794,0.11379574324848574,0.1,,0.5,0.5
fair_selection,fair_selection,synthetic,scenario,synthetic_gamma0,x_learner,8,2000,2000,0.493,21.78650140762329,"{'base_learner': 'gbm', 'n_estimators': 200, 'max_depth': 3, 'learning_rate': 0.1}",4,0.19554726029567696,6,17.6319580078125,4.1426310539245605,0.4306738626134233,0.030368360771643843,0.33505405604399713,-0.03036836077164386,1.0063284488837538,0.97596008811211,1.0258101921364504,0.01615030482915758,1.041960496965608,0.42619460813095267,0.3618854183488469,0.40251366630965385,0.5170103985163234,0.493,0.3201051481548517,0.6428530196688977,0.0,0.0,0.087255101999992,0.0355156250203149,0.0810216864786433,0.0,,0.5,0.5
fair_selection,fair_selection,synthetic,scenario,synthetic_gamma0,x_learner,9,2000,2000,0.497,24.046415090560913,"{'base_learner': 'gbm', 'n_estimators': 400, 'max_depth': 3, 'learning_rate': 0.05}",5,0.18665123516437457,6,17.89847993850708,6.136131048202515,0.4493821384607783,0.12084955643049033,0.3399261129575911,-0.1208495564304906,1.000148146210073,0.8792985897795826,0.8881430493003786,0.019127650704731325,0.9072707000051099,0.3803287377443597,0.3671603569521573,0.42229426414742166,0.591597923819094,0.497,0.34894679724308725,0.6455766442257557,0.0,0.0,0.08948522146797284,0.03447847881826681,0.08078551820768623,0.0,,0.5,0.5
fair_selection,fair_selection,synthetic,scenario,synthetic_gamma0,x_learner,10,2000,2000,0.484,21.890356063842773,"{'base_learner': 'gbm', 'n_estimators': 200, 'max_depth': 3, 'learning_rate': 0.1}",4,0.1796239158881758,6,17.7203311920166,4.158357381820679,0.39875345602959367,0.02544442464364627,0.3064087186267869,0.02544442464364617,1.0102761104198241,1.0357205350634704,1.005520003670872,0.015812918855771407,1.0213329225266434,0.38886605119768614,0.36959999738707855,0.4052238910486252,0.4289404493201618,0.484,0.2634772348719492,0.7084660029825222,0.0,0.0,0.11208277275930553,0.04894391429161667,0.11440045072227362,0.1,,0.5,0.5
fair_selection,fair_selection,synthetic,scenario,synthetic_gamma0,x_learner,11,2000,2000,0.495,24.327154636383057,"{'base_learner': 'gbm', 'n_estimators': 400, 'max_depth': 3, 'learning_rate': 0.05}",5,0.17597141791996485,6,18.18228268623352,6.132686138153076,0.4559683942558856,0.025305231325132183,0.3533483481675447,-0.025305231325132085,1.004209171295834,0.9789039399707019,1.0129738858445334,0.014988234185900895,1.0279621200304343,0.4570118123942546,0.4035834531103545,0.4356678795994816,0.5196949149588589,0.495,0.3442068138429245,0.6372707111713533,0.0,0.0,0.09464946494649465,0.02941239818286929,0.09611552777215057,0.0,,0.5,0.5
fair_selection,fair_selection,synthetic,scenario,synthetic_gamma0,x_learner,12,2000,2000,0.509,21.19874405860901,"{'base_learner': 'gbm', 'n_estimators': 200, 'max_depth': 3, 'learning_rate': 0.1}",4,0.21394918278246358,6,17.255176067352295,3.9321706295013428,0.46871743981796704,0.038386776405974876,0.34526229327958186,-0.03838677640597486,1.0076912717470716,0.9693044953410968,0.9935296539052595,0.02280270308255805,1.0163323569878175,0.40090731617318226,0.4122099164134341,0.4366611256179186,0.5978858783926714,0.509,0.3257734165160842,0.6853947295131546,0.0,0.0,0.09664931437785843,0.039104357628740476,0.08077544118162547,0.0,,0.5,0.5
fair_selection,fair_selection,synthetic,scenario,synthetic_gamma0,x_learner,13,2000,2000,0.5,23.488971710205078,"{'base_learner': 'gbm', 'n_estimators': 400, 'max_depth': 3, 'learning_rate': 0.05}",5,0.17691286647193466,6,17.467371225357056,6.009354829788208,0.42236188769810645,0.04050591369341916,0.33069762025765376,0.0405059136934192,0.9934729095450703,1.0339788232384894,0.955462529204086,0.016517878441679512,0.9719804076457655,0.37549795483059656,0.3858701350609605,0.42189619880891566,0.4956484428869869,0.5,0.3022884216423782,0.6784214934336719,0.0,0.0,0.105,0.03684026729527717,0.11923480287143695,0.05,,0.5,0.5
fair_selection,fair_selection,synthetic,scenario,synthetic_gamma0,x_learner,14,2000,2000,0.511,20.974794387817383,"{'base_learner': 'gbm', 'n_estimators': 200, 'max_depth': 3, 'learning_rate': 0.1}",4,0.21027413925753705,6,16.955104112625122,4.007859230041504,0.47242044119118837,0.047220115538291196,0.3581701490319869,-0.047220115538291293,0.9864716718243007,0.9392515562860095,0.8251362570629187,0.028494910022648368,0.8536311670855671,0.41009115963164916,0.4186445763672882,0.4215472002372047,0.6095770750803423,0.511,0.32065096746408267,0.6892736866186576,0.0,0.0,0.10565313611788106,0.03942937374351729,0.11064346666361993,0.1,,0.5,0.5
fair_selection,fair_selection,synthetic,scenario,synthetic_gamma0,x_learner,15,2000,2000,0.506,20.846226453781128,"{'base_learner': 'gbm', 'n_estimators': 200, 'max_depth': 3, 'learning_rate': 0.1}",4,0.19334664021435016,6,16.92050838470459,3.913872241973877,0.4009975693619633,0.02088177982030026,0.3099026415382392,0.020881779820300234,0.9872567721697856,1.0081385519900858,1.0433189917019805,0.013246616566661595,1.056565608268642,0.3503592942977587,0.39951299315541633,0.39487876451488185,0.4526640001935072,0.506,0.3208518736520211,0.7333859599752864,0.0,0.0,0.08508025155622409,0.04093872747994716,0.12699354593735465,0.1,,0.5,0.5
fair_selection,fair_selection,synthetic,scenario,synthetic_gamma0,x_learner,16,2000,2000,0.505,21.192360639572144,"{'base_learner': 'gbm', 'n_estimators': 200, 'max_depth': 3, 'learning_rate': 0.1}",4,0.19677175102848143,6,17.209617853164673,3.96987247467041,0.47095318169970585,0.08351623163011002,0.35573440137642126,-0.0835162316301102,1.003893844164219,0.9203776125341089,0.9959401649536346,0.025449501127573937,1.0213896660812085,0.4538941101948473,0.38644658710527036,0.38439473352568493,0.6197317631807644,0.505,0.3352262999157425,0.6840039728915296,0.0,0.0,0.09285928592859286,0.04038468825481288,0.0888227822996207,0.0,,0.5,0.5
fair_selection,fair_selection,synthetic,scenario,synthetic_gamma0,x_learner,17,2000,2000,0.493,23.223466396331787,"{'base_learner': 'gbm', 'n_estimators': 400, 'max_depth': 3, 'learning_rate': 0.05}",5,0.18593773854692838,6,17.16707992553711,6.044253349304199,0.4147479299213816,0.06648525273203254,0.32709546879516677,-0.06648525273203248,0.9793423811024536,0.9128571283704211,0.8739854607812304,0.027048818459133983,0.9010342792403644,0.4075279042953421,0.4326130452247339,0.39375588450193616,0.424012553161356,0.493,0.3516098306088573,0.6229960827735688,0.0,0.0,0.07084588579361555,0.03161254980472318,0.0680944299097911,0.0,,0.5,0.5
fair_selection,fair_selection,synthetic,scenario,synthetic_gamma0,x_learner,18,2000,2000,0.518,24.15936827659607,"{'base_learner': 'gbm', 'n_estimators': 400, 'max_depth': 3, 'learning_rate': 0.05}",5,0.2296373320311579,6,17.773990631103516,6.372868537902832,0.4288003042750187,0.05880029648866292,0.334052720793663,-0.05880029648866287,0.9985727292068496,0.9397724327181867,1.0572138290669773,0.022254967677734383,1.0794687967447116,0.4296632684804738,0.397903662390454,0.3672918965504553,0.5075801588800571,0.518,0.30433364425062887,0.6877242160908482,0.0,0.0,0.10219644659478684,0.03902893634136021,0.08684168392760973,0.0,,0.5,0.5
fair_selection,fair_selection,synthetic,scenario,synthetic_gamma0,x_learner,19,2000,2000,0.4935,24.621449947357178,"{'base_learner': 'gbm', 'n_estimators': 400, 'max_depth': 3, 'learning_rate': 0.05}",5,0.2006989402630025,6,18.369524240493774,6.240793943405151,0.41334254381611724,0.04871022708728301,0.3182988723480719,0.04871022708728269,1.0013442425231096,1.0500544696103926,0.9235060020696253,0.007989856298694087,0.9314958583683194,0.42281497534559903,0.36991749894457665,0.40312091799894784,0.45308972641551964,0.4935,0.33888954490192524,0.6511087888037899,0.0,0.0,0.09395687871250241,0.03365141035218352,0.077437892271242,0.0,,0.5,0.5
fair_selection,fair_selection,synthetic,scenario,synthetic_gamma0,x_learner,20,2000,2000,0.4755,23.957017183303833,"{'base_learner': 'gbm', 'n_estimators': 400, 'max_depth': 3, 'learning_rate': 0.05}",5,0.19579956036709986,6,17.856446266174316,6.08817195892334,0.44377669093670746,0.041854096931011164,0.3453266604830493,0.04185409693101098,0.9972729066129272,1.0391270035439384,1.0194142755998434,0.014827300309994573,1.034241575909838,0.5067361950436956,0.423400322400938,0.38131478045729045,0.45420330195096975,0.4755,0.3617193235184242,0.5954856007967797,0.0,0.0,0.08989383509807047,0.02568745522208655,0.07967446168670389,0.0,,0.5,0.5
fair_selection,fair_selection,synthetic,scenario,synthetic_gamma0,x_learner,21,2000,2000,0.4985,24.27784752845764,"{'base_learner': 'gbm', 'n_estimators': 400, 'max_depth': 3, 'learning_rate': 0.05}",5,0.1922454697589055,6,17.971720695495605,6.290910959243774,0.4225603297984404,0.016186556279630948,0.33295520233313103,-0.016186556279630906,0.9942709486025046,0.9780843923228737,0.9593438476217971,0.026900994949910828,0.986244842571708,0.4045810585693167,0.41713753347687615,0.40931833408214413,0.4571628548706076,0.4985,0.3101180886788159,0.6413869166994082,0.0,0.0,0.0938728448556037,0.03703018654521409,0.08597188552461899,0.0,,0.5,0.5
fair_selection,fair_selection,synthetic,scenario,synthetic_gamma0,x_learner,22,2000,2000,0.491,23.83855438232422,"{'base_learner': 'gbm', 'n_estimators': 400, 'max_depth': 3, 'learning_rate': 0.05}",5,0.2016310885150493,6,17.610031604766846,6.216637849807739,0.4364510324730482,0.03651458224835147,0.3383098815969837,0.036514582248351586,1.005694401834314,1.0422089840826654,1.0236094964904583,0.012998678464082758,1.036608174954541,0.44827789215375996,0.38690187575076107,0.39503699575053075,0.5052303008750353,0.491,0.3407052463480576,0.6461462133889466,0.0,0.0,0.08840464310436581,0.03382187253859759,0.09163018508675916,0.0,,0.5,0.5
fair_selection,fair_selection,synthetic,scenario,synthetic_gamma0,x_learner,23,2000,2000,0.503,23.869439363479614,"{'base_learner': 'gbm', 'n_estimators': 400, 'max_depth': 3, 'learning_rate': 0.05}",5,0.19759026646485872,6,17.77895760536194,6.079012632369995,0.394433442061651,0.017396717376316206,0.3075501379102091,-0.017396717376316363,0.9863786558371623,0.9689819384608461,0.9761199036995226,0.01253823732606485,0.9886581410255875,0.4300172298865836,0.34525486619918994,0.3632021802894329,0.43160096902794143,0.503,0.35919448554826816,0.6455945253278249,0.0,0.0,0.07509470340932274,0.029279438740008608,0.10956228566621484,0.05,,0.5,0.5
fair_selection,fair_selection,synthetic,scenario,synthetic_gamma0,x_learner,24,2000,2000,0.5055,23.502872467041016,"{'base_learner': 'gbm', 'n_estimators': 400, 'max_depth': 3, 'learning_rate': 0.05}",5,0.2095061070501169,6,17.403278589248657,6.088055849075317,0.4274846558680743,0.047429613152538797,0.3288434004279724,0.04742961315253895,0.9987093506981598,1.0461389638506986,0.9526035781893082,0.015666619575327,0.9682701977646352,0.40020658867199516,0.4019737161793864,0.3910727025984877,0.506247452514437,0.5055,0.31659998713896786,0.6747531683223398,0.0,0.0,0.10052716378681821,0.038231863696342495,0.09319709806901535,0.0,,0.5,0.5
fair_selection,fair_selection,synthetic,scenario,synthetic_gamma0,x_learner,25,2000,2000,0.5045,23.595988512039185,"{'base_learner': 'gbm', 'n_estimators': 400, 'max_depth': 3, 'learning_rate': 0.05}",5,0.18166288081034077,6,17.428348064422607,6.156139135360718,0.4198462642233367,0.037563149498263004,0.32758900656748996,0.037563149498262706,0.9991239276584803,1.0366870771567434,0.9499488419314349,0.017322954480319286,0.9672717964117542,0.3971743418409789,0.38059156671045313,0.4272449220973356,0.46898605565973583,0.5045,0.38572315913478256,0.6555997844467204,0.0,0.0,0.0939416092703509,0.027939346751877325,0.09930971385924925,0.0,,0.5,0.5
fair_selection,fair_selection,synthetic,scenario,synthetic_gamma0,x_learner,26,2000,2000,0.499,23.661661386489868,"{'base_learner': 'gbm', 'n_estimators': 400, 'max_depth': 3, 'learning_rate': 0.05}",5,0.1775595948800466,6,17.46150279045105,6.188770771026611,0.48473966088240505,0.061448360375536915,0.3710023094315191,-0.061448360375536665,1.0171306539049356,0.9556822935293987,0.9931707019113969,0.031985955387299425,1.0251566572986963,0.48741456827945745,0.5005250269678796,0.43954030900259505,0.5085235570740191,0.499,0.32524265994102264,0.6468789145013637,0.0,0.0,0.11267845071380285,0.03393608458192473,0.10013965941088122,0.05,,0.5,0.5
fair_selection,fair_selection,synthetic,scenario,synthetic_gamma0,x_learner,27,2000,2000,0.5105,23.516223669052124,"{'base_learner': 'gbm', 'n_estimators': 400, 'max_depth': 3, 'learning_rate': 0.05}",5,0.1928914512564556,6,17.340383052825928,6.160557270050049,0.4194695624965922,0.014908627147987685,0.3284055463907685,0.01490862714798755,0.9959384935616975,1.0108471207096852,0.9472614358718192,0.015361785642914572,0.9626232215147338,0.4294506492992792,0.35655103046835435,0.4170141218519434,0.46729175052504895,0.5105,0.3014028512401697,0.7073440811211678,0.0,0.0,0.14556519425066455,0.046659874125251334,0.09823726219066715,0.0,,0.5,0.5
fair_selection,fair_selection,synthetic,scenario,synthetic_gamma0,x_learner,28,2000,2000,0.4965,21.246551275253296,"{'base_learner': 'gbm', 'n_estimators': 200, 'max_depth': 3, 'learning_rate': 0.1}",4,0.21092036630668956,6,17.274502754211426,3.959402322769165,0.39752142289575804,0.02448226630492556,0.30276838410820883,0.024482266304925598,0.9766359953808899,1.0011182616858154,0.8378654744891626,0.010122187763525026,0.8479876622526876,0.4208687696074918,0.3519209400688802,0.3448243830962519,0.46066300283034806,0.4965,0.33887345705261585,0.6610439165869166,0.0,0.0,0.1016499808490616,0.038730642295192415,0.08198401500561629,0.0,,0.5,0.5
fair_selection,fair_selection,synthetic,scenario,synthetic_gamma0,x_learner,29,2000,2000,0.5025,23.787407636642456,"{'base_learner': 'gbm', 'n_estimators': 400, 'max_depth': 3, 'learning_rate': 0.05}",5,0.2174676169797717,6,17.7002112865448,6.074770212173462,0.4028623608113334,0.0072521314066424925,0.30842930560908266,-0.007252131406642409,0.9856623929546574,0.9784102615480149,0.8691900019810576,0.018971758404647265,0.8881617603857048,0.3966086397125418,0.3691016315116222,0.3444400872495074,0.48684589538200035,0.5025,0.3056640327139708,0.6586157217502635,0.0,0.0,0.10604765119127978,0.03323339031748489,0.10731938915657915,0.05,,0.5,0.5
fair_selection,fair_selection,synthetic,scenario,synthetic_gamma0,neural_rep,0,2000,2000,0.5,47.530802488327026,"{'latent_dim': 8, 'lr': 0.001, 'weight_decay': 0.01, 'epochs': 200, 'dropout': 0.2}",4,0.1456188488040394,6,38.729453325271606,8.799413442611694,0.5683439972549994,0.07600181748507595,0.43690015276931593,0.07600181748507595,0.988634815670337,1.064636633155413,0.9655863904609265,0.009054859315215325,0.9746412497761419,0.7375223420726759,0.35523168487516693,0.27261057446385845,0.740009673286798,0.5,0.30161096242148194,0.6755440672048536,0.0,0.0,0.096,0.03617392029560568,0.12084866904148066,0.1,,0.5,0.5
fair_selection,fair_selection,synthetic,scenario,synthetic_gamma0,neural_rep,1,2000,2000,0.495,47.54562544822693,"{'latent_dim': 8, 'lr': 0.001, 'weight_decay': 0.01, 'epochs': 200, 'dropout': 0.2}",4,0.14630840614799498,6,38.88865923881531,8.655853509902954,0.6208761687542917,0.08831397955116538,0.4635657555435802,-0.08831397955116535,0.9947717733296532,0.9064577937784878,1.0546298888277137,0.00926936195414263,1.0638992507818563,0.6341713347950996,0.30891679808934575,0.36399233842286116,0.9549112918276316,0.495,0.2615105049613446,0.6718587160923126,0.0,0.0,0.11812181218121812,0.04292046311676366,0.10668488565857716,0.05,,0.5,0.5
fair_selection,fair_selection,synthetic,scenario,synthetic_gamma0,neural_rep,2,2000,2000,0.5035,55.23291754722595,"{'latent_dim': 8, 'lr': 0.0005, 'weight_decay': 0.01, 'epochs': 400, 'dropout': 0.3}",5,0.14708399975443193,6,38.46350955963135,16.767627000808716,0.5797369869565984,0.051258932960563164,0.4533869525653653,0.051258932960563185,0.9804604494287746,1.0317193823893378,0.9291274507657377,0.00851900373314085,0.9376464544988785,0.7420986009279891,0.3287017411876922,0.23438577426479534,0.7941586975191127,0.5035,0.2929037483019912,0.7107596090634787,0.0,0.0,0.12976335840456182,0.05200336617670166,0.1300180432092643,0.1,,0.5,0.5
fair_selection,fair_selection,synthetic,scenario,synthetic_gamma0,neural_rep,3,2000,2000,0.5,47.75595545768738,"{'latent_dim': 8, 'lr': 0.001, 'weight_decay': 0.01, 'epochs': 200, 'dropout': 0.2}",4,0.14543311758454464,6,39.143306732177734,8.611341953277588,0.44881891314814515,0.12052651627205813,0.3255066240050074,-0.12052651627205814,1.0087926713972664,0.8882661551252082,0.8937044366290157,0.008813979398300087,0.9025184160273158,0.3811894693314687,0.2564363248861874,0.3471163544900784,0.6886210157939606,0.5,0.3339531679415336,0.674103785436549,0.0,0.0,0.108,0.04397804774632658,0.08348393134626104,0.0,,0.5,0.5
fair_selection,fair_selection,synthetic,scenario,synthetic_gamma0,neural_rep,4,2000,2000,0.4745,56.378602266311646,"{'latent_dim': 8, 'lr': 0.0005, 'weight_decay': 0.01, 'epochs': 400, 'dropout': 0.3}",5,0.13418368546297604,6,39.795541286468506,16.581910133361816,0.5687842935561535,0.10213863746760743,0.4387849071514196,-0.10213863746760742,0.9903193784566898,0.8881807409890824,0.9164202871713446,0.005915296513204549,0.9223355836845492,0.5965702494940728,0.19052910303475287,0.3117677752654953,0.897031628765701,0.4745,0.2989067005510385,0.646543204391403,0.0,0.0,0.09182884683060641,0.040307352301775956,0.09620872186074654,0.0,,0.5,0.5
fair_selection,fair_selection,synthetic,scenario,synthetic_gamma0,neural_rep,5,2000,2000,0.5075,47.97181415557861,"{'latent_dim': 8, 'lr': 0.001, 'weight_decay': 0.01, 'epochs': 200, 'dropout': 0.2}",4,0.15195306788427665,6,39.762317419052124,8.208276748657227,0.5996336461809817,0.1506471245092993,0.4691851301965052,0.15064712450929932,0.9664879542782492,1.1171350787875485,0.969387282177124,0.010881128020406527,0.9802684101975305,0.8022257874437777,0.44084852509257677,0.321863630794802,0.7047923137951299,0.5075,0.32807189819113414,0.6704747301170138,0.0,0.0,0.09521642369533145,0.035002717603518106,0.14606359355552034,0.05,,0.5,0.5
fair_selection,fair_selection,synthetic,scenario,synthetic_gamma0,neural_rep,6,2000,2000,0.489,59.14047980308533,"{'latent_dim': 8, 'lr': 0.0005, 'weight_decay': 0.01, 'epochs': 400, 'dropout': 0.3}",5,0.13048933778382327,6,41.784647941589355,17.354492902755737,0.5806524139101067,0.03676664804382146,0.4519911052876769,-0.03676664804382146,1.003619649399195,0.9668530013553734,1.0273495716827297,0.008583906347980452,1.0359334780307101,0.6970352557838142,0.22083157071432177,0.24664355029956803,0.8678543263615145,0.489,0.347036171468478,0.6192937795864211,0.0,0.0,0.09889186366201241,0.02776811845669277,0.09743066258171393,0.0,,0.5,0.5
fair_selection,fair_selection,synthetic,scenario,synthetic_gamma0,neural_rep,7,2000,2000,0.4925,49.29019021987915,"{'latent_dim': 8, 'lr': 0.001, 'weight_decay': 0.01, 'epochs': 200, 'dropout': 0.2}",4,0.14868448626937691,6,40.85891389846802,8.430231809616089,0.5660417975457447,0.022402391175503356,0.4381131350809252,-0.022402391175503345,0.9985860310672204,0.9761836398917171,0.9932654126370885,0.00898545189522959,1.002250864532318,0.6526485020557423,0.29053414726293636,0.3083768170612025,0.8222875695357839,0.4925,0.2613921765664383,0.6923932826880763,0.0,0.0,0.11139006276412193,0.041775178257900794,0.11379574324848574,0.1,,0.5,0.5
fair_selection,fair_selection,synthetic,scenario,synthetic_gamma0,neural_rep,8,2000,2000,0.493,47.98006772994995,"{'latent_dim': 8, 'lr': 0.001, 'weight_decay': 0.01, 'epochs': 200, 'dropout': 0.2}",4,0.1351610125865525,6,40.171199798583984,7.807726621627808,0.589542471298975,0.029506659765146992,0.45888911765536067,0.029506659765146884,1.0063284488837538,1.0358351086489008,1.0323402360541523,0.009620260911455736,1.041960496965608,0.7891894822379683,0.257945713840713,0.1856494384335009,0.8163452441869857,0.493,0.3201051481548517,0.6428530196688977,0.0,0.0,0.087255101999992,0.0355156250203149,0.0810216864786433,0.0,,0.5,0.5
fair_selection,fair_selection,synthetic,scenario,synthetic_gamma0,neural_rep,9,2000,2000,0.497,56.38970971107483,"{'latent_dim': 8, 'lr': 0.0005, 'weight_decay': 0.01, 'epochs': 400, 'dropout': 0.3}",5,0.14268874831540723,6,39.400877952575684,16.98763871192932,0.590444324027235,0.07130717705753242,0.44549049510097094,-0.07130717705753255,1.000148146210073,0.9288409691525406,0.9007714401459965,0.006499259859113371,0.9072707000051099,0.6097575095157017,0.25441964263117256,0.3272618498720095,0.9224229538313213,0.497,0.34894679724308725,0.6455766442257557,0.0,0.0,0.08948522146797284,0.03447847881826681,0.08078551820768623,0.0,,0.5,0.5
fair_selection,fair_selection,synthetic,scenario,synthetic_gamma0,neural_rep,10,2000,2000,0.484,56.58741307258606,"{'latent_dim': 8, 'lr': 0.0005, 'weight_decay': 0.01, 'epochs': 400, 'dropout': 0.3}",5,0.1449574878873359,6,39.78708267211914,16.799055814743042,0.5827911283492838,0.050899224351036665,0.46080908863519937,0.0508992243510368,1.0102761104198241,1.0611753347708608,1.0121308774903428,0.009202045036300621,1.0213329225266434,0.7165529883390743,0.3491850637917771,0.3292151273563936,0.7841052245568282,0.484,0.2634772348719492,0.7084660029825222,0.0,0.0,0.11208277275930553,0.04894391429161667,0.11440045072227362,0.1,,0.5,0.5
fair_selection,fair_selection,synthetic,scenario,synthetic_gamma0,neural_rep,11,2000,2000,0.495,56.63840627670288,"{'latent_dim': 8, 'lr': 0.0005, 'weight_decay': 0.01, 'epochs': 400, 'dropout': 0.3}",5,0.14006424111504057,6,39.615010023117065,17.02211618423462,0.5871743303094437,0.12109980183796987,0.44767266844313847,-0.12109980183796976,1.004209171295834,0.8831093694578642,1.019462762523179,0.00849935750725539,1.0279621200304343,0.615317777336914,0.15656380050808238,0.3017971548254245,0.9406832959611215,0.495,0.3442068138429245,0.6372707111713533,0.0,0.0,0.09464946494649465,0.02941239818286929,0.09611552777215057,0.0,,0.5,0.5
fair_selection,fair_selection,synthetic,scenario,synthetic_gamma0,neural_rep,12,2000,2000,0.509,57.323890686035156,"{'latent_dim': 8, 'lr': 0.0005, 'weight_decay': 0.01, 'epochs': 400, 'dropout': 0.3}",5,0.1470132967107582,6,40.414058208465576,16.908390760421753,0.5974373941329028,0.12227888034046153,0.449691507383654,-0.12227888034046144,1.0076912717470716,0.8854123914066101,1.0091292655225772,0.007203091465240341,1.0163323569878175,0.5660415272378079,0.29310686006160225,0.39710772269565076,0.9293635317978893,0.509,0.3257734165160842,0.6853947295131546,0.0,0.0,0.09664931437785843,0.039104357628740476,0.08077544118162547,0.0,,0.5,0.5
fair_selection,fair_selection,synthetic,scenario,synthetic_gamma0,neural_rep,13,2000,2000,0.5,49.090760707855225,"{'latent_dim': 8, 'lr': 0.001, 'weight_decay': 0.01, 'epochs': 200, 'dropout': 0.2}",4,0.14161707191119133,6,40.543872356414795,8.54558801651001,0.5831905627850404,0.050939140832960916,0.45321310623970024,0.05093914083296101,0.9934729095450703,1.0444120503780312,0.9650176218135624,0.006962785832203111,0.9719804076457655,0.7279220416329234,0.35169599306202887,0.300971810555311,0.7850479788562332,0.5,0.3022884216423782,0.6784214934336719,0.0,0.0,0.105,0.03684026729527717,0.11923480287143695,0.05,,0.5,0.5
fair_selection,fair_selection,synthetic,scenario,synthetic_gamma0,neural_rep,14,2000,2000,0.511,48.29320526123047,"{'latent_dim': 8, 'lr': 0.001, 'weight_decay': 0.01, 'epochs': 200, 'dropout': 0.2}",4,0.1512521388146949,6,40.19140911102295,8.100635528564453,0.6114417722244602,0.11140470352356902,0.47478045963238286,0.11140470352356897,0.9864716718243007,1.0978763753478697,0.8446051689568443,0.009025998128722734,0.8536311670855671,0.7843133963823479,0.4093522268524393,0.27413519778162515,0.7984843813421265,0.511,0.32065096746408267,0.6892736866186576,0.0,0.0,0.10565313611788106,0.03942937374351729,0.11064346666361993,0.1,,0.5,0.5
fair_selection,fair_selection,synthetic,scenario,synthetic_gamma0,neural_rep,15,2000,2000,0.506,47.6283221244812,"{'latent_dim': 8, 'lr': 0.001, 'weight_decay': 0.01, 'epochs': 200, 'dropout': 0.2}",4,0.15470432371927,6,39.504441022872925,8.122671127319336,0.5644952961464167,0.060770550606596974,0.43491637472017886,-0.060770550606597154,0.9872567721697856,0.9264862215631886,1.0481036292790726,0.008461978989569463,1.056565608268642,0.6322153374188796,0.23663474796104048,0.278977916768721,0.8608709790850512,0.506,0.3208518736520211,0.7333859599752864,0.0,0.0,0.08508025155622409,0.04093872747994716,0.12699354593735465,0.1,,0.5,0.5
fair_selection,fair_selection,synthetic,scenario,synthetic_gamma0,neural_rep,16,2000,2000,0.505,55.457706928253174,"{'latent_dim': 8, 'lr': 0.0005, 'weight_decay': 0.01, 'epochs': 400, 'dropout': 0.3}",5,0.1624935199994673,6,38.82253885269165,16.63403344154358,0.603758817648935,0.04661584998452106,0.4582896308965782,-0.04661584998452113,1.003893844164219,0.9572779941796978,1.0091960012186583,0.012193664862550246,1.0213896660812085,0.6617543134131896,0.31000505856135874,0.33635375714156407,0.9005237820055171,0.505,0.3352262999157425,0.6840039728915296,0.0,0.0,0.09285928592859286,0.04038468825481288,0.0888227822996207,0.0,,0.5,0.5
fair_selection,fair_selection,synthetic,scenario,synthetic_gamma0,neural_rep,17,2000,2000,0.493,45.742852449417114,"{'latent_dim': 8, 'lr': 0.001, 'weight_decay': 0.01, 'epochs': 200, 'dropout': 0.2}",4,0.14634163137298833,6,38.00906038284302,7.7327189445495605,0.45187877567886825,0.0683669797560511,0.33795069604337324,-0.06836697975605098,0.9793423811024536,0.9109754013464025,0.8932760903335748,0.007758188906789587,0.9010342792403644,0.4417744853744871,0.30229747758246944,0.34637684509298383,0.6405094315768866,0.493,0.3516098306088573,0.6229960827735688,0.0,0.0,0.07084588579361555,0.03161254980472318,0.0680944299097911,0.0,,0.5,0.5
fair_selection,fair_selection,synthetic,scenario,synthetic_gamma0,neural_rep,18,2000,2000,0.518,56.9457426071167,"{'latent_dim': 8, 'lr': 0.0005, 'weight_decay': 0.01, 'epochs': 400, 'dropout': 0.3}",5,0.1633035430909175,6,40.05690336227417,16.887685298919678,0.5862663605089802,0.0982521434095166,0.44167234489859164,-0.09825214340951657,0.9985727292068496,0.900320585797333,1.0711960883188072,0.00827270842590444,1.0794687967447116,0.6088992348607968,0.20504352158575548,0.29964927297473476,0.9339390617728454,0.518,0.30433364425062887,0.6877242160908482,0.0,0.0,0.10219644659478684,0.03902893634136021,0.08684168392760973,0.0,,0.5,0.5
fair_selection,fair_selection,synthetic,scenario,synthetic_gamma0,neural_rep,19,2000,2000,0.4935,57.6838653087616,"{'latent_dim': 8, 'lr': 0.0005, 'weight_decay': 0.01, 'epochs': 400, 'dropout': 0.3}",5,0.15262808008430684,6,40.71989870071411,16.958722829818726,0.5806712308300936,0.07773576924803738,0.4588152242127689,0.07773576924803728,1.0013442425231096,1.079080011771147,0.9253704962281967,0.006125362140122714,0.9314958583683194,0.7494003229779758,0.3708887378725946,0.27207716998835046,0.758637612345877,0.4935,0.33888954490192524,0.6511087888037899,0.0,0.0,0.09395687871250241,0.03365141035218352,0.077437892271242,0.0,,0.5,0.5
fair_selection,fair_selection,synthetic,scenario,synthetic_gamma0,neural_rep,20,2000,2000,0.4755,59.35546922683716,"{'latent_dim': 8, 'lr': 0.0005, 'weight_decay': 0.01, 'epochs': 400, 'dropout': 0.3}",5,0.1508509935393405,6,42.16143202781677,17.192916870117188,0.5908614421636967,0.008140975391586758,0.45146700284732505,-0.008140975391586962,0.9972729066129272,0.9891319312213405,1.024840744165911,0.009400831743926918,1.034241575909838,0.7240944077445635,0.2601554673359352,0.2521023251363978,0.8607669919857214,0.4755,0.3617193235184242,0.5954856007967797,0.0,0.0,0.08989383509807047,0.02568745522208655,0.07967446168670389,0.0,,0.5,0.5
fair_selection,fair_selection,synthetic,scenario,synthetic_gamma0,neural_rep,21,2000,2000,0.4985,56.51304316520691,"{'latent_dim': 8, 'lr': 0.0005, 'weight_decay': 0.01, 'epochs': 400, 'dropout': 0.3}",5,0.16606535640761966,6,39.19605731964111,17.31586480140686,0.5794692397556042,0.015458916470934003,0.44796859834355035,-0.015458916470934,0.9942709486025046,0.9788120321315706,0.977020832949409,0.009224009622298968,0.986244842571708,0.6824360925014621,0.28266791311779826,0.30146072921311934,0.8406186166026842,0.4985,0.3101180886788159,0.6413869166994082,0.0,0.0,0.0938728448556037,0.03703018654521409,0.08597188552461899,0.0,,0.5,0.5
fair_selection,fair_selection,synthetic,scenario,synthetic_gamma0,neural_rep,22,2000,2000,0.491,56.02831697463989,"{'latent_dim': 8, 'lr': 0.0005, 'weight_decay': 0.01, 'epochs': 400, 'dropout': 0.3}",5,0.14988379050606343,6,38.5443012714386,17.48257088661194,0.594919047398244,0.07460594260245168,0.46020181213780675,0.07460594260245157,1.005694401834314,1.0803003444367656,1.0272800204314376,0.009328154523103427,1.036608174954541,0.7854804697773101,0.32139121129302217,0.26872047721993225,0.7894505164059673,0.491,0.3407052463480576,0.6461462133889466,0.0,0.0,0.08840464310436581,0.03382187253859759,0.09163018508675916,0.0,,0.5,0.5
fair_selection,fair_selection,synthetic,scenario,synthetic_gamma0,neural_rep,23,2000,2000,0.503,58.04709506034851,"{'latent_dim': 8, 'lr': 0.0005, 'weight_decay': 0.01, 'epochs': 400, 'dropout': 0.3}",5,0.14334636953715718,6,41.545543909072876,16.500386714935303,0.5555679001022712,0.06838761046322095,0.4293974471938724,-0.06838761046322114,0.9863786558371623,0.9179910453739414,0.9815578367321919,0.007100304293395587,0.9886581410255875,0.615340324968108,0.2313342508619339,0.2868012005995846,0.8486510394014236,0.503,0.35919448554826816,0.6455945253278249,0.0,0.0,0.07509470340932274,0.029279438740008608,0.10956228566621484,0.05,,0.5,0.5
fair_selection,fair_selection,synthetic,scenario,synthetic_gamma0,neural_rep,24,2000,2000,0.5055,55.97360873222351,"{'latent_dim': 8, 'lr': 0.0005, 'weight_decay': 0.01, 'epochs': 400, 'dropout': 0.3}",5,0.15069432227087273,6,40.049339294433594,15.92316484451294,0.6084655299817646,0.013082517948769579,0.46804653473748853,0.013082517948769426,0.9987093506981598,1.0117918686469294,0.9609506356125046,0.007319562152130588,0.9682701977646352,0.6979637447047071,0.3810034262649165,0.34722460440489006,0.8532521778770936,0.5055,0.31659998713896786,0.6747531683223398,0.0,0.0,0.10052716378681821,0.038231863696342495,0.09319709806901535,0.0,,0.5,0.5
fair_selection,fair_selection,synthetic,scenario,synthetic_gamma0,neural_rep,25,2000,2000,0.5045,56.237316608428955,"{'latent_dim': 8, 'lr': 0.0005, 'weight_decay': 0.01, 'epochs': 400, 'dropout': 0.3}",5,0.14311579033154495,6,38.88583016395569,17.35033106803894,0.5799803116476347,0.015026965085963462,0.4492052971387836,0.015026965085963344,0.9991239276584803,1.0141508927444438,0.9596312035473396,0.007640592864414653,0.9672717964117542,0.7264354404894949,0.27889403324918566,0.21304992442899348,0.833443487175457,0.5045,0.38572315913478256,0.6555997844467204,0.0,0.0,0.0939416092703509,0.027939346751877325,0.09930971385924925,0.0,,0.5,0.5
fair_selection,fair_selection,synthetic,scenario,synthetic_gamma0,neural_rep,26,2000,2000,0.499,47.36037349700928,"{'latent_dim': 8, 'lr': 0.001, 'weight_decay': 0.01, 'epochs': 200, 'dropout': 0.2}",4,0.13138738032404534,6,39.01853585243225,8.340211629867554,0.6037367961810316,0.012518757140834724,0.4524781903875671,-0.012518757140834535,1.0171306539049356,1.004611896764101,1.0191712024314858,0.005985454867210471,1.0251566572986963,0.6712311795856574,0.31155579730140476,0.3399716042774092,0.8915119030370395,0.499,0.32524265994102264,0.6468789145013637,0.0,0.0,0.11267845071380285,0.03393608458192473,0.10013965941088122,0.05,,0.5,0.5
fair_selection,fair_selection,synthetic,scenario,synthetic_gamma0,neural_rep,27,2000,2000,0.5105,48.188530683517456,"{'latent_dim': 8, 'lr': 0.001, 'weight_decay': 0.01, 'epochs': 200, 'dropout': 0.2}",4,0.1538386733505184,6,39.64529466629028,8.542080640792847,0.5844395333513456,0.0746689730506197,0.458635632192873,-0.07466897305061973,0.9959384935616975,0.9212695205110778,0.9556602367246236,0.006962984790110149,0.9626232215147338,0.6370843251429354,0.270757568450706,0.33708147204224725,0.8794704404159459,0.5105,0.3014028512401697,0.7073440811211678,0.0,0.0,0.14556519425066455,0.046659874125251334,0.09823726219066715,0.0,,0.5,0.5
fair_selection,fair_selection,synthetic,scenario,synthetic_gamma0,neural_rep,28,2000,2000,0.4965,56.42969012260437,"{'latent_dim': 8, 'lr': 0.0005, 'weight_decay': 0.01, 'epochs': 400, 'dropout': 0.3}",5,0.15621988163929454,6,39.34067106246948,17.087586641311646,0.5799339632760214,0.05596375485181726,0.4439589317201476,0.055963754851817156,0.9766359953808899,1.0325997502327071,0.839839203712656,0.008148458540031656,0.8479876622526876,0.7699364855417205,0.2856160790179357,0.18002115484095055,0.7990664894062008,0.4965,0.33887345705261585,0.6610439165869166,0.0,0.0,0.1016499808490616,0.038730642295192415,0.08198401500561629,0.0,,0.5,0.5
fair_selection,fair_selection,synthetic,scenario,synthetic_gamma0,neural_rep,29,2000,2000,0.5025,57.4668242931366,"{'latent_dim': 8, 'lr': 0.0005, 'weight_decay': 0.01, 'epochs': 400, 'dropout': 0.3}",5,0.16503487840751888,6,40.72604751586914,16.739620685577393,0.5862737976930558,0.0511418253072794,0.4580024766069488,0.051141825307279454,0.9856623929546574,1.0368042182619368,0.8805240353483009,0.007637725037403897,0.8881617603857048,0.723954211084917,0.36951392869755534,0.29046427408698205,0.7936297157212475,0.5025,0.3056640327139708,0.6586157217502635,0.0,0.0,0.10604765119127978,0.03323339031748489,0.10731938915657915,0.05,,0.5,0.5
fair_selection,fair_selection,synthetic,scenario,synthetic_gamma2,s_learner,0,2000,2000,0.499,12.07466721534729,"{'base_learner': 'gbm', 'n_estimators': 400, 'max_depth': 3, 'learning_rate': 0.05}",5,0.167205587540303,6,7.833600759506226,4.214993476867676,0.609418062847842,0.440176243957617,0.47357934380012817,-0.440176243957617,0.988634815670337,0.5484585717127199,0.9641801072945321,0.010461142481609786,0.9746412497761419,0.2288395850724156,0.433971952080984,0.48290165305543814,1.0058172219086803,0.499,0.0014952215818768806,0.9980337913665922,0.123,0.1295,0.5718662874651499,0.14203982902704776,0.9104280030679212,0.25,,0.0009712938983009934,0.9984302399064274
fair_selection,fair_selection,synthetic,scenario,synthetic_gamma2,s_learner,1,2000,2000,0.5105,11.96729302406311,"{'base_learner': 'gbm', 'n_estimators': 400, 'max_depth': 3, 'learning_rate': 0.05}",5,0.18841958802948086,6,7.704104423522949,4.237172603607178,0.7272160509644164,0.5382819805431406,0.566066739296389,-0.5382819805431407,0.9947717733296532,0.4564897927865126,1.0574681090605804,0.0064311417212759014,1.0638992507818563,0.2472983095871829,0.4363983031992928,0.5671167280628567,1.2418338950570253,0.5105,0.0022316345866352748,0.9980915377038185,0.1315,0.1455,0.5844887595429584,0.1416817875291552,0.8533954996058057,0.2,,0.002558346252843783,0.998262172628757
fair_selection,fair_selection,synthetic,scenario,synthetic_gamma2,s_learner,2,2000,2000,0.49,12.128029584884644,"{'base_learner': 'gbm', 'n_estimators': 400, 'max_depth': 3, 'learning_rate': 0.05}",5,0.16129028286610564,6,7.831894636154175,4.268383026123047,0.6529677167797728,0.475780093365063,0.5102519825997804,-0.47578009336506305,0.9804604494287746,0.5046803560637116,0.9318842604811564,0.005762194017722155,0.9376464544988785,0.2152003752748321,0.36913601009023383,0.5145091844814478,1.1216840287027485,0.49,0.0011167402698979232,0.9990828150015654,0.15,0.131,0.5794717887154862,0.14417186400550386,0.9382870770090245,0.2,,0.001601387517899445,0.9987611211091061
fair_selection,fair_selection,synthetic,scenario,synthetic_gamma2,s_learner,3,2000,2000,0.506,12.32750415802002,"{'base_learner': 'gbm', 'n_estimators': 400, 'max_depth': 3, 'learning_rate': 0.05}",5,0.17422966357326405,6,7.927933931350708,4.372520208358765,0.6621330695406309,0.5012083083928925,0.5249172101493729,-0.5012083083928927,1.0087926713972664,0.5075843630043738,0.8890172986444884,0.013501117382827332,0.9025184160273158,0.291097024859838,0.49321579059688087,0.542819235836788,1.063498373457337,0.506,0.0009766886530038783,0.9979228753006492,0.1245,0.139,0.5584684194524011,0.15133440075318144,0.955832963368582,0.15,,0.0008457942954147111,0.9982092317664979
fair_selection,fair_selection,synthetic,scenario,synthetic_gamma2,s_learner,4,2000,2000,0.487,11.864176034927368,"{'base_learner': 'gbm', 'n_estimators': 400, 'max_depth': 3, 'learning_rate': 0.05}",5,0.15970726617817388,6,7.738431453704834,4.099327564239502,0.7138649940998996,0.5573882910641039,0.5846401198121695,-0.5573882910641039,0.9903193784566898,0.43293108739258584,0.9167918265443232,0.0055437571402259245,0.9223355836845492,0.24457099070227328,0.4770946601593336,0.5936163625985981,1.1826234603687542,0.487,0.00033349188001739126,0.999146794657592,0.132,0.119,0.5701914494198078,0.13479144239865753,0.823212319418831,0.2,,0.0003055798826452782,0.9994449347111151
fair_selection,fair_selection,synthetic,scenario,synthetic_gamma2,s_learner,5,2000,2000,0.5,12.121314287185669,"{'base_learner': 'gbm', 'n_estimators': 400, 'max_depth': 3, 'learning_rate': 0.05}",5,0.2000921639348696,6,7.932365417480469,4.162620782852173,0.6799027687078861,0.4680634385518745,0.5247866391610964,-0.4680634385518745,0.9664879542782492,0.4984245157263747,0.969040615821091,0.011227794376439504,0.9802684101975305,0.2587524568891218,0.3993734155321118,0.5131117749370402,1.1659054194177227,0.5,0.00030246111815194533,0.9971994069887791,0.158,0.148,0.576,0.1525090051220931,0.9050378891570118,0.2,,0.0008246908788651081,0.9947037055828588
fair_selection,fair_selection,synthetic,scenario,synthetic_gamma2,s_learner,6,2000,2000,0.5035,9.98364520072937,"{'base_learner': 'gbm', 'n_estimators': 200, 'max_depth': 3, 'learning_rate': 0.1}",4,0.1802641766083557,6,7.918583869934082,2.0514636039733887,0.6922793875875157,0.5355040008065972,0.5665118422244132,-0.5355040008065974,1.003619649399195,0.46811564859259763,1.0259583137863715,0.009975164244338641,1.0359334780307101,0.23935647792428044,0.47121465041544486,0.6539347800013852,1.1000170612896223,0.5035,0.0013698851953383652,0.9975804683579379,0.1285,0.13,0.5626505698779241,0.14185099304674093,0.8686346125624044,0.2,,0.0007301877544001296,0.9979005869446912
fair_selection,fair_selection,synthetic,scenario,synthetic_gamma2,s_learner,7,2000,2000,0.51,9.996830701828003,"{'base_learner': 'gbm', 'n_estimators': 200, 'max_depth': 3, 'learning_rate': 0.1}",4,0.17997150563958525,6,7.890441656112671,2.0911614894866943,0.6794298018324815,0.5167755757870084,0.5463192564648084,-0.5167755757870084,0.9985860310672204,0.48181045528021205,0.9900634916499957,0.0121873728823223,1.002250864532318,0.2726505842191088,0.43764274581438445,0.5485416388798228,1.1312523939636825,0.51,0.0009521209888639005,0.9985205767614624,0.1235,0.142,0.5769107643057223,0.15091819515050664,0.8305194614335946,0.3,,0.0009356981514776609,0.9987380492783596
fair_selection,fair_selection,synthetic,scenario,synthetic_gamma2,s_learner,8,2000,2000,0.499,11.97868013381958,"{'base_learner': 'gbm', 'n_estimators': 400, 'max_depth': 3, 'learning_rate': 0.05}",5,0.17244644088345873,6,7.767634391784668,4.184283494949341,0.7192049089092138,0.507819178216325,0.5637465526738021,-0.507819178216325,1.0063284488837538,0.4985092706674287,1.0323402360541523,0.009620260911455736,1.041960496965608,0.2620197647426312,0.37613435467491596,0.5944724186834571,1.2269857120352232,0.499,0.0007158861344222356,0.9990813436053925,0.1365,0.137,0.5739902959611839,0.14212709122550993,0.8292557015388704,0.2,,0.0008771925079212338,0.998730798774679
fair_selection,fair_selection,synthetic,scenario,synthetic_gamma2,s_learner,9,2000,2000,0.498,12.185783863067627,"{'base_learner': 'gbm', 'n_estimators': 400, 'max_depth': 3, 'learning_rate': 0.05}",5,0.16049168443345752,6,8.012377738952637,4.148061275482178,0.7616362656455365,0.5929631535445936,0.6150075427636473,-0.5929631535445937,1.000148146210073,0.4071849926654793,0.9012558340000864,0.006014866005023545,0.9072707000051099,0.27940680384768424,0.4989379816030811,0.631719264655803,1.2626490817824683,0.498,0.0014049232021864863,0.9990312990800561,0.1425,0.13,0.5662410598569577,0.1563961160362114,0.8361638333270652,0.3,,0.0013765540347884901,0.9987205651507035
fair_selection,fair_selection,synthetic,scenario,synthetic_gamma2,s_learner,10,2000,2000,0.4855,12.403601884841919,"{'base_learner': 'gbm', 'n_estimators': 400, 'max_depth': 3, 'learning_rate': 0.05}",5,0.18202161997395228,6,8.169937133789062,4.203164100646973,0.7433201216896511,0.5920345479091245,0.6176734678709455,-0.5920345479091244,1.0102761104198241,0.4182415625106996,1.0134613638270364,0.007871558699606984,1.0213329225266434,0.27054565598507363,0.5202523610873963,0.6537486324306071,1.199522599887379,0.4855,0.0008024197002596711,0.9992436981064589,0.162,0.1325,0.6006201215222001,0.15922898129075802,0.8896558270166215,0.2,,0.0012649957049650756,0.9992791735328809
fair_selection,fair_selection,synthetic,scenario,synthetic_gamma2,s_learner,11,2000,2000,0.4885,10.751381635665894,"{'base_learner': 'gbm', 'n_estimators': 200, 'max_depth': 3, 'learning_rate': 0.1}",4,0.1711440869849984,6,8.450538396835327,2.2864983081817627,0.6606359690001405,0.4710822401538479,0.5110151160489669,-0.4710822401538478,1.004209171295834,0.5331269311419862,1.0203016582508238,0.00766046177961055,1.0279621200304343,0.2514581705052053,0.48249059752528295,0.5452192708690918,1.0735302010683563,0.4885,0.0007074683552017738,0.9989042507603635,0.1475,0.1395,0.5674381747944662,0.14756530834315662,0.9487114443142758,0.2,,0.0005710441636189669,0.9987610667944959
fair_selection,fair_selection,synthetic,scenario,synthetic_gamma2,s_learner,12,2000,2000,0.501,12.115219354629517,"{'base_learner': 'gbm', 'n_estimators': 400, 'max_depth': 3, 'learning_rate': 0.05}",5,0.18718032211032196,6,7.837403297424316,4.251994371414185,0.7061215340777264,0.5491406479241763,0.5746147793071962,-0.5491406479241762,1.0076912717470716,0.4585506238228954,1.0093979962690098,0.006934360718807708,1.0163323569878175,0.2725065086529193,0.48144355857109683,0.5929809728820159,1.1561817988557077,0.501,0.0015991079431118673,0.9997330421898478,0.1565,0.1565,0.5991083964335857,0.14638550897227642,0.9978682215947104,0.25,,0.0018001147354299544,0.9995423735135499
fair_selection,fair_selection,synthetic,scenario,synthetic_gamma2,s_learner,13,2000,2000,0.507,12.366201162338257,"{'base_learner': 'gbm', 'n_estimators': 400, 'max_depth': 3, 'learning_rate': 0.05}",5,0.1599187921305982,6,8.067645072937012,4.272724628448486,0.6732008669835045,0.5127712187396659,0.5398555061124327,-0.5127712187396658,0.9934729095450703,0.48070169080540437,0.9642450245279094,0.007735383117856154,0.9719804076457655,0.25998408775251614,0.4660760340824237,0.5394631599569423,1.1121863750505712,0.507,0.0015204140700325627,0.999388675350094,0.119,0.124,0.5272633436153487,0.1465383948900013,0.9198538875643095,0.2,,0.0008615741224519784,0.9995588594093645
fair_selection,fair_selection,synthetic,scenario,synthetic_gamma2,s_learner,14,2000,2000,0.5055,9.999820232391357,"{'base_learner': 'gbm', 'n_estimators': 200, 'max_depth': 3, 'learning_rate': 0.1}",4,0.17731547529216918,6,7.928610563278198,2.05686354637146,0.662313379744667,0.444837846645474,0.47927748204622567,-0.4448378466454741,0.9864716718243007,0.5416338251788267,0.843920287269109,0.009710879816458129,0.8536311670855671,0.26433717122464995,0.42265745174539776,0.44119392137207314,1.1451945311136376,0.5055,0.0003895748271293115,0.9994940619256016,0.167,0.1655,0.6197129852712178,0.1618199520998695,0.9449235795653114,0.3,,0.000621632285239003,0.9987983823594512
fair_selection,fair_selection,synthetic,scenario,synthetic_gamma2,s_learner,15,2000,2000,0.515,10.12764286994934,"{'base_learner': 'gbm', 'n_estimators': 200, 'max_depth': 3, 'learning_rate': 0.1}",4,0.18512734065721362,6,8.030017614364624,2.084444284439087,0.6568320089851629,0.5070986939006399,0.5415243047073414,-0.5070986939006399,0.9872567721697856,0.4801580782691457,1.0471346236586017,0.009430984610040438,1.056565608268642,0.24442274607471293,0.47937343094244417,0.5774491482463766,1.050106788953981,0.515,0.0008786524265427293,0.9989386833740715,0.1365,0.1465,0.5998598738864979,0.14975514960218128,0.9479831575577664,0.25,,0.0008244065773004925,0.9982145025423583
fair_selection,fair_selection,synthetic,scenario,synthetic_gamma2,s_learner,16,2000,2000,0.501,11.842549800872803,"{'base_learner': 'gbm', 'n_estimators': 400, 'max_depth': 3, 'learning_rate': 0.05}",5,0.18584735930322022,6,7.640334844589233,4.1761205196380615,0.7771299492836148,0.5738612977602608,0.6091234624993431,-0.5738612977602611,1.003893844164219,0.430032546403958,1.0060582065912977,0.01533145948991077,1.0213896660812085,0.2845948115195359,0.4656756486023618,0.600911095905032,1.325436407628581,0.501,0.0008311226620164129,0.9992517600968874,0.1495,0.151,0.5959783839135356,0.14522072958813034,0.991100181056686,0.2,,0.0010773435205877803,0.9985175188738321
fair_selection,fair_selection,synthetic,scenario,synthetic_gamma2,s_learner,17,2000,2000,0.4865,11.960700273513794,"{'base_learner': 'gbm', 'n_estimators': 400, 'max_depth': 3, 'learning_rate': 0.05}",5,0.16675938032853815,6,7.806200265884399,4.127569675445557,0.612353292901888,0.43697153221973895,0.4706007322691582,-0.43697153221973895,0.9793423811024536,0.5423708488827147,0.8930560488179476,0.007978230422416743,0.9010342792403644,0.24661885738722403,0.4273206659977589,0.49739474006153866,1.0045301794682466,0.4865,0.0010847352058093555,0.998420661932304,0.1285,0.1065,0.5390669798282949,0.13756437144845146,0.8758456726437328,0.2,,0.0005879407301897885,0.9989808582117692
fair_selection,fair_selection,synthetic,scenario,synthetic_gamma2,s_learner,18,2000,2000,0.5095,11.597261428833008,"{'base_learner': 'gbm', 'n_estimators': 400, 'max_depth': 3, 'learning_rate': 0.05}",5,0.22171324960333436,6,7.582584619522095,3.989292860031128,0.6405394745469821,0.4319232777861348,0.4627991439719768,-0.4319232777861348,0.9985727292068496,0.5666494514207148,1.0714327972741917,0.008035999470519917,1.0794687967447116,0.2135359142424944,0.3485832625009798,0.42789022141020755,1.1362065633792187,0.5095,0.0024528594675820373,0.9972583186741077,0.122,0.1345,0.5752906799354567,0.14189029337926745,0.9104319952678793,0.25,,0.0022629412106222146,0.9979715796953583
fair_selection,fair_selection,synthetic,scenario,synthetic_gamma2,s_learner,19,2000,2000,0.499,12.12130880355835,"{'base_learner': 'gbm', 'n_estimators': 400, 'max_depth': 3, 'learning_rate': 0.05}",5,0.1761683399510269,6,7.887469530105591,4.207540273666382,0.7204751111073009,0.5224397634789322,0.546313782359282,-0.5224397634789323,1.0013442425231096,0.4789044790441775,0.8954048696888919,0.036090988679427505,0.9314958583683194,0.23104548079617557,0.41787344812380667,0.5559131408770546,1.2406844441103073,0.499,0.000701954806544061,0.9985087798326773,0.1395,0.137,0.5731162924651698,0.1442474119326433,0.9357627553595851,0.2,,0.0007097911161647633,0.998642886173942
fair_selection,fair_selection,synthetic,scenario,synthetic_gamma2,s_learner,20,2000,2000,0.4815,11.939105033874512,"{'base_learner': 'gbm', 'n_estimators': 400, 'max_depth': 3, 'learning_rate': 0.05}",5,0.1760611366936047,6,7.767059326171875,4.1467063426971436,0.7043060156008791,0.5384317186121754,0.5711871852796865,-0.5384317186121754,0.9972729066129272,0.45884118800075185,1.0234104933360118,0.010831082573826256,1.034241575909838,0.25981131761897663,0.5339089744969205,0.6327363332127118,1.1096269072384706,0.4815,0.0033140082587627168,0.9979734056065377,0.1575,0.12,0.5651096350904388,0.14692775155282967,0.8858466459929019,0.2,,0.004179714659410753,0.997857454562558
fair_selection,fair_selection,synthetic,scenario,synthetic_gamma2,s_learner,21,2000,2000,0.4845,11.949908971786499,"{'base_learner': 'gbm', 'n_estimators': 400, 'max_depth': 3, 'learning_rate': 0.05}",5,0.18571713180951083,6,7.898731231689453,4.026515245437622,0.6331729301942295,0.46384360234189226,0.4990396905620057,-0.46384360234189237,0.9942709486025046,0.5304273462606124,0.9790695753600183,0.0071752672116897065,0.986244842571708,0.2502999619362069,0.488415699439008,0.5237374082732007,1.013967947666244,0.4845,0.0010093459607899001,0.9992581900854626,0.142,0.1245,0.556161471173798,0.14462782057397996,0.8917919200013616,0.2,,0.0011525563841933604,0.9993934455375767
fair_selection,fair_selection,synthetic,scenario,synthetic_gamma2,s_learner,22,2000,2000,0.492,9.850899457931519,"{'base_learner': 'gbm', 'n_estimators': 200, 'max_depth': 3, 'learning_rate': 0.1}",4,0.17008451344948475,6,7.731240749359131,2.105628252029419,0.6838980101710149,0.5051993223818092,0.5305411623119246,-0.5051993223818093,1.005694401834314,0.5004950794525047,1.0301140642944289,0.0064941106601121845,1.036608174954541,0.2414270872754528,0.4706592594982021,0.5519751731269827,1.1341878964674361,0.492,0.0013655603132671564,0.9987240725925774,0.1425,0.1415,0.5863501056270405,0.1486544683814118,0.8568162626429832,0.2,,0.0014813462542864048,0.9980725357722156
fair_selection,fair_selection,synthetic,scenario,synthetic_gamma2,s_learner,23,2000,2000,0.503,9.853768348693848,"{'base_learner': 'gbm', 'n_estimators': 200, 'max_depth': 3, 'learning_rate': 0.1}",4,0.18588972250998734,6,7.768083095550537,2.072477340698242,0.6625664372925767,0.48349560814373727,0.5211588041700297,-0.4834956081437373,0.9863786558371623,0.5028830476934251,0.9832064746284171,0.005451666397170318,0.9886581410255875,0.2152071686007081,0.3423151113696741,0.5593794927704242,1.1311843163185427,0.503,0.0008931762168532029,0.9994679716490871,0.1365,0.145,0.5675164305915013,0.1491919895506692,0.8596220204497306,0.2,,0.0006814886833321384,0.9992413804119398
fair_selection,fair_selection,synthetic,scenario,synthetic_gamma2,s_learner,24,2000,2000,0.4945,11.998051881790161,"{'base_learner': 'gbm', 'n_estimators': 400, 'max_depth': 3, 'learning_rate': 0.05}",5,0.19135194799915442,6,7.713014841079712,4.2588934898376465,0.6729770598611035,0.46668199095548013,0.521529688453804,-0.46668199095548,0.9987093506981598,0.5320273597426797,0.9582799629126212,0.009990234852014002,0.9682701977646352,0.254652602884011,0.44866373712845603,0.5247949362609576,1.1269585928961028,0.4945,0.0009980899810774226,0.9995326336514287,0.147,0.1405,0.575970692453787,0.1608143156775625,0.879773304029847,0.25,,0.0009952736926221253,0.9995067775287626
fair_selection,fair_selection,synthetic,scenario,synthetic_gamma2,s_learner,25,2000,2000,0.5045,11.994482040405273,"{'base_learner': 'gbm', 'n_estimators': 400, 'max_depth': 3, 'learning_rate': 0.05}",5,0.17917614977397173,6,7.844146013259888,4.1250526905059814,0.6534855255693375,0.43923726546924746,0.4904594613629649,-0.4392372654692475,0.9991239276584803,0.5598866621892329,0.9596312035473396,0.007640592864414653,0.9672717964117542,0.2262576734899898,0.37831290321450767,0.5258927053819734,1.1123385291307988,0.5045,0.0015378761531354434,0.9992303589703331,0.1285,0.138,0.559027281209778,0.1582579420158991,0.9344529385138154,0.3,,0.0016413945090097437,0.999375638501282
fair_selection,fair_selection,synthetic,scenario,synthetic_gamma2,s_learner,26,2000,2000,0.5085,9.88340973854065,"{'base_learner': 'gbm', 'n_estimators': 200, 'max_depth': 3, 'learning_rate': 0.1}",4,0.14318509605495577,6,7.8102498054504395,2.0588672161102295,0.7657763189615565,0.5720309827645698,0.6155293796657388,-0.5720309827645697,1.0171306539049356,0.4450996711403658,1.0191712024314858,0.005985454867210471,1.0251566572986963,0.23338062093012743,0.4784478499406856,0.6590932956228875,1.2758803435493513,0.5085,0.000918948162174525,0.99896163370539,0.154,0.1685,0.6048688070852476,0.15698877534363093,0.9661013646934622,0.2,,0.001227817326691014,0.9980937199441322
fair_selection,fair_selection,synthetic,scenario,synthetic_gamma2,s_learner,27,2000,2000,0.4995,11.890524625778198,"{'base_learner': 'gbm', 'n_estimators': 400, 'max_depth': 3, 'learning_rate': 0.05}",5,0.1806434738377788,6,7.781509876251221,4.083474159240723,0.7617021378767089,0.5844693478276941,0.619886727320487,-0.584469347827694,0.9959384935616975,0.4114691457340034,0.956040008665283,0.006583212849450737,0.9626232215147338,0.251680809540467,0.47774161999805853,0.6552649785707348,1.2648352105603224,0.4995,0.0002186905000375898,0.9987017129081636,0.1445,0.147,0.5810545810545811,0.14494508596032563,0.9433736014587417,0.2,,0.0003075982095984974,0.998637052354386
fair_selection,fair_selection,synthetic,scenario,synthetic_gamma2,s_learner,28,2000,2000,0.52,11.724898099899292,"{'base_learner': 'gbm', 'n_estimators': 400, 'max_depth': 3, 'learning_rate': 0.05}",5,0.17592217448158473,6,7.6227686405181885,4.0764992237091064,0.6666077890972331,0.46957923247082756,0.5132191996612112,-0.46957923247082745,0.9766359953808899,0.5070567629100623,0.8423970260995887,0.00559063615309896,0.8479876622526876,0.21998090423776678,0.413546108239917,0.5574667373074021,1.1168180840524555,0.52,0.0022072801766917435,0.9992725490327808,0.128,0.158,0.5885416666666666,0.15139589248156424,0.8588359825422991,0.2,,0.0027446212587001278,0.998975654716854
fair_selection,fair_selection,synthetic,scenario,synthetic_gamma2,s_learner,29,2000,2000,0.4895,12.017053365707397,"{'base_learner': 'gbm', 'n_estimators': 400, 'max_depth': 3, 'learning_rate': 0.05}",5,0.1873469225686829,6,7.715787649154663,4.276140451431274,0.6994484111653422,0.504619753612913,0.5350480342809669,-0.504619753612913,0.9856623929546574,0.4810426393417444,0.8801463483409646,0.008015412044740211,0.8881617603857048,0.18461471178015582,0.3626599984871548,0.5555894349874149,1.21763205975733,0.4895,0.0004725718615824881,0.9986822753388868,0.1525,0.1305,0.580108827993145,0.14231717390558257,0.9128818798365818,0.15,,0.0007786946020534828,0.9989221148820953
fair_selection,fair_selection,synthetic,scenario,synthetic_gamma2,t_learner,0,2000,2000,0.499,11.853374719619751,"{'base_learner': 'gbm', 'n_estimators': 400, 'max_depth': 3, 'learning_rate': 0.05}",5,0.18007044804684535,6,7.8015336990356445,4.025320529937744,0.9265007906381018,0.25898291185209055,0.7343537142667246,-0.25898291185209066,0.988634815670337,0.7296519038182464,0.8238990775141439,0.15074217226199793,0.9746412497761419,0.9429866828955116,0.9046382736767362,0.8200238886727041,1.026441129290473,0.499,0.0014952215818768806,0.9980337913665922,0.123,0.1295,0.5718662874651499,0.14203982902704776,0.9104280030679212,0.25,,0.0009712938983009934,0.9984302399064274
fair_selection,fair_selection,synthetic,scenario,synthetic_gamma2,t_learner,1,2000,2000,0.5105,11.917356729507446,"{'base_learner': 'gbm', 'n_estimators': 400, 'max_depth': 3, 'learning_rate': 0.05}",5,0.20658160987075777,6,7.8594748973846436,4.03234601020813,0.9246077411682012,0.3121915594032181,0.7286224697892782,-0.312191559403218,0.9947717733296532,0.6825802139264351,0.9137060867533819,0.15019316402847438,1.0638992507818563,0.9724047459092686,0.8374142583236894,0.8432380353611125,1.030395014507689,0.5105,0.0022316345866352748,0.9980915377038185,0.1315,0.1455,0.5844887595429584,0.1416817875291552,0.8533954996058057,0.2,,0.002558346252843783,0.998262172628757
fair_selection,fair_selection,synthetic,scenario,synthetic_gamma2,t_learner,2,2000,2000,0.49,11.750511646270752,"{'base_learner': 'gbm', 'n_estimators': 400, 'max_depth': 3, 'learning_rate': 0.05}",5,0.17713625093144636,6,7.703139543533325,4.022493362426758,0.8896687471365089,0.1944366208960675,0.7038610349573268,-0.19443662089606753,0.9804604494287746,0.7860238285327071,0.8185966050947775,0.11904984940410102,0.9376464544988785,0.9045651248161994,0.8034984148431237,0.8157566188475032,1.0182019886265754,0.49,0.0011167402698979232,0.9990828150015654,0.15,0.131,0.5794717887154862,0.14417186400550386,0.9382870770090245,0.2,,0.001601387517899445,0.9987611211091061
fair_selection,fair_selection,synthetic,scenario,synthetic_gamma2,t_learner,3,2000,2000,0.506,11.616879224777222,"{'base_learner': 'gbm', 'n_estimators': 400, 'max_depth': 3, 'learning_rate': 0.05}",5,0.19299508231554086,6,7.519951820373535,4.069519996643066,0.8936506590058398,0.3065620662213757,0.707110698157863,-0.3065620662213757,1.0087926713972664,0.7022306051758906,0.7622703452308058,0.14024807079650992,0.9025184160273158,0.8898733196483513,0.8680208053475091,0.8281037141365184,0.9815067989889197,0.506,0.0009766886530038783,0.9979228753006492,0.1245,0.139,0.5584684194524011,0.15133440075318144,0.955832963368582,0.15,,0.0008457942954147111,0.9982092317664979
fair_selection,fair_selection,synthetic,scenario,synthetic_gamma2,t_learner,4,2000,2000,0.487,11.820971727371216,"{'base_learner': 'gbm', 'n_estimators': 400, 'max_depth': 3, 'learning_rate': 0.05}",5,0.1768782454319925,6,7.696546316146851,4.0998101234436035,1.005233291543561,0.31766414762424255,0.8010905484152843,-0.31766414762424255,0.9903193784566898,0.6726552308324473,0.7435358015374388,0.17879978214711034,0.9223355836845492,1.0213389467623621,0.9734707856264759,0.9140502492464425,1.10259213171537,0.487,0.00033349188001739126,0.999146794657592,0.132,0.119,0.5701914494198078,0.13479144239865753,0.823212319418831,0.2,,0.0003055798826452782,0.9994449347111151
fair_selection,fair_selection,synthetic,scenario,synthetic_gamma2,t_learner,5,2000,2000,0.5,12.0526123046875,"{'base_learner': 'gbm', 'n_estimators': 400, 'max_depth': 3, 'learning_rate': 0.05}",5,0.2097389948657757,6,8.030099391937256,3.9969117641448975,0.8565505829474991,0.18176012713212397,0.6718275302478102,-0.18176012713212394,0.9664879542782492,0.7847278271461252,0.8562557534036624,0.12401265679386808,0.9802684101975305,0.7908910490135552,0.8186629379551867,0.7928687111222044,1.0051652372237296,0.5,0.00030246111815194533,0.9971994069887791,0.158,0.148,0.576,0.1525090051220931,0.9050378891570118,0.2,,0.0008246908788651081,0.9947037055828588
fair_selection,fair_selection,synthetic,scenario,synthetic_gamma2,t_learner,6,2000,2000,0.5035,11.731881141662598,"{'base_learner': 'gbm', 'n_estimators': 400, 'max_depth': 3, 'learning_rate': 0.05}",5,0.17887979897161024,6,7.642571210861206,4.064258337020874,0.8910788606921003,0.2764692413316038,0.6947887853568274,-0.27646924133160383,1.003619649399195,0.7271504080675911,0.9077373503311877,0.12819612769952238,1.0359334780307101,0.9347974313332632,0.9139476312742894,0.7962273235331759,0.9126673450986234,0.5035,0.0013698851953383652,0.9975804683579379,0.1285,0.13,0.5626505698779241,0.14185099304674093,0.8686346125624044,0.2,,0.0007301877544001296,0.9979005869446912
fair_selection,fair_selection,synthetic,scenario,synthetic_gamma2,t_learner,7,2000,2000,0.51,9.728046894073486,"{'base_learner': 'gbm', 'n_estimators': 200, 'max_depth': 3, 'learning_rate': 0.1}",4,0.19442867214211929,6,7.719988584518433,1.9946179389953613,0.9542745233159358,0.3584102123090285,0.7447738832123248,-0.3584102123090285,0.9985860310672204,0.640175818758192,0.8447406430915448,0.1575102214407732,1.002250864532318,0.9598998776696416,0.8714394863822922,0.891534458214586,1.0802366498314269,0.51,0.0009521209888639005,0.9985205767614624,0.1235,0.142,0.5769107643057223,0.15091819515050664,0.8305194614335946,0.3,,0.0009356981514776609,0.9987380492783596
fair_selection,fair_selection,synthetic,scenario,synthetic_gamma2,t_learner,8,2000,2000,0.499,11.923861026763916,"{'base_learner': 'gbm', 'n_estimators': 400, 'max_depth': 3, 'learning_rate': 0.05}",5,0.19478817958235045,6,7.8291847705841064,4.069888353347778,0.9476270541580007,0.2239779796670347,0.7479957568848251,-0.22397797966703462,1.0063284488837538,0.7823504692167191,0.8837875699165841,0.15817292704902386,1.041960496965608,0.8744312975210601,0.8788999544902367,0.8949508315487085,1.119801732500737,0.499,0.0007158861344222356,0.9990813436053925,0.1365,0.137,0.5739902959611839,0.14212709122550993,0.8292557015388704,0.2,,0.0008771925079212338,0.998730798774679
fair_selection,fair_selection,synthetic,scenario,synthetic_gamma2,t_learner,9,2000,2000,0.498,9.67167067527771,"{'base_learner': 'gbm', 'n_estimators': 200, 'max_depth': 3, 'learning_rate': 0.1}",4,0.1853590481211118,6,7.672060489654541,1.9860901832580566,0.9602477468101176,0.3869040594559633,0.7656501471127616,-0.3869040594559633,1.000148146210073,0.6132440867541097,0.7369703276770041,0.1703003723281058,0.9072707000051099,1.010234031121072,0.901527454568826,0.8951620871635292,1.0264809933672354,0.498,0.0014049232021864863,0.9990312990800561,0.1425,0.13,0.5662410598569577,0.1563961160362114,0.8361638333270652,0.3,,0.0013765540347884901,0.9987205651507035
fair_selection,fair_selection,synthetic,scenario,synthetic_gamma2,t_learner,10,2000,2000,0.4855,9.59563136100769,"{'base_learner': 'gbm', 'n_estimators': 200, 'max_depth': 3, 'learning_rate': 0.1}",4,0.20505273450284422,6,7.5676188468933105,2.0127906799316406,0.9344160110314892,0.2997849346452456,0.7404375604527399,-0.29978493464524547,1.0102761104198241,0.7104911757745785,0.8694167235838838,0.15191619894275965,1.0213329225266434,0.8882779539702789,0.880129309992153,0.8864091578527802,1.0691803429477353,0.4855,0.0008024197002596711,0.9992436981064589,0.162,0.1325,0.6006201215222001,0.15922898129075802,0.8896558270166215,0.2,,0.0012649957049650756,0.9992791735328809
fair_selection,fair_selection,synthetic,scenario,synthetic_gamma2,t_learner,11,2000,2000,0.4885,11.933767557144165,"{'base_learner': 'gbm', 'n_estimators': 400, 'max_depth': 3, 'learning_rate': 0.05}",5,0.1835935527400054,6,7.860065221786499,4.04833722114563,0.9395038038658063,0.20432104034086895,0.7397450308393325,-0.20432104034086881,1.004209171295834,0.7998881309549651,0.8893609884113203,0.13860113161911403,1.0279621200304343,0.9142698634468606,0.8766891151768588,0.945595429884107,1.0158964932604329,0.4885,0.0007074683552017738,0.9989042507603635,0.1475,0.1395,0.5674381747944662,0.14756530834315662,0.9487114443142758,0.2,,0.0005710441636189669,0.9987610667944959
fair_selection,fair_selection,synthetic,scenario,synthetic_gamma2,t_learner,12,2000,2000,0.501,10.21949052810669,"{'base_learner': 'gbm', 'n_estimators': 200, 'max_depth': 3, 'learning_rate': 0.1}",4,0.20567394821192825,6,8.044736623764038,2.1604373455047607,0.8981131831743824,0.19697416885751295,0.706637081626709,-0.196974168857513,1.0076912717470716,0.8107171028895587,0.892114451992778,0.1242179049950396,1.0163323569878175,0.9560907846663151,0.8423927255325543,0.7911318102894448,0.9883342174389272,0.501,0.0015991079431118673,0.9997330421898478,0.1565,0.1565,0.5991083964335857,0.14638550897227642,0.9978682215947104,0.25,,0.0018001147354299544,0.9995423735135499
fair_selection,fair_selection,synthetic,scenario,synthetic_gamma2,t_learner,13,2000,2000,0.507,12.022321939468384,"{'base_learner': 'gbm', 'n_estimators': 400, 'max_depth': 3, 'learning_rate': 0.05}",5,0.1667913347437709,6,7.92912745475769,4.065113306045532,0.851372289466174,0.15881194929209508,0.6682636655066931,-0.15881194929209502,0.9934729095450703,0.8346609602529752,0.8585761061102215,0.11340430153554404,0.9719804076457655,0.8556645853501257,0.7288191478603231,0.7555946209543164,1.0320255020871105,0.507,0.0015204140700325627,0.999388675350094,0.119,0.124,0.5272633436153487,0.1465383948900013,0.9198538875643095,0.2,,0.0008615741224519784,0.9995588594093645
fair_selection,fair_selection,synthetic,scenario,synthetic_gamma2,t_learner,14,2000,2000,0.5055,9.811830520629883,"{'base_learner': 'gbm', 'n_estimators': 200, 'max_depth': 3, 'learning_rate': 0.1}",4,0.20114562248258616,6,7.673460006713867,2.124000072479248,0.9468674139235006,0.13725855909001994,0.7417736211621039,-0.13725855909002002,0.9864716718243007,0.8492131127342808,0.7358809909538199,0.11775017613174721,0.8536311670855671,0.9909658696940776,0.8539212125261941,0.8935607416799748,1.0375866262767166,0.5055,0.0003895748271293115,0.9994940619256016,0.167,0.1655,0.6197129852712178,0.1618199520998695,0.9449235795653114,0.3,,0.000621632285239003,0.9987983823594512
fair_selection,fair_selection,synthetic,scenario,synthetic_gamma2,t_learner,15,2000,2000,0.515,12.07189393043518,"{'base_learner': 'gbm', 'n_estimators': 400, 'max_depth': 3, 'learning_rate': 0.05}",5,0.2075124526901388,6,7.97029709815979,4.076356887817383,0.9341806584057126,0.25923953859576343,0.7381367666175694,-0.25923953859576354,0.9872567721697856,0.7280172335740221,0.9005029871634538,0.15606262110518831,1.056565608268642,0.8858832029131756,0.9178878067508751,0.9359067646337016,0.9937532204146869,0.515,0.0008786524265427293,0.9989386833740715,0.1365,0.1465,0.5998598738864979,0.14975514960218128,0.9479831575577664,0.25,,0.0008244065773004925,0.9982145025423583
fair_selection,fair_selection,synthetic,scenario,synthetic_gamma2,t_learner,16,2000,2000,0.501,12.09922742843628,"{'base_learner': 'gbm', 'n_estimators': 400, 'max_depth': 3, 'learning_rate': 0.05}",5,0.1997755994771601,6,7.842629909515381,4.2288758754730225,0.9787393585089134,0.31768968223083716,0.766040373658595,-0.3176896822308372,1.003893844164219,0.6862041619333817,0.8587185942758839,0.16267107180532459,1.0213896660812085,0.9793961084239998,0.8516219456994263,0.8483907539754367,1.1947716855340167,0.501,0.0008311226620164129,0.9992517600968874,0.1495,0.151,0.5959783839135356,0.14522072958813034,0.991100181056686,0.2,,0.0010773435205877803,0.9985175188738321
fair_selection,fair_selection,synthetic,scenario,synthetic_gamma2,t_learner,17,2000,2000,0.4865,12.611346244812012,"{'base_learner': 'gbm', 'n_estimators': 400, 'max_depth': 3, 'learning_rate': 0.05}",5,0.18531052324275893,6,8.379863977432251,4.205990791320801,0.8720276207842375,0.18313053920137234,0.6939178159993614,-0.18313053920137248,0.9793423811024536,0.7962118419010813,0.7740804605225455,0.12695381871781886,0.9010342792403644,0.8578163270556041,0.8543933276297538,0.7965400485948239,0.9702658539625189,0.4865,0.0010847352058093555,0.998420661932304,0.1285,0.1065,0.5390669798282949,0.13756437144845146,0.8758456726437328,0.2,,0.0005879407301897885,0.9989808582117692
fair_selection,fair_selection,synthetic,scenario,synthetic_gamma2,t_learner,18,2000,2000,0.5095,12.092469930648804,"{'base_learner': 'gbm', 'n_estimators': 400, 'max_depth': 3, 'learning_rate': 0.05}",5,0.24524776967119322,6,7.917800426483154,4.15029239654541,0.9137105922078418,0.11042678880520485,0.7218482409915267,-0.11042678880520466,0.9985727292068496,0.8881459404016447,0.9645734123466303,0.11489538439808133,1.0794687967447116,0.8842452308238103,0.8093134120559574,0.8271525443156755,1.1038156669095684,0.5095,0.0024528594675820373,0.9972583186741077,0.122,0.1345,0.5752906799354567,0.14189029337926745,0.9104319952678793,0.25,,0.0022629412106222146,0.9979715796953583
fair_selection,fair_selection,synthetic,scenario,synthetic_gamma2,t_learner,19,2000,2000,0.499,11.708344459533691,"{'base_learner': 'gbm', 'n_estimators': 400, 'max_depth': 3, 'learning_rate': 0.05}",5,0.20293415904689302,6,7.7157464027404785,3.9670703411102295,0.8855203914004092,0.26916285109137417,0.6851211604550117,-0.2691628510913743,1.0013442425231096,0.7321813914317354,0.791320918703906,0.1401749396644134,0.9314958583683194,0.8366118945386584,0.7825414447966785,0.7839395712100027,1.0998789152114776,0.499,0.000701954806544061,0.9985087798326773,0.1395,0.137,0.5731162924651698,0.1442474119326433,0.9357627553595851,0.2,,0.0007097911161647633,0.998642886173942
fair_selection,fair_selection,synthetic,scenario,synthetic_gamma2,t_learner,20,2000,2000,0.4815,9.81637454032898,"{'base_learner': 'gbm', 'n_estimators': 200, 'max_depth': 3, 'learning_rate': 0.1}",4,0.1881892170276798,6,7.7900550365448,2.0128252506256104,0.9206817818413203,0.3219790386396859,0.7277776355599994,-0.32197903863968624,0.9972729066129272,0.6752938679732413,0.888871065917625,0.14537050999221302,1.034241575909838,0.8939180262195393,0.9109625158301337,0.8483715496788665,1.020756261066132,0.4815,0.0033140082587627168,0.9979734056065377,0.1575,0.12,0.5651096350904388,0.14692775155282967,0.8858466459929019,0.2,,0.004179714659410753,0.997857454562558
fair_selection,fair_selection,synthetic,scenario,synthetic_gamma2,t_learner,21,2000,2000,0.4845,11.887152671813965,"{'base_learner': 'gbm', 'n_estimators': 400, 'max_depth': 3, 'learning_rate': 0.05}",5,0.19527013386147066,6,7.66258430480957,4.197973251342773,0.9832979987543999,0.2771670392752117,0.7662764299473902,-0.27716703927521175,0.9942709486025046,0.717103909327293,0.815090990513463,0.17115385205824496,0.986244842571708,0.9416916484539867,0.981154956253344,0.8667239265003599,1.1255404229528778,0.4845,0.0010093459607899001,0.9992581900854626,0.142,0.1245,0.556161471173798,0.14462782057397996,0.8917919200013616,0.2,,0.0011525563841933604,0.9993934455375767
fair_selection,fair_selection,synthetic,scenario,synthetic_gamma2,t_learner,22,2000,2000,0.492,10.080772399902344,"{'base_learner': 'gbm', 'n_estimators': 200, 'max_depth': 3, 'learning_rate': 0.1}",4,0.1934425276444309,6,7.9942591190338135,2.0722780227661133,0.9579265038937054,0.2777573387988299,0.7552713944409079,-0.27775733879882997,1.005694401834314,0.727937063035484,0.880748271645768,0.15585990330877308,1.036608174954541,1.0035453311696485,0.9872349502056942,0.8676292780118984,0.9674585803870789,0.492,0.0013655603132671564,0.9987240725925774,0.1425,0.1415,0.5863501056270405,0.1486544683814118,0.8568162626429832,0.2,,0.0014813462542864048,0.9980725357722156
fair_selection,fair_selection,synthetic,scenario,synthetic_gamma2,t_learner,23,2000,2000,0.503,12.002265930175781,"{'base_learner': 'gbm', 'n_estimators': 400, 'max_depth': 3, 'learning_rate': 0.05}",5,0.20011595342704092,6,7.99653697013855,3.980832099914551,0.9175096001313587,0.1596655099839549,0.7145733819120543,-0.15966550998395507,0.9863786558371623,0.8267131458532074,0.8499614875556736,0.1386966534699139,0.9886581410255875,0.8638005317797439,0.8336474514824597,0.8449743743571291,1.1009969754483586,0.503,0.0008931762168532029,0.9994679716490871,0.1365,0.145,0.5675164305915013,0.1491919895506692,0.8596220204497306,0.2,,0.0006814886833321384,0.9992413804119398
fair_selection,fair_selection,synthetic,scenario,synthetic_gamma2,t_learner,24,2000,2000,0.4945,10.005698680877686,"{'base_learner': 'gbm', 'n_estimators': 200, 'max_depth': 3, 'learning_rate': 0.1}",4,0.20897612863249485,6,7.9563140869140625,2.035845994949341,0.944719531422439,0.12881286133081515,0.7424059923071737,-0.12881286133081515,0.9987093506981598,0.8698964893673446,0.8285261196539302,0.139744078110705,0.9682701977646352,0.870690373529644,0.8481644498237504,0.8992842403787649,1.1330415555964852,0.4945,0.0009980899810774226,0.9995326336514287,0.147,0.1405,0.575970692453787,0.1608143156775625,0.879773304029847,0.25,,0.0009952736926221253,0.9995067775287626
fair_selection,fair_selection,synthetic,scenario,synthetic_gamma2,t_learner,25,2000,2000,0.5045,11.804877996444702,"{'base_learner': 'gbm', 'n_estimators': 400, 'max_depth': 3, 'learning_rate': 0.05}",5,0.18957086234057538,6,7.726659297943115,4.051954984664917,0.9584861464551591,0.23489667885279386,0.7555790773264908,-0.2348966788527939,0.9991239276584803,0.7642272488056865,0.822029493932268,0.14524230247948622,0.9672717964117542,0.9354931634002426,0.946456643229618,0.8998028490412096,1.0460449169902293,0.5045,0.0015378761531354434,0.9992303589703331,0.1285,0.138,0.559027281209778,0.1582579420158991,0.9344529385138154,0.3,,0.0016413945090097437,0.999375638501282
fair_selection,fair_selection,synthetic,scenario,synthetic_gamma2,t_learner,26,2000,2000,0.5085,9.903899431228638,"{'base_learner': 'gbm', 'n_estimators': 200, 'max_depth': 3, 'learning_rate': 0.1}",4,0.1691306294119013,6,7.803646802902222,2.086591958999634,0.9895357431278471,0.24188831097496455,0.7858343797660258,-0.24188831097496435,1.0171306539049356,0.7752423429299711,0.8620673492501933,0.16308930804850297,1.0251566572986963,0.9341280600220663,0.9413229780128651,0.959317916491031,1.1125416402787052,0.5085,0.000918948162174525,0.99896163370539,0.154,0.1685,0.6048688070852476,0.15698877534363093,0.9661013646934622,0.2,,0.001227817326691014,0.9980937199441322
fair_selection,fair_selection,synthetic,scenario,synthetic_gamma2,t_learner,27,2000,2000,0.4995,10.232398748397827,"{'base_learner': 'gbm', 'n_estimators': 200, 'max_depth': 3, 'learning_rate': 0.1}",4,0.19391561459072065,6,8.061108350753784,2.157102346420288,1.052832742287264,0.38086847475648966,0.8208372666452677,-0.38086847475648966,0.9959384935616975,0.6150700188052078,0.7562897811034888,0.20633344041124502,0.9626232215147338,1.0111272391045738,0.9814494765936471,0.9411958057801509,1.249942486414936,0.4995,0.0002186905000375898,0.9987017129081636,0.1445,0.147,0.5810545810545811,0.14494508596032563,0.9433736014587417,0.2,,0.0003075982095984974,0.998637052354386
fair_selection,fair_selection,synthetic,scenario,synthetic_gamma2,t_learner,28,2000,2000,0.52,11.904792785644531,"{'base_learner': 'gbm', 'n_estimators': 400, 'max_depth': 3, 'learning_rate': 0.05}",5,0.2014773506371487,6,7.827669858932495,4.050539016723633,0.8868008900094301,0.1692619574066353,0.7094297216660793,-0.16926195740663527,0.9766359953808899,0.8073740379742546,0.7180887275439501,0.12989893470873748,0.8479876622526876,0.7800830232107094,0.8490539139599345,0.8606533660027932,1.0370713503717508,0.52,0.0022072801766917435,0.9992725490327808,0.128,0.158,0.5885416666666666,0.15139589248156424,0.8588359825422991,0.2,,0.0027446212587001278,0.998975654716854
fair_selection,fair_selection,synthetic,scenario,synthetic_gamma2,t_learner,29,2000,2000,0.4895,9.795917510986328,"{'base_learner': 'gbm', 'n_estimators': 200, 'max_depth': 3, 'learning_rate': 0.1}",4,0.22177451375511248,6,7.7903971672058105,1.9919707775115967,0.9597956459759366,0.2319244434699167,0.75667957780686,-0.23192444346991659,0.9856623929546574,0.7537379494847407,0.7430167120078932,0.14514504837781161,0.8881617603857048,0.8721580861422722,0.8732587414156526,0.922151820997134,1.145087852737479,0.4895,0.0004725718615824881,0.9986822753388868,0.1525,0.1305,0.580108827993145,0.14231717390558257,0.9128818798365818,0.15,,0.0007786946020534828,0.9989221148820953
fair_selection,fair_selection,synthetic,scenario,synthetic_gamma2,x_learner,0,2000,2000,0.499,23.313852548599243,"{'base_learner': 'gbm', 'n_estimators': 400, 'max_depth': 3, 'learning_rate': 0.05}",5,0.18007044804684535,6,17.202057361602783,6.0999836921691895,0.574371834372169,0.004082158589032936,0.43108897239761024,0.004082158589032815,0.988634815670337,0.9927169742593699,0.9406358236544672,0.034005426121674676,0.9746412497761419,0.6742215484903286,0.46386452958387786,0.4476571026795941,0.6704253400983172,0.499,0.0014952215818768806,0.9980337913665922,0.123,0.1295,0.5718662874651499,0.14203982902704776,0.9104280030679212,0.25,,0.0009712938983009934,0.9984302399064274
fair_selection,fair_selection,synthetic,scenario,synthetic_gamma2,x_learner,1,2000,2000,0.5105,23.038896083831787,"{'base_learner': 'gbm', 'n_estimators': 400, 'max_depth': 3, 'learning_rate': 0.05}",5,0.20658160987075777,6,17.032808780670166,5.992724657058716,0.594981113832161,0.1488411524183717,0.450813663429046,-0.14884115241837165,0.9947717733296532,0.8459306209112815,1.0144524558837247,0.04944679489813164,1.0638992507818563,0.5763778071673389,0.48631441450101265,0.5247485058878976,0.7562645188621253,0.5105,0.0022316345866352748,0.9980915377038185,0.1315,0.1455,0.5844887595429584,0.1416817875291552,0.8533954996058057,0.2,,0.002558346252843783,0.998262172628757
fair_selection,fair_selection,synthetic,scenario,synthetic_gamma2,x_learner,2,2000,2000,0.49,23.9521484375,"{'base_learner': 'gbm', 'n_estimators': 400, 'max_depth': 3, 'learning_rate': 0.05}",5,0.17713625093144636,6,17.784939765930176,6.155063152313232,0.5121554882829209,0.027243588033306065,0.38253415671225915,0.027243588033306055,0.9804604494287746,1.0077040374620807,0.9186443879737879,0.019002066525090622,0.9376464544988785,0.5536098996654297,0.4280733959321462,0.4420322120359356,0.6033984976145025,0.49,0.0011167402698979232,0.9990828150015654,0.15,0.131,0.5794717887154862,0.14417186400550386,0.9382870770090245,0.2,,0.001601387517899445,0.9987611211091061
fair_selection,fair_selection,synthetic,scenario,synthetic_gamma2,x_learner,3,2000,2000,0.506,24.510860919952393,"{'base_learner': 'gbm', 'n_estimators': 400, 'max_depth': 3, 'learning_rate': 0.05}",5,0.19299508231554086,6,18.247884511947632,6.250788688659668,0.5822622841730439,0.16206410615652544,0.4491160846124127,-0.16206410615652558,1.0087926713972664,0.8467285652407409,0.8470040660181835,0.055514350009132296,0.9025184160273158,0.48682480402485134,0.4648072596101752,0.5458787544137155,0.7778751039602801,0.506,0.0009766886530038783,0.9979228753006492,0.1245,0.139,0.5584684194524011,0.15133440075318144,0.955832963368582,0.15,,0.0008457942954147111,0.9982092317664979
fair_selection,fair_selection,synthetic,scenario,synthetic_gamma2,x_learner,4,2000,2000,0.487,23.40110158920288,"{'base_learner': 'gbm', 'n_estimators': 400, 'max_depth': 3, 'learning_rate': 0.05}",5,0.1768782454319925,6,17.47766661643982,5.910848617553711,0.581238176542839,0.12950591373665576,0.4485053215680303,-0.12950591373665568,0.9903193784566898,0.8608134647200341,0.8677978209069249,0.05453776277762423,0.9223355836845492,0.5739768686912066,0.5303205495972124,0.5109183976208383,0.6925491544564046,0.487,0.00033349188001739126,0.999146794657592,0.132,0.119,0.5701914494198078,0.13479144239865753,0.823212319418831,0.2,,0.0003055798826452782,0.9994449347111151
fair_selection,fair_selection,synthetic,scenario,synthetic_gamma2,x_learner,5,2000,2000,0.5,23.365484952926636,"{'base_learner': 'gbm', 'n_estimators': 400, 'max_depth': 3, 'learning_rate': 0.05}",5,0.2097389948657757,6,17.242111682891846,6.11172342300415,0.5487523834803147,0.015007768718828807,0.40884793787942764,-0.01500776871882875,0.9664879542782492,0.9514801855594204,0.9529599507984459,0.02730845939908466,0.9802684101975305,0.5491198647926996,0.4280099003888281,0.48343579278418547,0.6971954152284885,0.5,0.00030246111815194533,0.9971994069887791,0.158,0.148,0.576,0.1525090051220931,0.9050378891570118,0.2,,0.0008246908788651081,0.9947037055828588
fair_selection,fair_selection,synthetic,scenario,synthetic_gamma2,x_learner,6,2000,2000,0.5035,24.1557879447937,"{'base_learner': 'gbm', 'n_estimators': 400, 'max_depth': 3, 'learning_rate': 0.05}",5,0.17887979897161024,6,17.844588041305542,6.299545049667358,0.505027709815903,0.06503555509270431,0.37692532047715105,-0.06503555509270444,1.003619649399195,0.9385840943064906,1.0035886929213222,0.032344785109387875,1.0359334780307101,0.48231651920703467,0.4658112567806552,0.4365288682414064,0.6164780176745128,0.5035,0.0013698851953383652,0.9975804683579379,0.1285,0.13,0.5626505698779241,0.14185099304674093,0.8686346125624044,0.2,,0.0007301877544001296,0.9979005869446912
fair_selection,fair_selection,synthetic,scenario,synthetic_gamma2,x_learner,7,2000,2000,0.51,21.886186122894287,"{'base_learner': 'gbm', 'n_estimators': 200, 'max_depth': 3, 'learning_rate': 0.1}",4,0.19442867214211929,6,17.81264305114746,4.061532497406006,0.5826120961030928,0.07811261508855816,0.44148250920242604,-0.07811261508855823,0.9985860310672204,0.9204734159786623,0.9642887980976679,0.037962066434650166,1.002250864532318,0.5363861760154337,0.4938271948797282,0.5538637893871774,0.7206988918300026,0.51,0.0009521209888639005,0.9985205767614624,0.1235,0.142,0.5769107643057223,0.15091819515050664,0.8305194614335946,0.3,,0.0009356981514776609,0.9987380492783596
fair_selection,fair_selection,synthetic,scenario,synthetic_gamma2,x_learner,8,2000,2000,0.499,23.95125722885132,"{'base_learner': 'gbm', 'n_estimators': 400, 'max_depth': 3, 'learning_rate': 0.05}",5,0.19478817958235045,6,17.71531915664673,6.223381280899048,0.6733891505947176,0.0420973548158462,0.501162050541067,-0.042097354815846144,1.0063284488837538,0.9642310940679076,1.0013142379269522,0.04064625903865582,1.041960496965608,0.7768102269799629,0.5095656103879749,0.5518805404866133,0.8038335782711327,0.499,0.0007158861344222356,0.9990813436053925,0.1365,0.137,0.5739902959611839,0.14212709122550993,0.8292557015388704,0.2,,0.0008771925079212338,0.998730798774679
fair_selection,fair_selection,synthetic,scenario,synthetic_gamma2,x_learner,9,2000,2000,0.498,21.882049083709717,"{'base_learner': 'gbm', 'n_estimators': 200, 'max_depth': 3, 'learning_rate': 0.1}",4,0.1853590481211118,6,17.853986501693726,4.015336513519287,0.5897481548621195,0.1748486199293705,0.4504030244934628,-0.17484861992937056,1.000148146210073,0.8252995262807025,0.8538893115745241,0.05338138843058582,0.9072707000051099,0.5350563409107365,0.507765375523374,0.5282689672650652,0.7536792940957185,0.498,0.0014049232021864863,0.9990312990800561,0.1425,0.13,0.5662410598569577,0.1563961160362114,0.8361638333270652,0.3,,0.0013765540347884901,0.9987205651507035
fair_selection,fair_selection,synthetic,scenario,synthetic_gamma2,x_learner,10,2000,2000,0.4855,21.070433616638184,"{'base_learner': 'gbm', 'n_estimators': 200, 'max_depth': 3, 'learning_rate': 0.1}",4,0.20505273450284422,6,17.02082586288452,4.037899971008301,0.6147236880389975,0.18083621507454017,0.467821390029868,-0.18083621507454,1.0102761104198241,0.829439895345284,0.9699623063259559,0.0513706162006875,1.0213329225266434,0.5202794199685506,0.5021216033405561,0.5324240998912643,0.8397908364681897,0.4855,0.0008024197002596711,0.9992436981064589,0.162,0.1325,0.6006201215222001,0.15922898129075802,0.8896558270166215,0.2,,0.0012649957049650756,0.9992791735328809
fair_selection,fair_selection,synthetic,scenario,synthetic_gamma2,x_learner,11,2000,2000,0.4885,22.957319259643555,"{'base_learner': 'gbm', 'n_estimators': 400, 'max_depth': 3, 'learning_rate': 0.05}",5,0.1835935527400054,6,17.013137817382812,5.932645082473755,0.5791965131518181,0.08561422126400575,0.4377086959057232,-0.08561422126400559,1.004209171295834,0.9185949500318283,0.9911347173727038,0.036827402657730546,1.0279621200304343,0.607491770505753,0.4939663001559568,0.48750696653089165,0.7008297967771956,0.4885,0.0007074683552017738,0.9989042507603635,0.1475,0.1395,0.5674381747944662,0.14756530834315662,0.9487114443142758,0.2,,0.0005710441636189669,0.9987610667944959
fair_selection,fair_selection,synthetic,scenario,synthetic_gamma2,x_learner,12,2000,2000,0.501,21.41541838645935,"{'base_learner': 'gbm', 'n_estimators': 200, 'max_depth': 3, 'learning_rate': 0.1}",4,0.20567394821192825,6,17.31041932106018,4.093368053436279,0.6032193721646084,0.22924291123375096,0.4616353045186863,-0.2292429112337509,1.0076912717470716,0.7784483605133207,0.9587242756112866,0.05760808137653095,1.0163323569878175,0.5856769019797335,0.500047069688229,0.5096334974960127,0.7763398976171942,0.501,0.0015991079431118673,0.9997330421898478,0.1565,0.1565,0.5991083964335857,0.14638550897227642,0.9978682215947104,0.25,,0.0018001147354299544,0.9995423735135499
fair_selection,fair_selection,synthetic,scenario,synthetic_gamma2,x_learner,13,2000,2000,0.507,23.624312162399292,"{'base_learner': 'gbm', 'n_estimators': 400, 'max_depth': 3, 'learning_rate': 0.05}",5,0.1667913347437709,6,17.267570972442627,6.343663930892944,0.5185491548263451,0.05783569398652033,0.394379870453153,-0.05783569398652017,0.9934729095450703,0.93563721555855,0.9341298429228081,0.03785056472295745,0.9719804076457655,0.5482938431243131,0.4601277017570809,0.43759317964503863,0.609706054324812,0.507,0.0015204140700325627,0.999388675350094,0.119,0.124,0.5272633436153487,0.1465383948900013,0.9198538875643095,0.2,,0.0008615741224519784,0.9995588594093645
fair_selection,fair_selection,synthetic,scenario,synthetic_gamma2,x_learner,14,2000,2000,0.5055,21.186766147613525,"{'base_learner': 'gbm', 'n_estimators': 200, 'max_depth': 3, 'learning_rate': 0.1}",4,0.20114562248258616,6,17.195361375808716,3.9792516231536865,0.5602796309057275,0.06685366450618013,0.4133055390944104,-0.06685366450618019,0.9864716718243007,0.9196180073181206,0.811355107328096,0.04227605975747106,0.8536311670855671,0.4933080762289341,0.43975722613445306,0.49843457318071877,0.7552991192100169,0.5055,0.0003895748271293115,0.9994940619256016,0.167,0.1655,0.6197129852712178,0.1618199520998695,0.9449235795653114,0.3,,0.000621632285239003,0.9987983823594512
fair_selection,fair_selection,synthetic,scenario,synthetic_gamma2,x_learner,15,2000,2000,0.515,23.164422750473022,"{'base_learner': 'gbm', 'n_estimators': 400, 'max_depth': 3, 'learning_rate': 0.05}",5,0.2075124526901388,6,17.088615655899048,6.063682556152344,0.528614129859811,0.11160007349723178,0.40101562196246915,-0.11160007349723189,0.9872567721697856,0.8756566986725538,1.0173614367948236,0.039204171473818494,1.056565608268642,0.5110091838928255,0.4443579404421502,0.4783753917014743,0.6559757712808003,0.515,0.0008786524265427293,0.9989386833740715,0.1365,0.1465,0.5998598738864979,0.14975514960218128,0.9479831575577664,0.25,,0.0008244065773004925,0.9982145025423583
fair_selection,fair_selection,synthetic,scenario,synthetic_gamma2,x_learner,16,2000,2000,0.501,23.33299446105957,"{'base_learner': 'gbm', 'n_estimators': 400, 'max_depth': 3, 'learning_rate': 0.05}",5,0.1997755994771601,6,17.28986668586731,6.031024217605591,0.6335237872169782,0.150359398151776,0.46800978274130217,-0.15035939815177604,1.003893844164219,0.8535344460124429,0.9733936967697893,0.04799596931141925,1.0213896660812085,0.5887715376220447,0.4593626811655303,0.5221388573578876,0.8804059138571028,0.501,0.0008311226620164129,0.9992517600968874,0.1495,0.151,0.5959783839135356,0.14522072958813034,0.991100181056686,0.2,,0.0010773435205877803,0.9985175188738321
fair_selection,fair_selection,synthetic,scenario,synthetic_gamma2,x_learner,17,2000,2000,0.4865,23.207133531570435,"{'base_learner': 'gbm', 'n_estimators': 400, 'max_depth': 3, 'learning_rate': 0.05}",5,0.18531052324275893,6,17.144519329071045,6.050615072250366,0.5639326657085387,0.015862886757164296,0.4248261646118074,-0.01586288675716425,0.9793423811024536,0.9634794943452893,0.8621817145786331,0.03885256466173126,0.9010342792403644,0.5752777480409643,0.4829139495171472,0.49841471207301863,0.677873594833425,0.4865,0.0010847352058093555,0.998420661932304,0.1285,0.1065,0.5390669798282949,0.13756437144845146,0.8758456726437328,0.2,,0.0005879407301897885,0.9989808582117692
fair_selection,fair_selection,synthetic,scenario,synthetic_gamma2,x_learner,18,2000,2000,0.5095,23.387885808944702,"{'base_learner': 'gbm', 'n_estimators': 400, 'max_depth': 3, 'learning_rate': 0.05}",5,0.24524776967119322,6,17.192091941833496,6.183738946914673,0.5627910950364207,0.06297560949486891,0.426700223054119,-0.0629756094948689,0.9985727292068496,0.9355971197119807,1.0532418110579527,0.026226985686758963,1.0794687967447116,0.5403211983660121,0.46989614793621903,0.47400193451340283,0.7276730347056606,0.5095,0.0024528594675820373,0.9972583186741077,0.122,0.1345,0.5752906799354567,0.14189029337926745,0.9104319952678793,0.25,,0.0022629412106222146,0.9979715796953583
fair_selection,fair_selection,synthetic,scenario,synthetic_gamma2,x_learner,19,2000,2000,0.499,24.010422468185425,"{'base_learner': 'gbm', 'n_estimators': 400, 'max_depth': 3, 'learning_rate': 0.05}",5,0.20293415904689302,6,17.696916580200195,6.301314353942871,0.5805782770898781,0.11694248259251139,0.42571174826915453,-0.11694248259251154,1.0013442425231096,0.8844017599305982,0.9014859126287393,0.030009945739580046,0.9314958583683194,0.5237855050074932,0.39310284109073523,0.5020854312651153,0.8168926882377914,0.499,0.000701954806544061,0.9985087798326773,0.1395,0.137,0.5731162924651698,0.1442474119326433,0.9357627553595851,0.2,,0.0007097911161647633,0.998642886173942
fair_selection,fair_selection,synthetic,scenario,synthetic_gamma2,x_learner,20,2000,2000,0.4815,21.47998023033142,"{'base_learner': 'gbm', 'n_estimators': 200, 'max_depth': 3, 'learning_rate': 0.1}",4,0.1881892170276798,6,17.430250644683838,4.037653923034668,0.5980720681297208,0.12614379844861434,0.46285940974852824,-0.12614379844861445,0.9972729066129272,0.8711291081643129,0.9876730821978565,0.04656849371198146,1.034241575909838,0.5550390950707983,0.5138721018907214,0.501757316030733,0.7790169807898171,0.4815,0.0033140082587627168,0.9979734056065377,0.1575,0.12,0.5651096350904388,0.14692775155282967,0.8858466459929019,0.2,,0.004179714659410753,0.997857454562558
fair_selection,fair_selection,synthetic,scenario,synthetic_gamma2,x_learner,21,2000,2000,0.4845,23.88939070701599,"{'base_learner': 'gbm', 'n_estimators': 400, 'max_depth': 3, 'learning_rate': 0.05}",5,0.19527013386147066,6,17.629859447479248,6.247056007385254,0.5611894037933276,0.05990737543279767,0.4292778342855902,-0.05990737543279751,0.9942709486025046,0.934363573169707,0.9363809762545608,0.04986386631714712,0.986244842571708,0.5818950196546577,0.498451801886975,0.5155362860141667,0.6378875393195065,0.4845,0.0010093459607899001,0.9992581900854626,0.142,0.1245,0.556161471173798,0.14462782057397996,0.8917919200013616,0.2,,0.0011525563841933604,0.9993934455375767
fair_selection,fair_selection,synthetic,scenario,synthetic_gamma2,x_learner,22,2000,2000,0.492,21.45260739326477,"{'base_learner': 'gbm', 'n_estimators': 200, 'max_depth': 3, 'learning_rate': 0.1}",4,0.1934425276444309,6,17.43054723739624,4.01031231880188,0.5930109384663393,0.050417754624292765,0.4359232332302222,-0.05041775462429286,1.005694401834314,0.9552766472100211,1.000103443238891,0.03650473171564994,1.036608174954541,0.47476815277066425,0.44874788511472335,0.5377355409953188,0.8310889947732312,0.492,0.0013655603132671564,0.9987240725925774,0.1425,0.1415,0.5863501056270405,0.1486544683814118,0.8568162626429832,0.2,,0.0014813462542864048,0.9980725357722156
fair_selection,fair_selection,synthetic,scenario,synthetic_gamma2,x_learner,23,2000,2000,0.503,23.515676021575928,"{'base_learner': 'gbm', 'n_estimators': 400, 'max_depth': 3, 'learning_rate': 0.05}",5,0.20011595342704092,6,17.50415587425232,5.999634265899658,0.6067739780011058,0.10374232753933665,0.46897932259611186,-0.10374232753933682,0.9863786558371623,0.8826363282978257,0.960225532861811,0.028432608163776463,0.9886581410255875,0.6094668286596756,0.4426759245743117,0.5128518389086335,0.8014173964988373,0.503,0.0008931762168532029,0.9994679716490871,0.1365,0.145,0.5675164305915013,0.1491919895506692,0.8596220204497306,0.2,,0.0006814886833321384,0.9992413804119398
fair_selection,fair_selection,synthetic,scenario,synthetic_gamma2,x_learner,24,2000,2000,0.4945,21.15933108329773,"{'base_learner': 'gbm', 'n_estimators': 200, 'max_depth': 3, 'learning_rate': 0.1}",4,0.20897612863249485,6,17.22081708908081,3.926726818084717,0.610641809150806,0.01885064421451954,0.46790278373517435,-0.01885064421451946,0.9987093506981598,0.9798587064836403,0.9212227017968053,0.04704749596782987,0.9682701977646352,0.65473642972973,0.48834810513730537,0.5581590747419577,0.7161204224211519,0.4945,0.0009980899810774226,0.9995326336514287,0.147,0.1405,0.575970692453787,0.1608143156775625,0.879773304029847,0.25,,0.0009952736926221253,0.9995067775287626
fair_selection,fair_selection,synthetic,scenario,synthetic_gamma2,x_learner,25,2000,2000,0.5045,23.6914381980896,"{'base_learner': 'gbm', 'n_estimators': 400, 'max_depth': 3, 'learning_rate': 0.05}",5,0.18957086234057538,6,17.516752243041992,6.160711765289307,0.5694906592073286,0.03903377287924581,0.42989155765916776,-0.039033772879245913,0.9991239276584803,0.9600901547792345,0.9304750676944552,0.036796728717299,0.9672717964117542,0.5500426911204271,0.4559825751937565,0.4985159211687675,0.7336847068758585,0.5045,0.0015378761531354434,0.9992303589703331,0.1285,0.138,0.559027281209778,0.1582579420158991,0.9344529385138154,0.3,,0.0016413945090097437,0.999375638501282
fair_selection,fair_selection,synthetic,scenario,synthetic_gamma2,x_learner,26,2000,2000,0.5085,21.672232627868652,"{'base_learner': 'gbm', 'n_estimators': 200, 'max_depth': 3, 'learning_rate': 0.1}",4,0.1691306294119013,6,17.519705295562744,4.1399986743927,0.6162974268154154,0.059099617653477265,0.47485178474832107,-0.05909961765347709,1.0171306539049356,0.9580310362514584,0.9900426363879421,0.03511402091075422,1.0251566572986963,0.5910546643437363,0.5127888418291301,0.5826748001075848,0.7533141031268751,0.5085,0.000918948162174525,0.99896163370539,0.154,0.1685,0.6048688070852476,0.15698877534363093,0.9661013646934622,0.2,,0.001227817326691014,0.9980937199441322
fair_selection,fair_selection,synthetic,scenario,synthetic_gamma2,x_learner,27,2000,2000,0.4995,21.149791717529297,"{'base_learner': 'gbm', 'n_estimators': 200, 'max_depth': 3, 'learning_rate': 0.1}",4,0.19391561459072065,6,17.161896467208862,3.9745538234710693,0.6143904754758163,0.17761005949340525,0.4646382294201232,-0.17761005949340528,0.9959384935616975,0.8183284340682923,0.9086627214169607,0.05396050009777309,0.9626232215147338,0.5664527747787893,0.4714368204395297,0.54745033170568,0.8167492503921973,0.4995,0.0002186905000375898,0.9987017129081636,0.1445,0.147,0.5810545810545811,0.14494508596032563,0.9433736014587417,0.2,,0.0003075982095984974,0.998637052354386
fair_selection,fair_selection,synthetic,scenario,synthetic_gamma2,x_learner,28,2000,2000,0.52,23.511638164520264,"{'base_learner': 'gbm', 'n_estimators': 400, 'max_depth': 3, 'learning_rate': 0.05}",5,0.2014773506371487,6,17.492078065872192,6.008251428604126,0.5762683544743471,0.03596207464064016,0.44672257922532493,0.03596207464064014,0.9766359953808899,1.01259807002153,0.8289642867437189,0.01902337550896871,0.8479876622526876,0.6463268183373441,0.4943097111319933,0.5099973486801194,0.6373092837799141,0.52,0.0022072801766917435,0.9992725490327808,0.128,0.158,0.5885416666666666,0.15139589248156424,0.8588359825422991,0.2,,0.0027446212587001278,0.998975654716854
fair_selection,fair_selection,synthetic,scenario,synthetic_gamma2,x_learner,29,2000,2000,0.4895,21.44822907447815,"{'base_learner': 'gbm', 'n_estimators': 200, 'max_depth': 3, 'learning_rate': 0.1}",4,0.22177451375511248,6,17.402509212493896,4.034233570098877,0.6011127534038869,0.09279976137960211,0.44469077928015377,-0.09279976137960208,0.9856623929546574,0.8928626315750553,0.857826298885987,0.030335461499717775,0.8881617603857048,0.5847769838740986,0.47337617521675257,0.5086256791646481,0.7877797684516779,0.4895,0.0004725718615824881,0.9986822753388868,0.1525,0.1305,0.580108827993145,0.14231717390558257,0.9128818798365818,0.15,,0.0007786946020534828,0.9989221148820953
fair_selection,fair_selection,synthetic,scenario,synthetic_gamma2,neural_rep,0,2000,2000,0.499,55.32452917098999,"{'latent_dim': 8, 'lr': 0.0005, 'weight_decay': 0.01, 'epochs': 400, 'dropout': 0.3}",5,0.15193321191503587,6,38.868372678756714,16.454634428024292,0.600309628628324,0.12430647879635603,0.45583666271858864,-0.12430647879635606,0.988634815670337,0.8643283368739809,0.9640808504681627,0.01056039930797914,0.9746412497761419,0.561989879447229,0.36441272492736554,0.3961508185697292,0.9142876304270666,0.499,0.0014952215818768806,0.9980337913665922,0.123,0.1295,0.5718662874651499,0.14203982902704776,0.9104280030679212,0.25,,0.0009712938983009934,0.9984302399064274
fair_selection,fair_selection,synthetic,scenario,synthetic_gamma2,neural_rep,1,2000,2000,0.5105,48.55448651313782,"{'latent_dim': 8, 'lr': 0.001, 'weight_decay': 0.01, 'epochs': 200, 'dropout': 0.2}",4,0.1502823851637453,6,40.179569482803345,8.37321424484253,0.652645680007106,0.2563671604107668,0.4807292766319545,-0.2563671604107668,0.9947717733296532,0.7384046129188864,1.0546298888277137,0.00926936195414263,1.0638992507818563,0.47073035320474355,0.2630838846731578,0.4486152162249533,1.100785958529726,0.5105,0.0022316345866352748,0.9980915377038185,0.1315,0.1455,0.5844887595429584,0.1416817875291552,0.8533954996058057,0.2,,0.002558346252843783,0.998262172628757
fair_selection,fair_selection,synthetic,scenario,synthetic_gamma2,neural_rep,2,2000,2000,0.49,47.218929052352905,"{'latent_dim': 8, 'lr': 0.001, 'weight_decay': 0.01, 'epochs': 200, 'dropout': 0.2}",4,0.13978513185740707,6,39.15525674819946,8.062610864639282,0.6395151160066116,0.19434119983870968,0.4891830467800257,-0.19434119983870976,0.9804604494287746,0.786119249590065,0.9291274507657377,0.00851900373314085,0.9376464544988785,0.5841106824740399,0.14499704507080421,0.37268940422557434,1.065275321183323,0.49,0.0011167402698979232,0.9990828150015654,0.15,0.131,0.5794717887154862,0.14417186400550386,0.9382870770090245,0.2,,0.001601387517899445,0.9987611211091061
fair_selection,fair_selection,synthetic,scenario,synthetic_gamma2,neural_rep,3,2000,2000,0.506,55.192102670669556,"{'latent_dim': 8, 'lr': 0.0005, 'weight_decay': 0.01, 'epochs': 400, 'dropout': 0.3}",5,0.14196850626359986,6,39.20924711227417,15.981868982315063,0.6455608699762446,0.22440327284587958,0.4799343348569523,-0.2244032728458796,1.0087926713972664,0.7843893985513868,0.8889430179194971,0.013575398107818604,0.9025184160273158,0.5098570481511502,0.2868259489622831,0.4485715307790733,1.0599790538519824,0.506,0.0009766886530038783,0.9979228753006492,0.1245,0.139,0.5584684194524011,0.15133440075318144,0.955832963368582,0.15,,0.0008457942954147111,0.9982092317664979
fair_selection,fair_selection,synthetic,scenario,synthetic_gamma2,neural_rep,4,2000,2000,0.487,58.106884479522705,"{'latent_dim': 8, 'lr': 0.0005, 'weight_decay': 0.01, 'epochs': 400, 'dropout': 0.3}",5,0.13699402846386863,6,41.07069802284241,17.03511071205139,0.5905404264289398,0.1858581207517941,0.4540653490855917,-0.18585812075179411,0.9903193784566898,0.8044612577048957,0.9164202871713446,0.005915296513204549,0.9223355836845492,0.5253710052207242,0.17152190464773082,0.3818115106448176,0.971461524933437,0.487,0.00033349188001739126,0.999146794657592,0.132,0.119,0.5701914494198078,0.13479144239865753,0.823212319418831,0.2,,0.0003055798826452782,0.9994449347111151
fair_selection,fair_selection,synthetic,scenario,synthetic_gamma2,neural_rep,5,2000,2000,0.5,58.68861126899719,"{'latent_dim': 8, 'lr': 0.0005, 'weight_decay': 0.01, 'epochs': 400, 'dropout': 0.3}",5,0.15612029598143962,6,40.529091596603394,18.15828537940979,0.6170456705803127,0.10870938409546549,0.47118245518283913,-0.10870938409546552,0.9664879542782492,0.8577785701827837,0.969387282177124,0.010881128020406527,0.9802684101975305,0.5694805703139432,0.382601001592596,0.4363564734990919,0.9283764430328442,0.5,0.00030246111815194533,0.9971994069887791,0.158,0.148,0.576,0.1525090051220931,0.9050378891570118,0.2,,0.0008246908788651081,0.9947037055828588
fair_selection,fair_selection,synthetic,scenario,synthetic_gamma2,neural_rep,6,2000,2000,0.5035,60.65723443031311,"{'latent_dim': 8, 'lr': 0.0005, 'weight_decay': 0.01, 'epochs': 400, 'dropout': 0.3}",5,0.13605260078277648,6,43.35817503929138,17.297969818115234,0.594189836484879,0.14508317327699016,0.4567816984054497,-0.1450831732769903,1.003619649399195,0.8585364761222047,1.0273495716827297,0.008583906347980452,1.0359334780307101,0.5842413661569533,0.1735943947841044,0.3413026817687745,0.9613978046135475,0.5035,0.0013698851953383652,0.9975804683579379,0.1285,0.13,0.5626505698779241,0.14185099304674093,0.8686346125624044,0.2,,0.0007301877544001296,0.9979005869446912
fair_selection,fair_selection,synthetic,scenario,synthetic_gamma2,neural_rep,7,2000,2000,0.51,55.337573289871216,"{'latent_dim': 8, 'lr': 0.0005, 'weight_decay': 0.01, 'epochs': 400, 'dropout': 0.3}",5,0.15353927473296194,6,38.76729655265808,16.569011926651,0.5859440937823955,0.15307455521684654,0.44643574930603125,-0.15307455521684663,0.9985860310672204,0.8455114758503739,0.9932654126370885,0.00898545189522959,1.002250864532318,0.5508681417238798,0.20512247048775528,0.3627034113211479,0.9466980627975176,0.51,0.0009521209888639005,0.9985205767614624,0.1235,0.142,0.5769107643057223,0.15091819515050664,0.8305194614335946,0.3,,0.0009356981514776609,0.9987380492783596
fair_selection,fair_selection,synthetic,scenario,synthetic_gamma2,neural_rep,8,2000,2000,0.499,49.11297369003296,"{'latent_dim': 8, 'lr': 0.001, 'weight_decay': 0.01, 'epochs': 200, 'dropout': 0.2}",4,0.13165874491687235,6,41.28718161582947,7.8247551918029785,0.6091371309375917,0.0385332068718971,0.47661168782402563,-0.038533206871897145,1.0063284488837538,0.9677952420118567,1.0323402360541523,0.009620260911455736,1.041960496965608,0.7571614176716157,0.2256855642240488,0.2817606294106315,0.8835019742773808,0.499,0.0007158861344222356,0.9990813436053925,0.1365,0.137,0.5739902959611839,0.14212709122550993,0.8292557015388704,0.2,,0.0008771925079212338,0.998730798774679
fair_selection,fair_selection,synthetic,scenario,synthetic_gamma2,neural_rep,9,2000,2000,0.498,56.31753754615784,"{'latent_dim': 8, 'lr': 0.0005, 'weight_decay': 0.01, 'epochs': 400, 'dropout': 0.3}",5,0.13804503069997032,6,39.06018018722534,17.2562153339386,0.6217057990612059,0.19143802551024025,0.4650724305895709,-0.19143802551024028,1.000148146210073,0.8087101206998327,0.9007714401459965,0.006499259859113371,0.9072707000051099,0.5083731272417066,0.23754437524965027,0.41188052410274306,1.0303185281726819,0.498,0.0014049232021864863,0.9990312990800561,0.1425,0.13,0.5662410598569577,0.1563961160362114,0.8361638333270652,0.3,,0.0013765540347884901,0.9987205651507035
fair_selection,fair_selection,synthetic,scenario,synthetic_gamma2,neural_rep,10,2000,2000,0.4855,57.81268000602722,"{'latent_dim': 8, 'lr': 0.0005, 'weight_decay': 0.01, 'epochs': 400, 'dropout': 0.3}",5,0.13946318006775704,6,40.26420521736145,17.54729175567627,0.6117778228548539,0.1818181515965337,0.47100138706696815,-0.18181815159653356,1.0102761104198241,0.8284579588232904,1.0121308774903428,0.009202045036300621,1.0213329225266434,0.5414148453176647,0.23181629285644725,0.4361982738325038,0.9797707158767235,0.4855,0.0008024197002596711,0.9992436981064589,0.162,0.1325,0.6006201215222001,0.15922898129075802,0.8896558270166215,0.2,,0.0012649957049650756,0.9992791735328809
fair_selection,fair_selection,synthetic,scenario,synthetic_gamma2,neural_rep,11,2000,2000,0.4885,52.72830414772034,"{'latent_dim': 8, 'lr': 0.001, 'weight_decay': 0.01, 'epochs': 200, 'dropout': 0.2}",4,0.1425552308582406,6,43.65869474411011,9.068246603012085,0.5919612362867717,0.1374859832486517,0.4526949523884134,-0.1374859832486516,1.004209171295834,0.8667231880471824,1.019462762523179,0.00849935750725539,1.0279621200304343,0.5849659094581715,0.19624835185514555,0.3386402141704156,0.9519961636357476,0.4885,0.0007074683552017738,0.9989042507603635,0.1475,0.1395,0.5674381747944662,0.14756530834315662,0.9487114443142758,0.2,,0.0005710441636189669,0.9987610667944959
fair_selection,fair_selection,synthetic,scenario,synthetic_gamma2,neural_rep,12,2000,2000,0.501,48.2035071849823,"{'latent_dim': 8, 'lr': 0.001, 'weight_decay': 0.01, 'epochs': 200, 'dropout': 0.2}",4,0.1443110874033361,6,40.3145649433136,7.887896299362183,0.6485246429816276,0.243091569634449,0.48895501536317143,-0.24309156963444906,1.0076912717470716,0.7645997021126226,1.00805273499549,0.008279621992327568,1.0163323569878175,0.4927590559235375,0.30628960929948107,0.4981016574980478,1.0476673026567178,0.501,0.0015991079431118673,0.9997330421898478,0.1565,0.1565,0.5991083964335857,0.14638550897227642,0.9978682215947104,0.25,,0.0018001147354299544,0.9995423735135499
fair_selection,fair_selection,synthetic,scenario,synthetic_gamma2,neural_rep,13,2000,2000,0.507,46.79555821418762,"{'latent_dim': 8, 'lr': 0.001, 'weight_decay': 0.01, 'epochs': 200, 'dropout': 0.2}",4,0.1416094435580129,6,38.77926421165466,8.015191793441772,0.5814694159204733,0.06857839456507742,0.44441449798419386,-0.06857839456507729,0.9934729095450703,0.9248945149799929,0.9650176218135624,0.006962785832203111,0.9719804076457655,0.6245550304476779,0.2530868959482148,0.32261471662796487,0.8911927447305892,0.507,0.0015204140700325627,0.999388675350094,0.119,0.124,0.5272633436153487,0.1465383948900013,0.9198538875643095,0.2,,0.0008615741224519784,0.9995588594093645
fair_selection,fair_selection,synthetic,scenario,synthetic_gamma2,neural_rep,14,2000,2000,0.5055,46.87422204017639,"{'latent_dim': 8, 'lr': 0.001, 'weight_decay': 0.01, 'epochs': 200, 'dropout': 0.2}",4,0.14762595864957706,6,38.7668559551239,8.106334209442139,0.6194037590742926,0.08594967607734516,0.47018311118526884,-0.08594967607734517,0.9864716718243007,0.9005219957469556,0.8446051689568443,0.009025998128722734,0.8536311670855671,0.6260428845891467,0.28227678911366855,0.32132788396198786,0.9796849386373898,0.5055,0.0003895748271293115,0.9994940619256016,0.167,0.1655,0.6197129852712178,0.1618199520998695,0.9449235795653114,0.3,,0.000621632285239003,0.9987983823594512
fair_selection,fair_selection,synthetic,scenario,synthetic_gamma2,neural_rep,15,2000,2000,0.515,47.914756774902344,"{'latent_dim': 8, 'lr': 0.001, 'weight_decay': 0.01, 'epochs': 200, 'dropout': 0.2}",4,0.14955913803655665,6,40.18544912338257,7.728236198425293,0.5899813802974372,0.181806818127769,0.45250057608403077,-0.18180681812776914,0.9872567721697856,0.8054499540420166,1.0481036292790726,0.008461978989569463,1.056565608268642,0.5225065620537742,0.19872322309322688,0.3766216119419116,0.9684855450770227,0.515,0.0008786524265427293,0.9989386833740715,0.1365,0.1465,0.5998598738864979,0.14975514960218128,0.9479831575577664,0.25,,0.0008244065773004925,0.9982145025423583
fair_selection,fair_selection,synthetic,scenario,synthetic_gamma2,neural_rep,16,2000,2000,0.501,57.78138327598572,"{'latent_dim': 8, 'lr': 0.0005, 'weight_decay': 0.01, 'epochs': 400, 'dropout': 0.3}",5,0.1620885928772356,6,40.435715198516846,17.344682455062866,0.6389829460977439,0.18942113242714453,0.4832829416114313,-0.1894211324271446,1.003893844164219,0.8144727117370744,1.0091960012186583,0.012193664862550246,1.0213896660812085,0.5597220965995491,0.2500506441787348,0.4176536477342309,1.040647924167105,0.501,0.0008311226620164129,0.9992517600968874,0.1495,0.151,0.5959783839135356,0.14522072958813034,0.991100181056686,0.2,,0.0010773435205877803,0.9985175188738321
fair_selection,fair_selection,synthetic,scenario,synthetic_gamma2,neural_rep,17,2000,2000,0.4865,57.23942542076111,"{'latent_dim': 8, 'lr': 0.0005, 'weight_decay': 0.01, 'epochs': 400, 'dropout': 0.3}",5,0.14456443283797624,6,39.66532325744629,17.573012351989746,0.6040136117798739,0.15453269310913154,0.4593487081237823,-0.15453269310913145,0.9793423811024536,0.8248096879933221,0.8932760903335748,0.007758188906789587,0.9010342792403644,0.5497500540689991,0.23903364144474656,0.39124084844852686,0.9730869270910727,0.4865,0.0010847352058093555,0.998420661932304,0.1285,0.1065,0.5390669798282949,0.13756437144845146,0.8758456726437328,0.2,,0.0005879407301897885,0.9989808582117692
fair_selection,fair_selection,synthetic,scenario,synthetic_gamma2,neural_rep,18,2000,2000,0.5095,48.42487168312073,"{'latent_dim': 8, 'lr': 0.001, 'weight_decay': 0.01, 'epochs': 200, 'dropout': 0.2}",4,0.1633742944266644,6,39.355966091156006,9.067620277404785,0.5995069760401492,0.12717455138130118,0.45419926038102165,-0.12717455138130113,0.9985727292068496,0.8713981778255484,1.0711960883188072,0.00827270842590444,1.0794687967447116,0.5957557367882091,0.19929514041393212,0.3462655853215583,0.9607763271419962,0.5095,0.0024528594675820373,0.9972583186741077,0.122,0.1345,0.5752906799354567,0.14189029337926745,0.9104319952678793,0.25,,0.0022629412106222146,0.9979715796953583
fair_selection,fair_selection,synthetic,scenario,synthetic_gamma2,neural_rep,19,2000,2000,0.499,56.1470422744751,"{'latent_dim': 8, 'lr': 0.0005, 'weight_decay': 0.01, 'epochs': 400, 'dropout': 0.3}",5,0.1473022710415294,6,38.98580002784729,17.160066604614258,0.5880276889932536,0.14278256412301293,0.4527180091731418,-0.1427825641230131,1.0013442425231096,0.8585616784000967,0.9253704962281967,0.006125362140122714,0.9314958583683194,0.5554816343410973,0.21366159345111876,0.3669370182050694,0.9456491707580733,0.499,0.000701954806544061,0.9985087798326773,0.1395,0.137,0.5731162924651698,0.1442474119326433,0.9357627553595851,0.2,,0.0007097911161647633,0.998642886173942
fair_selection,fair_selection,synthetic,scenario,synthetic_gamma2,neural_rep,20,2000,2000,0.4815,60.598122119903564,"{'latent_dim': 8, 'lr': 0.0005, 'weight_decay': 0.01, 'epochs': 400, 'dropout': 0.3}",5,0.15282070829150127,6,41.398756980895996,19.197755098342896,0.6163539448886983,0.18457509342349532,0.4666527573770297,-0.1845750934234955,0.9972729066129272,0.8126978131894319,1.024840744165911,0.009400831743926918,1.034241575909838,0.5560353539065194,0.18998691226899425,0.3930853833033662,1.009842701278389,0.4815,0.0033140082587627168,0.9979734056065377,0.1575,0.12,0.5651096350904388,0.14692775155282967,0.8858466459929019,0.2,,0.004179714659410753,0.997857454562558
fair_selection,fair_selection,synthetic,scenario,synthetic_gamma2,neural_rep,21,2000,2000,0.4845,62.20616412162781,"{'latent_dim': 8, 'lr': 0.0005, 'weight_decay': 0.01, 'epochs': 400, 'dropout': 0.3}",5,0.16353972621352203,6,45.281150102615356,16.923587799072266,0.6030041971111645,0.1632829870003204,0.46166015474599364,-0.16328298700032037,0.9942709486025046,0.8309879616021842,0.977020832949409,0.009224009622298968,0.986244842571708,0.5689822926223407,0.1902910958089656,0.3777595004447212,0.9756036368815584,0.4845,0.0010093459607899001,0.9992581900854626,0.142,0.1245,0.556161471173798,0.14462782057397996,0.8917919200013616,0.2,,0.0011525563841933604,0.9993934455375767
fair_selection,fair_selection,synthetic,scenario,synthetic_gamma2,neural_rep,22,2000,2000,0.492,57.690913915634155,"{'latent_dim': 8, 'lr': 0.0005, 'weight_decay': 0.01, 'epochs': 400, 'dropout': 0.3}",5,0.1561374942968405,6,40.293394327163696,17.39650797843933,0.6042443989018628,0.08370372007918547,0.45793808249485973,-0.08370372007918556,1.005694401834314,0.9219906817551284,1.0272800204314376,0.009328154523103427,1.036608174954541,0.6629426226766932,0.22402668524022837,0.3416846888687113,0.9241297912894103,0.492,0.0013655603132671564,0.9987240725925774,0.1425,0.1415,0.5863501056270405,0.1486544683814118,0.8568162626429832,0.2,,0.0014813462542864048,0.9980725357722156
fair_selection,fair_selection,synthetic,scenario,synthetic_gamma2,neural_rep,23,2000,2000,0.503,57.551533937454224,"{'latent_dim': 8, 'lr': 0.0005, 'weight_decay': 0.01, 'epochs': 400, 'dropout': 0.3}",5,0.13918968285850833,6,40.5908305644989,16.95962691307068,0.5861991855175934,0.18227733124306722,0.45084761702168746,-0.18227733124306733,0.9863786558371623,0.8041013245940951,0.9815578367321919,0.007100304293395587,0.9886581410255875,0.5114812235245924,0.2342300749102616,0.3787833312956107,0.9563285828248983,0.503,0.0008931762168532029,0.9994679716490871,0.1365,0.145,0.5675164305915013,0.1491919895506692,0.8596220204497306,0.2,,0.0006814886833321384,0.9992413804119398
fair_selection,fair_selection,synthetic,scenario,synthetic_gamma2,neural_rep,24,2000,2000,0.4945,56.58719301223755,"{'latent_dim': 8, 'lr': 0.0005, 'weight_decay': 0.01, 'epochs': 400, 'dropout': 0.3}",5,0.1535354835674511,6,39.84388327598572,16.74232792854309,0.6217088816840473,0.08626107977081077,0.47039694059709225,-0.08626107977081063,0.9987093506981598,0.912448270927349,0.9609506356125046,0.007319562152130588,0.9682701977646352,0.6012494039871026,0.3472247547797969,0.4140600096953916,0.9447624921130341,0.4945,0.0009980899810774226,0.9995326336514287,0.147,0.1405,0.575970692453787,0.1608143156775625,0.879773304029847,0.25,,0.0009952736926221253,0.9995067775287626
fair_selection,fair_selection,synthetic,scenario,synthetic_gamma2,neural_rep,25,2000,2000,0.5045,58.00012516975403,"{'latent_dim': 8, 'lr': 0.0005, 'weight_decay': 0.01, 'epochs': 400, 'dropout': 0.3}",5,0.14263222340228188,6,41.21568179130554,16.783332109451294,0.6052222792928978,0.17678613738386784,0.45883237438347046,-0.17678613738386784,0.9991239276584803,0.8223377902746125,0.9596312035473396,0.007640592864414653,0.9672717964117542,0.5390408544357714,0.20687205452447666,0.3747134593741857,0.9956931068756916,0.5045,0.0015378761531354434,0.9992303589703331,0.1285,0.138,0.559027281209778,0.1582579420158991,0.9344529385138154,0.3,,0.0016413945090097437,0.999375638501282
fair_selection,fair_selection,synthetic,scenario,synthetic_gamma2,neural_rep,26,2000,2000,0.5085,49.47552418708801,"{'latent_dim': 8, 'lr': 0.001, 'weight_decay': 0.01, 'epochs': 200, 'dropout': 0.2}",4,0.1279406274518787,6,41.46376824378967,8.010701179504395,0.6025992082114977,0.1196573923571096,0.45118321948466994,-0.11965739235710941,1.0171306539049356,0.897473261547826,1.0191712024314858,0.005985454867210471,1.0251566572986963,0.5912238228865436,0.19588359327324786,0.3366925942315576,0.9753078124755802,0.5085,0.000918948162174525,0.99896163370539,0.154,0.1685,0.6048688070852476,0.15698877534363093,0.9661013646934622,0.2,,0.001227817326691014,0.9980937199441322
fair_selection,fair_selection,synthetic,scenario,synthetic_gamma2,neural_rep,27,2000,2000,0.4995,48.48927640914917,"{'latent_dim': 8, 'lr': 0.001, 'weight_decay': 0.01, 'epochs': 200, 'dropout': 0.2}",4,0.14339422288071682,6,40.588523864746094,7.899660110473633,0.6378414230482383,0.2547945190792864,0.49247414032113956,-0.2547945190792864,0.9959384935616975,0.7411439744824111,0.9548587541954513,0.0077644673192824865,0.9626232215147338,0.4924457444655901,0.22433155287432513,0.45192907090608153,1.0631553893187475,0.4995,0.0002186905000375898,0.9987017129081636,0.1445,0.147,0.5810545810545811,0.14494508596032563,0.9433736014587417,0.2,,0.0003075982095984974,0.998637052354386
fair_selection,fair_selection,synthetic,scenario,synthetic_gamma2,neural_rep,28,2000,2000,0.52,57.97272300720215,"{'latent_dim': 8, 'lr': 0.0005, 'weight_decay': 0.01, 'epochs': 400, 'dropout': 0.3}",5,0.15424169254383244,6,39.8612699508667,18.110256671905518,0.5850426408185557,0.0899088503825789,0.4441972370336099,-0.0899088503825788,0.9766359953808899,0.886727144998311,0.839839203712656,0.008148458540031656,0.8479876622526876,0.6389170407540298,0.19437690433969515,0.29795357887982815,0.9134143995087503,0.52,0.0022072801766917435,0.9992725490327808,0.128,0.158,0.5885416666666666,0.15139589248156424,0.8588359825422991,0.2,,0.0027446212587001278,0.998975654716854
fair_selection,fair_selection,synthetic,scenario,synthetic_gamma2,neural_rep,29,2000,2000,0.4895,64.75171518325806,"{'latent_dim': 8, 'lr': 0.0005, 'weight_decay': 0.01, 'epochs': 400, 'dropout': 0.3}",5,0.16061759567796474,6,45.18388056755066,19.566635847091675,0.5968004719533355,0.15054180697303565,0.4550838082167402,-0.15054180697303562,0.9856623929546574,0.8351205859816218,0.8805240353483009,0.007637725037403897,0.8881617603857048,0.5493310393516055,0.23211034159521143,0.3596028539379676,0.9693963066073668,0.4895,0.0004725718615824881,0.9986822753388868,0.1525,0.1305,0.580108827993145,0.14231717390558257,0.9128818798365818,0.15,,0.0007786946020534828,0.9989221148820953
fair_selection,fair_selection,synthetic,scenario,synthetic_gamma3,s_learner,0,2000,2000,0.4965,12.005945444107056,"{'base_learner': 'gbm', 'n_estimators': 400, 'max_depth': 3, 'learning_rate': 0.05}",5,0.16855181136968075,6,7.81091046333313,4.168923377990723,0.7270930732930836,0.5615603454624367,0.5875336054171529,-0.5615603454624367,0.988634815670337,0.4270744702079002,0.9680262263955426,0.006615023380599272,0.9746412497761419,0.23417118073951587,0.46387399475642244,0.6089835652808079,1.2139938802320138,0.4965,3.383675965346559e-05,0.9999227731064358,0.224,0.236,0.6855085899209061,0.16616594811922064,1.0704719173082309,0.25,,3.025872896274123e-05,0.9999375487075144
fair_selection,fair_selection,synthetic,scenario,synthetic_gamma3,s_learner,1,2000,2000,0.509,12.529330253601074,"{'base_learner': 'gbm', 'n_estimators': 400, 'max_depth': 3, 'learning_rate': 0.05}",5,0.18737076014421725,6,8.18380355834961,4.318212270736694,0.8289407933881134,0.6526672084926344,0.6783145032475211,-0.6526672084926345,0.9947717733296532,0.34210456483701873,1.0559576236960024,0.007941627085853886,1.0638992507818563,0.28421846658499555,0.5087057791909331,0.7007675485765925,1.3848951195319568,0.509,0.00015604079960283816,0.9998862440250266,0.2225,0.2285,0.6839696061523933,0.15843115307765104,0.9912300883131849,0.25,,0.00012964513018455336,0.9999272376623307
fair_selection,fair_selection,synthetic,scenario,synthetic_gamma3,s_learner,2,2000,2000,0.5005,12.306256294250488,"{'base_learner': 'gbm', 'n_estimators': 400, 'max_depth': 3, 'learning_rate': 0.05}",5,0.16525310793227801,6,7.992413759231567,4.2879133224487305,0.7575661777450137,0.5705926990818216,0.6041360487538193,-0.5705926990818218,0.9804604494287746,0.409867750346953,0.9294569030774787,0.008189551421399766,0.9376464544988785,0.22478119505622454,0.42111897819521166,0.6274480302913319,1.293857505480879,0.5005,6.040285467036402e-05,0.999956545270345,0.2335,0.231,0.674950674950675,0.16145500472137542,1.063286298889053,0.2,,6.411588516600178e-05,0.9999562349884881
fair_selection,fair_selection,synthetic,scenario,synthetic_gamma3,s_learner,3,2000,2000,0.506,9.827178239822388,"{'base_learner': 'gbm', 'n_estimators': 200, 'max_depth': 3, 'learning_rate': 0.1}",4,0.17842551240361676,6,7.754162788391113,2.0588040351867676,0.7671580844766904,0.6147818340909188,0.6387710812937268,-0.6147818340909188,1.0087926713972664,0.3940108373063476,0.8870642049857215,0.015454211041594279,0.9025184160273158,0.29873776836483146,0.5945158194044042,0.6626658114092864,1.21338650681939,0.506,2.744139973475248e-05,0.9999148807738771,0.231,0.2525,0.6912315373413772,0.17766065236422243,1.1367176611426328,0.2,,2.4583428592421324e-05,0.999923881739039
fair_selection,fair_selection,synthetic,scenario,synthetic_gamma3,s_learner,4,2000,2000,0.489,11.76521611213684,"{'base_learner': 'gbm', 'n_estimators': 400, 'max_depth': 3, 'learning_rate': 0.05}",5,0.1600116146970409,6,7.699636936187744,4.0405988693237305,0.7920505529573243,0.6298044028705673,0.6585607882460486,-0.6298044028705673,0.9903193784566898,0.36051497558612255,0.9164202871713446,0.005915296513204549,0.9223355836845492,0.25313775477374717,0.5326605215985168,0.6962459995793193,1.294917706909713,0.489,1.0968836081616453e-05,0.9999785929082607,0.229,0.213,0.6801431893036229,0.15674844604185473,1.0124200144089188,0.2,,5.334438393435392e-06,0.9999868880489339
fair_selection,fair_selection,synthetic,scenario,synthetic_gamma3,s_learner,5,2000,2000,0.5055,9.665863752365112,"{'base_learner': 'gbm', 'n_estimators': 200, 'max_depth': 3, 'learning_rate': 0.1}",4,0.1970725387988368,6,7.601308107376099,2.050563097000122,0.7753889017018682,0.5898225690779048,0.6291531130791731,-0.5898225690779048,0.9664879542782492,0.3766653852003444,0.9687155156453173,0.0115528945522132,0.9802684101975305,0.2657016172081492,0.4840093251677298,0.6469541413286225,1.296726554949468,0.5055,1.2030353755529024e-05,0.9996899020050752,0.226,0.2355,0.6673007433899502,0.1686782205820595,1.0467255569174587,0.3,,2.3668391833659768e-05,0.9996109156327363
fair_selection,fair_selection,synthetic,scenario,synthetic_gamma3,s_learner,6,2000,2000,0.506,12.056978225708008,"{'base_learner': 'gbm', 'n_estimators': 400, 'max_depth': 3, 'learning_rate': 0.05}",5,0.1754166754620894,6,7.817842721939087,4.213426828384399,0.7942434752178291,0.6420610705325007,0.6699143830102732,-0.6420610705325008,1.003619649399195,0.3615585788666942,1.0262486942492506,0.009684783781459538,1.0359334780307101,0.25469608472385674,0.5414267037178065,0.7533361150603217,1.2640263123755802,0.506,4.415132484811301e-05,0.9998583275133368,0.219,0.227,0.6691283544830455,0.15652598756601604,1.0560349132753648,0.2,,1.9716230502898855e-05,0.9999033350218561
fair_selection,fair_selection,synthetic,scenario,synthetic_gamma3,s_learner,7,2000,2000,0.5095,9.847806453704834,"{'base_learner': 'gbm', 'n_estimators': 200, 'max_depth': 3, 'learning_rate': 0.1}",4,0.18023777907533237,6,7.716483116149902,2.1145060062408447,0.7615089562177345,0.6005576383790618,0.6263047903255681,-0.6005576383790618,0.9985860310672204,0.39802839268815865,0.9913027613266132,0.010948103205704829,1.002250864532318,0.3044546750768701,0.5217335893002184,0.6358681758866106,1.2451331804725454,0.5095,3.154261444584684e-05,0.9999273186685765,0.222,0.229,0.6871720691169512,0.17060548417801155,0.9864048263779975,0.2,,2.8609209202772686e-05,0.9999550052465405
fair_selection,fair_selection,synthetic,scenario,synthetic_gamma3,s_learner,8,2000,2000,0.5015,10.090710163116455,"{'base_learner': 'gbm', 'n_estimators': 200, 'max_depth': 3, 'learning_rate': 0.1}",4,0.16251916922994294,6,7.9089133739471436,2.167504072189331,0.7970776150210007,0.5846783274037541,0.6399074397085005,-0.5846783274037542,1.0063284488837538,0.42165012147999964,1.0323402360541523,0.009620260911455736,1.041960496965608,0.27917141776762,0.4237252986913825,0.6797999759242415,1.349712221532495,0.5015,4.1346334624324655e-05,0.9999420014298717,0.2145,0.2225,0.6681470133231199,0.16095760561629271,0.9804155971665184,0.25,,2.5966150330933505e-05,0.9999546164393236
fair_selection,fair_selection,synthetic,scenario,synthetic_gamma3,s_learner,9,2000,2000,0.4895,10.295669555664062,"{'base_learner': 'gbm', 'n_estimators': 200, 'max_depth': 3, 'learning_rate': 0.1}",4,0.1701582959051118,6,8.161112546920776,2.120786666870117,0.7990198139552013,0.6250402153755161,0.6450904627787989,-0.6250402153755162,1.000148146210073,0.3751079308345569,0.8979366793599961,0.009334020645113794,0.9072707000051099,0.2713550096105171,0.505059014671232,0.6727877846461441,1.3313035340077604,0.4895,6.120675119102716e-05,0.999943554126485,0.235,0.2145,0.6706947763963909,0.17355766944768275,0.9712809141096591,0.35,,5.1082230900718104e-05,0.9999540657592597
fair_selection,fair_selection,synthetic,scenario,synthetic_gamma3,s_learner,10,2000,2000,0.488,12.528272867202759,"{'base_learner': 'gbm', 'n_estimators': 400, 'max_depth': 3, 'learning_rate': 0.05}",5,0.17824487182429266,6,8.063049793243408,4.439121961593628,0.8352719900880136,0.6794170850772803,0.7020723827400284,-0.6794170850772803,1.0102761104198241,0.3308590253425438,1.0004029933330068,0.020929929193636676,1.0213329225266434,0.29041431891736075,0.561919803794615,0.7475827066279291,1.3534189831402577,0.488,2.4415213653132566e-05,0.999974510767797,0.259,0.2305,0.7101850665983607,0.18182048250214858,1.065365443045537,0.3,,4.499284045065504e-05,0.9999805910241221
fair_selection,fair_selection,synthetic,scenario,synthetic_gamma3,s_learner,11,2000,2000,0.486,12.936936378479004,"{'base_learner': 'gbm', 'n_estimators': 400, 'max_depth': 3, 'learning_rate': 0.05}",5,0.16987671321218173,6,8.530208826065063,4.379669189453125,0.7557728605996984,0.5908326794363981,0.6221274209786954,-0.5908326794363981,1.004209171295834,0.413376491859436,1.0191946912120529,0.00876742881838144,1.0279621200304343,0.3004369989651962,0.5396291680821226,0.648986652281363,1.2174254650879524,0.486,1.366496279408597e-05,0.9999475687846142,0.238,0.218,0.6783838529407055,0.16908359487558883,1.100808902910011,0.25,,1.3632500318128049e-05,0.9999562321069108
fair_selection,fair_selection,synthetic,scenario,synthetic_gamma3,s_learner,12,2000,2000,0.495,10.105102062225342,"{'base_learner': 'gbm', 'n_estimators': 200, 'max_depth': 3, 'learning_rate': 0.1}",4,0.18689529979471672,6,7.908382415771484,2.1821720600128174,0.8456939114542288,0.7042915141676471,0.7206070598840068,-0.7042915141676471,1.0076912717470716,0.30339975757942445,1.006628771207609,0.009703585780208579,1.0163323569878175,0.31810526669771977,0.5767594026023043,0.7782561101255094,1.349543561855018,0.495,6.545150708941226e-05,0.9999951636351606,0.252,0.249,0.7067406740674067,0.17048940215403913,1.130806940630529,0.25,,7.643558490900531e-05,0.9999901857782008
fair_selection,fair_selection,synthetic,scenario,synthetic_gamma3,s_learner,13,2000,2000,0.5045,12.236435413360596,"{'base_learner': 'gbm', 'n_estimators': 400, 'max_depth': 3, 'learning_rate': 0.05}",5,0.1555736968959201,6,8.017195224761963,4.1934027671813965,0.7405537092313167,0.5675116445845296,0.5973989930925458,-0.5675116445845294,0.9934729095450703,0.4259612649605407,0.9645156515395245,0.007464756106241088,0.9719804076457655,0.25754538772080415,0.46605419298021455,0.6089906704311062,1.2406745789376923,0.5045,5.801892595536132e-05,0.9999854566711026,0.211,0.222,0.6599714576880727,0.1747511311592182,1.07941316866891,0.2,,2.5275181495478224e-05,0.9999907115306089
fair_selection,fair_selection,synthetic,scenario,synthetic_gamma3,s_learner,14,2000,2000,0.503,10.006613492965698,"{'base_learner': 'gbm', 'n_estimators': 200, 'max_depth': 3, 'learning_rate': 0.1}",4,0.17996454849315477,6,7.863262176513672,2.1296939849853516,0.7614883617074422,0.5943447963508772,0.6166918866914414,-0.5943447963508773,0.9864716718243007,0.39212687547342345,0.824727862522469,0.028903304563098087,0.8536311670855671,0.3080472911143171,0.49636612672026587,0.5965246967060286,1.2737126524319249,0.503,1.7379481659865805e-05,0.9999724529307267,0.245,0.243,0.7239540623462445,0.1802147649666584,1.077048192523228,0.3,,1.5484724545685875e-05,0.9999581967777228
fair_selection,fair_selection,synthetic,scenario,synthetic_gamma3,s_learner,15,2000,2000,0.507,12.144942998886108,"{'base_learner': 'gbm', 'n_estimators': 400, 'max_depth': 3, 'learning_rate': 0.05}",5,0.186243206882886,6,7.8805153369903564,4.238146066665649,0.7510802691353653,0.613681133408595,0.6353691510836839,-0.6136811334085951,0.9872567721697856,0.3735756387611906,1.0495443360666699,0.0070212722019722396,1.056565608268642,0.28056611957628663,0.5740271803638886,0.6613000597509966,1.1878316220999205,0.507,1.4176420282614103e-05,0.999979787077582,0.247,0.2545,0.7244219867093951,0.17275982796734407,1.1520548891617657,0.2,,2.3656144021614383e-05,0.9999242181251706
fair_selection,fair_selection,synthetic,scenario,synthetic_gamma3,s_learner,16,2000,2000,0.5045,12.689265489578247,"{'base_learner': 'gbm', 'n_estimators': 400, 'max_depth': 3, 'learning_rate': 0.05}",5,0.18686745237292499,6,8.141995191574097,4.518850326538086,0.8256404851360555,0.6383985777792248,0.669539588536657,-0.6383985777792249,1.003893844164219,0.3654952663849941,1.0088172625888585,0.012572403492350004,1.0213896660812085,0.3006183728796792,0.5075015325093587,0.680389268677711,1.3841495852106593,0.5045,2.6536490756885364e-05,0.999958304298408,0.2345,0.245,0.6985885856754397,0.16670728387451028,1.0796666862600857,0.25,,3.5352728680659774e-05,0.9999426913004642
fair_selection,fair_selection,synthetic,scenario,synthetic_gamma3,s_learner,17,2000,2000,0.492,13.020719528198242,"{'base_learner': 'gbm', 'n_estimators': 400, 'max_depth': 3, 'learning_rate': 0.05}",5,0.16463501988749285,6,8.523744106292725,4.471276044845581,0.6737987796070422,0.5022609446251651,0.529575510801742,-0.5022609446251651,0.9793423811024536,0.47708143647728846,0.8922007340450944,0.00883354519527002,0.9010342792403644,0.2674535335280144,0.4741947720282293,0.5509462985375858,1.1027625688750804,0.492,4.138830781295117e-05,0.9999293890755063,0.2195,0.21,0.6598809295179566,0.162123182441912,1.0657376382249855,0.2,,1.4242362669893749e-05,0.9999673564634021
fair_selection,fair_selection,synthetic,scenario,synthetic_gamma3,s_learner,18,2000,2000,0.5145,10.004478216171265,"{'base_learner': 'gbm', 'n_estimators': 200, 'max_depth': 3, 'learning_rate': 0.1}",4,0.21880725162166442,6,7.907446622848511,2.0832712650299072,0.7638830587373807,0.5421145758803985,0.5818788325221779,-0.5421145758803985,0.9985727292068496,0.4564581533264511,1.0716430074847265,0.007825789259985116,1.0794687967447116,0.21228856518237924,0.373132533414911,0.5858739547361389,1.3440709417534182,0.5145,0.00014390839775563633,0.999889988619583,0.2185,0.2405,0.6887672532599917,0.16850428974003212,1.0870363550084587,0.25,,0.00010780619375363077,0.9999082058482736
fair_selection,fair_selection,synthetic,scenario,synthetic_gamma3,s_learner,19,2000,2000,0.4965,9.96262788772583,"{'base_learner': 'gbm', 'n_estimators': 200, 'max_depth': 3, 'learning_rate': 0.1}",4,0.17732257188063158,6,7.799400806427002,2.149974822998047,0.7655898539768901,0.5777347074347347,0.5996658068176698,-0.5777347074347348,1.0013442425231096,0.42360953508837496,0.9008081279479636,0.030687730420355774,0.9314958583683194,0.23515660851882217,0.4550477194151546,0.6346824096317655,1.2958867541102626,0.4965,1.1616644872874296e-05,0.999953428160507,0.246,0.231,0.7053565624715611,0.16720457830785232,1.0841878839584316,0.2,,1.8895351165923906e-05,0.9999498140078346
fair_selection,fair_selection,synthetic,scenario,synthetic_gamma3,s_learner,20,2000,2000,0.485,12.23454999923706,"{'base_learner': 'gbm', 'n_estimators': 400, 'max_depth': 3, 'learning_rate': 0.05}",5,0.17781557068849074,6,7.780679941177368,4.428762435913086,0.7821935929305508,0.6150227141339275,0.6460024638771976,-0.6150227141339276,0.9972729066129272,0.3822501924789998,1.018553498497084,0.01568807741275391,1.034241575909838,0.29761759710967867,0.5627282643456691,0.665468117086413,1.2646027513907492,0.485,0.0002907214484032489,0.9998640467523016,0.2435,0.213,0.6760684616154539,0.16364457830905402,1.0179913478722447,0.2,,0.00027135349405086164,0.9999003346415996
fair_selection,fair_selection,synthetic,scenario,synthetic_gamma3,s_learner,21,2000,2000,0.486,12.219869375228882,"{'base_learner': 'gbm', 'n_estimators': 400, 'max_depth': 3, 'learning_rate': 0.05}",5,0.18482449092851574,6,7.971890449523926,4.2197654247283936,0.7557946864735784,0.5961456172450312,0.6263772844746137,-0.5961456172450313,0.9942709486025046,0.3981253313574734,0.9759463246561927,0.010298517915515282,0.986244842571708,0.271287209849528,0.5686586322376221,0.6571520731430783,1.2066831377475313,0.486,5.128989108036472e-05,0.999971644304683,0.241,0.208,0.6597332308529887,0.16311919158322397,1.0228497568834798,0.25,,3.912301527430477e-05,0.9999850207982717
fair_selection,fair_selection,synthetic,scenario,synthetic_gamma3,s_learner,22,2000,2000,0.4995,11.72455358505249,"{'base_learner': 'gbm', 'n_estimators': 400, 'max_depth': 3, 'learning_rate': 0.05}",5,0.17768302854870258,6,7.6480162143707275,4.050423860549927,0.783680774082637,0.5922609290902294,0.6300611845424817,-0.5922609290902294,1.005694401834314,0.4134334727440845,1.0272800204314376,0.009328154523103427,1.036608174954541,0.2592656963174669,0.5076623120064083,0.6536908157047157,1.3055155364114497,0.4995,7.877399199491053e-05,0.9999388978236433,0.228,0.231,0.688033688033688,0.16275955137743917,1.00986553925477,0.2,,5.703357758186034e-05,0.9999149851826437
fair_selection,fair_selection,synthetic,scenario,synthetic_gamma3,s_learner,23,2000,2000,0.4945,12.171188831329346,"{'base_learner': 'gbm', 'n_estimators': 400, 'max_depth': 3, 'learning_rate': 0.05}",5,0.191098214540701,6,7.783904552459717,4.361076354980469,0.7551822125704133,0.5933067120108029,0.6173112929568012,-0.5933067120108031,0.9863786558371623,0.3930719438263594,0.9846577225349687,0.004000418490618718,0.9886581410255875,0.21903588551115813,0.4299705578221944,0.6736244963515764,1.262766540145279,0.4945,4.026427630657443e-05,0.9999724141487691,0.237,0.2265,0.6711922142579252,0.17112117958611323,1.0396525914773416,0.25,,1.777579926003965e-05,0.9999790436048887
fair_selection,fair_selection,synthetic,scenario,synthetic_gamma3,s_learner,24,2000,2000,0.495,12.59399676322937,"{'base_learner': 'gbm', 'n_estimators': 400, 'max_depth': 3, 'learning_rate': 0.05}",5,0.1888874679781155,6,8.14493703842163,4.420167684555054,0.7263462752441554,0.522997026304586,0.5620990128917707,-0.5229970263045859,0.9987093506981598,0.4757123243935738,0.9612135973477646,0.0070566004168706176,0.9682701977646352,0.2432353980287984,0.4806867529925226,0.5747912961066558,1.2205357015702332,0.495,4.6908833135535704e-05,0.9999858491846431,0.239,0.227,0.6913691369136914,0.17731960601004473,1.0671471226932119,0.25,,3.138727586210259e-05,0.9999890181346418
fair_selection,fair_selection,synthetic,scenario,synthetic_gamma3,s_learner,25,2000,2000,0.502,12.41342830657959,"{'base_learner': 'gbm', 'n_estimators': 400, 'max_depth': 3, 'learning_rate': 0.05}",5,0.1765664247655976,6,8.15011978149414,4.2353737354278564,0.7586506907185536,0.5606252272915049,0.6008662914836926,-0.560625227291505,0.9991239276584803,0.4384987003669754,0.9578866008388238,0.009385195572930383,0.9672717964117542,0.24544722398276494,0.45689447256848936,0.6308119192817669,1.278781805382968,0.502,7.207541283460327e-05,0.9999745771566306,0.2225,0.227,0.6751588025408407,0.17776320862466904,1.0757111646782058,0.3,,6.65373501376511e-05,0.9999843559405901
fair_selection,fair_selection,synthetic,scenario,synthetic_gamma3,s_learner,26,2000,2000,0.506,12.100380659103394,"{'base_learner': 'gbm', 'n_estimators': 400, 'max_depth': 3, 'learning_rate': 0.05}",5,0.14522693773600967,6,7.793227195739746,4.280465126037598,0.7822097058344981,0.5960053979858135,0.635510201437642,-0.5960053979858134,1.0171306539049356,0.42112525591912203,1.0191712024314858,0.005985454867210471,1.0251566572986963,0.24950315744974608,0.5260398046948702,0.6698221632102609,1.288323198416564,0.506,3.401765090035728e-05,0.9999571979406283,0.241,0.2525,0.7063657166631995,0.16623792206958884,1.0920660875585528,0.2,,4.302165151765471e-05,0.9999163854274681
fair_selection,fair_selection,synthetic,scenario,synthetic_gamma3,s_learner,27,2000,2000,0.5,12.464540958404541,"{'base_learner': 'gbm', 'n_estimators': 400, 'max_depth': 3, 'learning_rate': 0.05}",5,0.17849174998846695,6,8.044003963470459,4.3909454345703125,0.786054389866876,0.6155827906329314,0.6465711221052218,-0.6155827906329314,0.9959384935616975,0.38035570292876614,0.9474089282248306,0.015214293289903202,0.9626232215147338,0.26975172141354803,0.5039878148022616,0.6814986429026427,1.2962699974785623,0.5,6.436045612172977e-06,0.9999530757990165,0.2355,0.2425,0.685,0.1629947848137247,1.055593382358175,0.2,,5.387391805975887e-06,0.9999494896326261
fair_selection,fair_selection,synthetic,scenario,synthetic_gamma3,s_learner,28,2000,2000,0.5265,12.553866624832153,"{'base_learner': 'gbm', 'n_estimators': 400, 'max_depth': 3, 'learning_rate': 0.05}",5,0.17816911770641347,6,8.203583478927612,4.324317693710327,0.7143720878963689,0.5368557333931323,0.5736560674133176,-0.5368557333931323,0.9766359953808899,0.4397802619877576,0.8391072805548213,0.008880381697866313,0.8479876622526876,0.23789183752775508,0.4715753729640466,0.6124275468092731,1.177822805443303,0.5265,0.00019896770438223096,0.9999599224498552,0.206,0.241,0.6999060360552792,0.1663677030094058,0.9743353132888415,0.2,,0.00014409743527918383,0.9999671058906219
fair_selection,fair_selection,synthetic,scenario,synthetic_gamma3,s_learner,29,2000,2000,0.5,12.222391605377197,"{'base_learner': 'gbm', 'n_estimators': 400, 'max_depth': 3, 'learning_rate': 0.05}",5,0.1872320600478649,6,7.871760845184326,4.325524091720581,0.8215186031619832,0.6405076443770461,0.66868020334188,-0.6405076443770461,0.9856623929546574,0.34515474857761136,0.8804991552973408,0.007662605088364027,0.8881617603857048,0.23987118482214886,0.48212022963592455,0.713831641305602,1.3784184952704448,0.5,2.283379938215875e-05,0.9999587607164147,0.231,0.224,0.685,0.16093768471719655,1.0466221471322847,0.2,,2.1714686832355336e-05,0.999964490785374
fair_selection,fair_selection,synthetic,scenario,synthetic_gamma3,t_learner,0,2000,2000,0.4965,11.825179100036621,"{'base_learner': 'gbm', 'n_estimators': 400, 'max_depth': 3, 'learning_rate': 0.05}",5,0.17180525900430177,6,7.807446718215942,3.992032289505005,0.9924476526976573,0.4008157037865827,0.7805664183368849,-0.4008157037865828,0.988634815670337,0.5878191118837542,0.7986047877558078,0.17603646202033407,0.9746412497761419,1.096502034805099,0.9406629993702271,0.879510959834756,1.038800391892009,0.4965,3.383675965346559e-05,0.9999227731064358,0.224,0.236,0.6855085899209061,0.16616594811922064,1.0704719173082309,0.25,,3.025872896274123e-05,0.9999375487075144
fair_selection,fair_selection,synthetic,scenario,synthetic_gamma3,t_learner,1,2000,2000,0.509,9.518774032592773,"{'base_learner': 'gbm', 'n_estimators': 200, 'max_depth': 3, 'learning_rate': 0.1}",4,0.20596421657649194,6,7.547255516052246,1.9583525657653809,1.017555905571241,0.42645055859652037,0.8030066500364553,-0.4264505585965204,0.9947717733296532,0.5683212147331328,0.8582232226156074,0.20567602816624897,1.0638992507818563,1.000738786336261,0.874813424888142,0.9528582957653217,1.2111831014345218,0.509,0.00015604079960283816,0.9998862440250266,0.2225,0.2285,0.6839696061523933,0.15843115307765104,0.9912300883131849,0.25,,0.00012964513018455336,0.9999272376623307
fair_selection,fair_selection,synthetic,scenario,synthetic_gamma3,t_learner,2,2000,2000,0.5005,12.079919576644897,"{'base_learner': 'gbm', 'n_estimators': 400, 'max_depth': 3, 'learning_rate': 0.05}",5,0.17165519055561634,6,7.82963752746582,4.225031852722168,0.9676211914790301,0.33229312814866174,0.7609178135757311,-0.3322931281486618,0.9804604494287746,0.6481673212801129,0.7743281077548486,0.1633183467440299,0.9376464544988785,0.9971208070024667,0.8806917233030821,0.8343371635869666,1.1310069685917252,0.5005,6.040285467036402e-05,0.999956545270345,0.2335,0.231,0.674950674950675,0.16145500472137542,1.063286298889053,0.2,,6.411588516600178e-05,0.9999562349884881
fair_selection,fair_selection,synthetic,scenario,synthetic_gamma3,t_learner,3,2000,2000,0.506,9.854515075683594,"{'base_learner': 'gbm', 'n_estimators': 200, 'max_depth': 3, 'learning_rate': 0.1}",4,0.1878424916270191,6,7.788342714309692,2.0507936477661133,1.02848067159615,0.43526660150682484,0.8111298702289285,-0.43526660150682495,1.0087926713972664,0.5735260698904415,0.7127350470276348,0.18978336899968096,0.9025184160273158,1.060659441560511,0.9472532277274218,0.9626483302759573,1.1323034183437362,0.506,2.744139973475248e-05,0.9999148807738771,0.231,0.2525,0.6912315373413772,0.17766065236422243,1.1367176611426328,0.2,,2.4583428592421324e-05,0.999923881739039
fair_selection,fair_selection,synthetic,scenario,synthetic_gamma3,t_learner,4,2000,2000,0.489,9.942071199417114,"{'base_learner': 'gbm', 'n_estimators': 200, 'max_depth': 3, 'learning_rate': 0.1}",4,0.17868740787592569,6,7.884140729904175,2.044585943222046,1.0828829829966173,0.5074745475112086,0.8501142327961163,-0.5074745475112085,0.9903193784566898,0.4828448309454813,0.6982547541682114,0.2240808295163378,0.9223355836845492,1.0529011704658928,1.042135503877779,1.0072778978016317,1.217081005046046,0.489,1.0968836081616453e-05,0.9999785929082607,0.229,0.213,0.6801431893036229,0.15674844604185473,1.0124200144089188,0.2,,5.334438393435392e-06,0.9999868880489339
fair_selection,fair_selection,synthetic,scenario,synthetic_gamma3,t_learner,5,2000,2000,0.5055,12.357495546340942,"{'base_learner': 'gbm', 'n_estimators': 400, 'max_depth': 3, 'learning_rate': 0.05}",5,0.21438157216062328,6,7.834675550460815,4.497373580932617,0.9546904928043496,0.34011584793955996,0.745741780396969,-0.34011584793956,0.9664879542782492,0.6263721063386892,0.7919625278271442,0.18830588237038637,0.9802684101975305,0.8043230533880088,0.8487652186367478,0.891447318862457,1.2180802335306522,0.5055,1.2030353755529024e-05,0.9996899020050752,0.226,0.2355,0.6673007433899502,0.1686782205820595,1.0467255569174587,0.3,,2.3668391833659768e-05,0.9996109156327363
fair_selection,fair_selection,synthetic,scenario,synthetic_gamma3,t_learner,6,2000,2000,0.506,9.672464847564697,"{'base_learner': 'gbm', 'n_estimators': 200, 'max_depth': 3, 'learning_rate': 0.1}",4,0.1926128932117132,6,7.669186115264893,1.9901304244995117,0.9994150147786681,0.4397920861875675,0.7923636389520641,-0.4397920861875675,1.003619649399195,0.5638275632116274,0.8455619379648773,0.1903715400658328,1.0359334780307101,1.013749964479302,0.9870033455534168,0.8760699867198483,1.107229999057758,0.506,4.415132484811301e-05,0.9998583275133368,0.219,0.227,0.6691283544830455,0.15652598756601604,1.0560349132753648,0.2,,1.9716230502898855e-05,0.9999033350218561
fair_selection,fair_selection,synthetic,scenario,synthetic_gamma3,t_learner,7,2000,2000,0.5095,11.751393556594849,"{'base_learner': 'gbm', 'n_estimators': 400, 'max_depth': 3, 'learning_rate': 0.05}",5,0.1897382944764724,6,7.7067036628723145,4.017970323562622,0.9315996583181348,0.3637669331870722,0.7356939416609755,-0.36376693318707226,0.9985860310672204,0.6348190978801482,0.8520648493532788,0.1501860151790393,1.002250864532318,1.0104821877147256,0.8498294243839745,0.7917730356998827,1.0494393032543228,0.5095,3.154261444584684e-05,0.9999273186685765,0.222,0.229,0.6871720691169512,0.17060548417801155,0.9864048263779975,0.2,,2.8609209202772686e-05,0.9999550052465405
fair_selection,fair_selection,synthetic,scenario,synthetic_gamma3,t_learner,8,2000,2000,0.5015,13.065507650375366,"{'base_learner': 'gbm', 'n_estimators': 400, 'max_depth': 3, 'learning_rate': 0.05}",5,0.2041128279908564,6,8.615240573883057,4.422391414642334,0.9511461532693836,0.3366868018384097,0.7400396285675167,-0.3366868018384096,1.0063284488837538,0.6696416470453441,0.8786983364093376,0.1632621605562704,1.041960496965608,0.9296648158799602,0.8799146883794867,0.8596186243117591,1.1141118936362957,0.5015,4.1346334624324655e-05,0.9999420014298717,0.2145,0.2225,0.6681470133231199,0.16095760561629271,0.9804155971665184,0.25,,2.5966150330933505e-05,0.9999546164393236
fair_selection,fair_selection,synthetic,scenario,synthetic_gamma3,t_learner,9,2000,2000,0.4895,12.410183191299438,"{'base_learner': 'gbm', 'n_estimators': 400, 'max_depth': 3, 'learning_rate': 0.05}",5,0.18091127363135512,6,8.28332781791687,4.100036859512329,1.0100122606199529,0.49641786874044425,0.8043228643925083,-0.4964178687404444,1.000148146210073,0.5037302774696287,0.696687611211517,0.2105830887935929,0.9072707000051099,1.0146396867521505,0.916771307509273,0.9845777691765484,1.114065688659819,0.4895,6.120675119102716e-05,0.999943554126485,0.235,0.2145,0.6706947763963909,0.17355766944768275,0.9712809141096591,0.35,,5.1082230900718104e-05,0.9999540657592597
fair_selection,fair_selection,synthetic,scenario,synthetic_gamma3,t_learner,10,2000,2000,0.488,11.843521356582642,"{'base_learner': 'gbm', 'n_estimators': 400, 'max_depth': 3, 'learning_rate': 0.05}",5,0.19619872935475635,6,7.83210563659668,3.9854164123535156,0.9852166179764696,0.3869188889024897,0.7858110499978637,-0.3869188889024896,1.0102761104198241,0.6233572215173344,0.8275322098081181,0.19380071271852528,1.0213329225266434,0.8511939075888854,0.9040887301760469,0.9446441453080637,1.2034729227263057,0.488,2.4415213653132566e-05,0.999974510767797,0.259,0.2305,0.7101850665983607,0.18182048250214858,1.065365443045537,0.3,,4.499284045065504e-05,0.9999805910241221
fair_selection,fair_selection,synthetic,scenario,synthetic_gamma3,t_learner,11,2000,2000,0.486,12.361883640289307,"{'base_learner': 'gbm', 'n_estimators': 400, 'max_depth': 3, 'learning_rate': 0.05}",5,0.1854191754264091,6,7.753753423690796,4.568638563156128,0.9846098928170642,0.41766996058365036,0.777493264096805,-0.4176699605836502,1.004209171295834,0.5865392107121837,0.8404009805229739,0.18756113950746045,1.0279621200304343,0.935466277751314,0.9444392574118475,0.9386393292527234,1.1089274574842034,0.486,1.366496279408597e-05,0.9999475687846142,0.238,0.218,0.6783838529407055,0.16908359487558883,1.100808902910011,0.25,,1.3632500318128049e-05,0.9999562321069108
fair_selection,fair_selection,synthetic,scenario,synthetic_gamma3,t_learner,12,2000,2000,0.495,10.407248258590698,"{'base_learner': 'gbm', 'n_estimators': 200, 'max_depth': 3, 'learning_rate': 0.1}",4,0.2126036362595059,6,8.303552865982056,2.089146375656128,0.9814303668649491,0.4900590230014934,0.7808081286818126,-0.49005902300149334,1.0076912717470716,0.5176322487455782,0.8238651503898627,0.1924672065979548,1.0163323569878175,1.0314895170077365,0.9142499152327633,0.8916407028149353,1.0760927403817915,0.495,6.545150708941226e-05,0.9999951636351606,0.252,0.249,0.7067406740674067,0.17048940215403913,1.130806940630529,0.25,,7.643558490900531e-05,0.9999901857782008
fair_selection,fair_selection,synthetic,scenario,synthetic_gamma3,t_learner,13,2000,2000,0.5045,10.112531900405884,"{'base_learner': 'gbm', 'n_estimators': 200, 'max_depth': 3, 'learning_rate': 0.1}",4,0.17364522643602912,6,8.019919633865356,2.079066753387451,0.939814858566265,0.2452819226058207,0.7330372254605816,-0.24528192260582057,0.9934729095450703,0.7481909869392496,0.8182520901092757,0.15372831753648986,0.9719804076457655,0.8389350023336443,0.8278981435712933,0.8293136555035521,1.2066563139741595,0.5045,5.801892595536132e-05,0.9999854566711026,0.211,0.222,0.6599714576880727,0.1747511311592182,1.07941316866891,0.2,,2.5275181495478224e-05,0.9999907115306089
fair_selection,fair_selection,synthetic,scenario,synthetic_gamma3,t_learner,14,2000,2000,0.503,11.91789722442627,"{'base_learner': 'gbm', 'n_estimators': 400, 'max_depth': 3, 'learning_rate': 0.05}",5,0.20190780547858814,6,7.7855589389801025,4.107004642486572,0.9388222225098878,0.2104477988665373,0.7432356297167215,-0.21044779886653725,0.9864716718243007,0.7760238729577634,0.7270497305722151,0.12658143651335196,0.8536311670855671,1.0543429736266932,0.8039829582083164,0.847345366719729,1.0244641469016162,0.503,1.7379481659865805e-05,0.9999724529307267,0.245,0.243,0.7239540623462445,0.1802147649666584,1.077048192523228,0.3,,1.5484724545685875e-05,0.9999581967777228
fair_selection,fair_selection,synthetic,scenario,synthetic_gamma3,t_learner,15,2000,2000,0.507,12.482040643692017,"{'base_learner': 'gbm', 'n_estimators': 400, 'max_depth': 3, 'learning_rate': 0.05}",5,0.2016463246626642,6,8.16572117805481,4.288917541503906,1.0142722532033315,0.4753628850917998,0.8086490314430553,-0.4753628850917998,0.9872567721697856,0.5118938870779858,0.8429266679174866,0.2136389403511555,1.056565608268642,0.9573291510535329,0.9751168903785163,0.995382163799297,1.1211044148983338,0.507,1.4176420282614103e-05,0.999979787077582,0.247,0.2545,0.7244219867093951,0.17275982796734407,1.1520548891617657,0.2,,2.3656144021614383e-05,0.9999242181251706
fair_selection,fair_selection,synthetic,scenario,synthetic_gamma3,t_learner,16,2000,2000,0.5045,12.27851414680481,"{'base_learner': 'gbm', 'n_estimators': 400, 'max_depth': 3, 'learning_rate': 0.05}",5,0.19772940905504485,6,8.094889640808105,4.157777786254883,0.9826658066203898,0.3740760865773036,0.778137448771354,-0.37407608657730373,1.003893844164219,0.6298177575869153,0.8467869634607832,0.17460270262042532,1.0213896660812085,1.0111699333139783,0.8773871516605813,0.8871750062624031,1.1327735918221467,0.5045,2.6536490756885364e-05,0.999958304298408,0.2345,0.245,0.6985885856754397,0.16670728387451028,1.0796666862600857,0.25,,3.5352728680659774e-05,0.9999426913004642
fair_selection,fair_selection,synthetic,scenario,synthetic_gamma3,t_learner,17,2000,2000,0.492,10.04486894607544,"{'base_learner': 'gbm', 'n_estimators': 200, 'max_depth': 3, 'learning_rate': 0.1}",4,0.17930721173831263,6,7.7396018505096436,2.2891428470611572,0.9791723688011039,0.36111780119609715,0.7686875000427392,-0.36111780119609715,0.9793423811024536,0.6182245799063565,0.7241085203837201,0.1769257588566443,0.9010342792403644,0.9297405639052647,0.9893331662003046,0.8870681519752802,1.0977370245785747,0.492,4.138830781295117e-05,0.9999293890755063,0.2195,0.21,0.6598809295179566,0.162123182441912,1.0657376382249855,0.2,,1.4242362669893749e-05,0.9999673564634021
fair_selection,fair_selection,synthetic,scenario,synthetic_gamma3,t_learner,18,2000,2000,0.5145,12.332376718521118,"{'base_learner': 'gbm', 'n_estimators': 400, 'max_depth': 3, 'learning_rate': 0.05}",5,0.24229545768102098,6,8.148833990097046,4.15791654586792,0.9839429288079207,0.16877687753210768,0.7736264704460173,-0.16877687753210768,0.9985727292068496,0.8297958516747419,0.9201905267732157,0.15927826997149597,1.0794687967447116,0.895784507512876,0.8869769068869429,0.8444039639590932,1.2531555278590887,0.5145,0.00014390839775563633,0.999889988619583,0.2185,0.2405,0.6887672532599917,0.16850428974003212,1.0870363550084587,0.25,,0.00010780619375363077,0.9999082058482736
fair_selection,fair_selection,synthetic,scenario,synthetic_gamma3,t_learner,19,2000,2000,0.4965,11.99847960472107,"{'base_learner': 'gbm', 'n_estimators': 400, 'max_depth': 3, 'learning_rate': 0.05}",5,0.20975899283179733,6,7.853433609008789,4.119333982467651,0.9254833167920135,0.3827956675444232,0.7202804979411939,-0.3827956675444233,1.0013442425231096,0.6185485749786864,0.7691809588886401,0.16231489947967925,0.9314958583683194,0.885658468945519,0.82812579397528,0.8410695758659645,1.117361263393323,0.4965,1.1616644872874296e-05,0.999953428160507,0.246,0.231,0.7053565624715611,0.16720457830785232,1.0841878839584316,0.2,,1.8895351165923906e-05,0.9999498140078346
fair_selection,fair_selection,synthetic,scenario,synthetic_gamma3,t_learner,20,2000,2000,0.485,12.297837495803833,"{'base_learner': 'gbm', 'n_estimators': 400, 'max_depth': 3, 'learning_rate': 0.05}",5,0.19310877276729704,6,7.872669219970703,4.398122072219849,0.962592305415984,0.4068360948200972,0.7647848931245437,-0.40683609482009725,0.9972729066129272,0.59043681179283,0.8522027311838487,0.1820388447259893,1.034241575909838,0.9594636434261228,0.8624755227297706,0.9211643218809199,1.0924090660157393,0.485,0.0002907214484032489,0.9998640467523016,0.2435,0.213,0.6760684616154539,0.16364457830905402,1.0179913478722447,0.2,,0.00027135349405086164,0.9999003346415996
fair_selection,fair_selection,synthetic,scenario,synthetic_gamma3,t_learner,21,2000,2000,0.486,11.86641788482666,"{'base_learner': 'gbm', 'n_estimators': 400, 'max_depth': 3, 'learning_rate': 0.05}",5,0.19343747686064428,6,7.88165545463562,3.9569404125213623,0.9721560488142145,0.36749287874820513,0.7717715715851662,-0.3674928787482052,0.9942709486025046,0.6267780698542995,0.7948271394370147,0.1914177031346933,0.986244842571708,0.9396188073976167,1.0108848353639044,0.8722703684205722,1.0558040934641586,0.486,5.128989108036472e-05,0.999971644304683,0.241,0.208,0.6597332308529887,0.16311919158322397,1.0228497568834798,0.25,,3.912301527430477e-05,0.9999850207982717
fair_selection,fair_selection,synthetic,scenario,synthetic_gamma3,t_learner,22,2000,2000,0.4995,9.32743787765503,"{'base_learner': 'gbm', 'n_estimators': 200, 'max_depth': 3, 'learning_rate': 0.1}",4,0.1974454926233383,6,7.364625453948975,1.949643850326538,1.0485912370022206,0.41057689240869555,0.8291115441697652,-0.41057689240869566,1.005694401834314,0.5951175094256184,0.8324478771529428,0.20416029780159828,1.036608174954541,0.9702834575891026,0.9326700008677842,1.0099289858769314,1.2517565474832577,0.4995,7.877399199491053e-05,0.9999388978236433,0.228,0.231,0.688033688033688,0.16275955137743917,1.00986553925477,0.2,,5.703357758186034e-05,0.9999149851826437
fair_selection,fair_selection,synthetic,scenario,synthetic_gamma3,t_learner,23,2000,2000,0.4945,11.858090877532959,"{'base_learner': 'gbm', 'n_estimators': 400, 'max_depth': 3, 'learning_rate': 0.05}",5,0.1910786994421722,6,7.754416465759277,4.078813314437866,0.989178175225641,0.22317875382194796,0.7778691934685048,-0.22317875382194816,0.9863786558371623,0.7631999020152144,0.8228154600796783,0.16584268094590915,0.9886581410255875,0.873724761764852,0.9012676267890896,0.9478420348111655,1.1999212607487457,0.4945,4.026427630657443e-05,0.9999724141487691,0.237,0.2265,0.6711922142579252,0.17112117958611323,1.0396525914773416,0.25,,1.777579926003965e-05,0.9999790436048887
fair_selection,fair_selection,synthetic,scenario,synthetic_gamma3,t_learner,24,2000,2000,0.495,11.649969816207886,"{'base_learner': 'gbm', 'n_estimators': 400, 'max_depth': 3, 'learning_rate': 0.05}",5,0.21292006292339655,6,7.6985085010528564,3.9262609481811523,0.8972372020604212,0.18107510495155,0.7029487930906996,-0.18107510495154996,0.9987093506981598,0.8176342457466098,0.8315650962881079,0.13670510147652726,0.9682701977646352,0.8674811880016939,0.8302674031665099,0.8006320850762504,1.0664234989410248,0.495,4.6908833135535704e-05,0.9999858491846431,0.239,0.227,0.6913691369136914,0.17731960601004473,1.0671471226932119,0.25,,3.138727586210259e-05,0.9999890181346418
fair_selection,fair_selection,synthetic,scenario,synthetic_gamma3,t_learner,25,2000,2000,0.502,11.612581014633179,"{'base_learner': 'gbm', 'n_estimators': 400, 'max_depth': 3, 'learning_rate': 0.05}",5,0.18584137551862395,6,7.554941177368164,4.030191421508789,1.017092958429008,0.40252595645090206,0.7922674037162324,-0.40252595645090206,0.9991239276584803,0.5965979712075783,0.7545199608407429,0.2127518355710113,0.9672717964117542,0.923731498881039,0.9674489815754984,0.9049380536378412,1.2368354981343164,0.502,7.207541283460327e-05,0.9999745771566306,0.2225,0.227,0.6751588025408407,0.17776320862466904,1.0757111646782058,0.3,,6.65373501376511e-05,0.9999843559405901
fair_selection,fair_selection,synthetic,scenario,synthetic_gamma3,t_learner,26,2000,2000,0.506,11.64299726486206,"{'base_learner': 'gbm', 'n_estimators': 400, 'max_depth': 3, 'learning_rate': 0.05}",5,0.17045465388141867,6,7.651362657546997,3.9666035175323486,0.9729274557487301,0.2110455903155023,0.7692029337411406,-0.21104559031550216,1.0171306539049356,0.8060850635894333,0.871131767989051,0.1540248893096453,1.0251566572986963,0.9008172014824818,0.9140420628352592,0.8811786910520153,1.1674463276381402,0.506,3.401765090035728e-05,0.9999571979406283,0.241,0.2525,0.7063657166631995,0.16623792206958884,1.0920660875585528,0.2,,4.302165151765471e-05,0.9999163854274681
fair_selection,fair_selection,synthetic,scenario,synthetic_gamma3,t_learner,27,2000,2000,0.5,9.859168529510498,"{'base_learner': 'gbm', 'n_estimators': 200, 'max_depth': 3, 'learning_rate': 0.1}",4,0.18458595592400395,6,7.841143369674683,2.0048227310180664,1.048482204321445,0.46110446606105515,0.8283365652751563,-0.46110446606105504,0.9959384935616975,0.5348340275006424,0.7576904608804557,0.20493276063427812,0.9626232215147338,1.0550466935700864,0.9943820393858515,0.9172548558164604,1.205812628367199,0.5,6.436045612172977e-06,0.9999530757990165,0.2355,0.2425,0.685,0.1629947848137247,1.055593382358175,0.2,,5.387391805975887e-06,0.9999494896326261
fair_selection,fair_selection,synthetic,scenario,synthetic_gamma3,t_learner,28,2000,2000,0.5265,9.909241199493408,"{'base_learner': 'gbm', 'n_estimators': 200, 'max_depth': 3, 'learning_rate': 0.1}",4,0.19087423941211967,6,7.884376525878906,2.0115883350372314,0.9937035212006642,0.22655334477812838,0.7924376013953537,-0.2265533447781284,0.9766359953808899,0.7500826506027615,0.6824655766866323,0.1655220855660553,0.8479876622526876,0.8533298168793951,0.9643951637664748,0.9630902942757801,1.167910111689508,0.5265,0.00019896770438223096,0.9999599224498552,0.206,0.241,0.6999060360552792,0.1663677030094058,0.9743353132888415,0.2,,0.00014409743527918383,0.9999671058906219
fair_selection,fair_selection,synthetic,scenario,synthetic_gamma3,t_learner,29,2000,2000,0.5,12.38908076286316,"{'base_learner': 'gbm', 'n_estimators': 400, 'max_depth': 3, 'learning_rate': 0.05}",5,0.22021255423169045,6,7.912016868591309,4.448855876922607,0.9513431486914374,0.3290667269159603,0.7560965265562501,-0.32906672691596006,0.9856623929546574,0.6565956660386971,0.7239642182724404,0.16419754211326443,0.8881617603857048,0.8857396199506682,0.8183727862910759,0.933461805629198,1.1378029319648715,0.5,2.283379938215875e-05,0.9999587607164147,0.231,0.224,0.685,0.16093768471719655,1.0466221471322847,0.2,,2.1714686832355336e-05,0.999964490785374
fair_selection,fair_selection,synthetic,scenario,synthetic_gamma3,x_learner,0,2000,2000,0.4965,23.56297278404236,"{'base_learner': 'gbm', 'n_estimators': 400, 'max_depth': 3, 'learning_rate': 0.05}",5,0.17180525900430177,6,17.404237985610962,6.146313428878784,0.6614585157271171,0.01087638740950414,0.5077142082482339,0.010876387409504048,0.988634815670337,0.9995112030798411,0.9382362970443692,0.03640495273177269,0.9746412497761419,0.7305614768020274,0.5215210268894569,0.5872107543196377,0.7743311625190172,0.4965,3.383675965346559e-05,0.9999227731064358,0.224,0.236,0.6855085899209061,0.16616594811922064,1.0704719173082309,0.25,,3.025872896274123e-05,0.9999375487075144
fair_selection,fair_selection,synthetic,scenario,synthetic_gamma3,x_learner,1,2000,2000,0.509,21.86235499382019,"{'base_learner': 'gbm', 'n_estimators': 200, 'max_depth': 3, 'learning_rate': 0.1}",4,0.20596421657649194,6,17.68403911590576,4.166392803192139,0.6109934721261718,0.15821417165655072,0.4658017995318787,-0.15821417165655077,0.9947717733296532,0.8365576016731024,1.0154348316296629,0.04846441915219346,1.0638992507818563,0.5663021405557067,0.506522270950572,0.5376882373705485,0.7917578707847703,0.509,0.00015604079960283816,0.9998862440250266,0.2225,0.2285,0.6839696061523933,0.15843115307765104,0.9912300883131849,0.25,,0.00012964513018455336,0.9999272376623307
fair_selection,fair_selection,synthetic,scenario,synthetic_gamma3,x_learner,2,2000,2000,0.5005,23.947361707687378,"{'base_learner': 'gbm', 'n_estimators': 400, 'max_depth': 3, 'learning_rate': 0.05}",5,0.17165519055561634,6,17.703737497329712,6.231061220169067,0.5650805257596292,0.04460757881553268,0.42635703847187456,-0.044607578815532754,0.9804604494287746,0.935852870613242,0.9150356474668543,0.022610807032024227,0.9376464544988785,0.5924237733105918,0.4488827656440842,0.48173359521500086,0.70195091077404,0.5005,6.040285467036402e-05,0.999956545270345,0.2335,0.231,0.674950674950675,0.16145500472137542,1.063286298889053,0.2,,6.411588516600178e-05,0.9999562349884881
fair_selection,fair_selection,synthetic,scenario,synthetic_gamma3,x_learner,3,2000,2000,0.506,22.060373067855835,"{'base_learner': 'gbm', 'n_estimators': 200, 'max_depth': 3, 'learning_rate': 0.1}",4,0.1878424916270191,6,17.75029730796814,4.297678232192993,0.6136452734053481,0.18366350473596882,0.4681608255704697,-0.18366350473596896,1.0087926713972664,0.8251291666612975,0.8517506249228681,0.050767791104447624,0.9025184160273158,0.5523977597455091,0.5117402327358948,0.5335823944887553,0.8090182716169639,0.506,2.744139973475248e-05,0.9999148807738771,0.231,0.2525,0.6912315373413772,0.17766065236422243,1.1367176611426328,0.2,,2.4583428592421324e-05,0.999923881739039
fair_selection,fair_selection,synthetic,scenario,synthetic_gamma3,x_learner,4,2000,2000,0.489,21.75627565383911,"{'base_learner': 'gbm', 'n_estimators': 200, 'max_depth': 3, 'learning_rate': 0.1}",4,0.17868740787592569,6,17.653527975082397,4.090178728103638,0.6251872688061444,0.10695915011064006,0.47723198218429536,-0.10695915011064003,0.9903193784566898,0.8833602283460498,0.8701546128924865,0.05218097079206263,0.9223355836845492,0.6718530887895034,0.5344615858706634,0.5516722352078968,0.7225361371741119,0.489,1.0968836081616453e-05,0.9999785929082607,0.229,0.213,0.6801431893036229,0.15674844604185473,1.0124200144089188,0.2,,5.334438393435392e-06,0.9999868880489339
fair_selection,fair_selection,synthetic,scenario,synthetic_gamma3,x_learner,5,2000,2000,0.5055,23.785385370254517,"{'base_learner': 'gbm', 'n_estimators': 400, 'max_depth': 3, 'learning_rate': 0.05}",5,0.21438157216062328,6,17.50270414352417,6.270174980163574,0.6265326723407345,0.09537517445271737,0.4612809997299771,-0.09537517445271743,0.9664879542782492,0.8711127798255318,0.9339793389324216,0.04628907126510895,0.9802684101975305,0.5744097007478056,0.4938723313996002,0.5223220164609721,0.8505857306154229,0.5055,1.2030353755529024e-05,0.9996899020050752,0.226,0.2355,0.6673007433899502,0.1686782205820595,1.0467255569174587,0.3,,2.3668391833659768e-05,0.9996109156327363
fair_selection,fair_selection,synthetic,scenario,synthetic_gamma3,x_learner,6,2000,2000,0.506,22.304863214492798,"{'base_learner': 'gbm', 'n_estimators': 200, 'max_depth': 3, 'learning_rate': 0.1}",4,0.1926128932117132,6,17.93513250350952,4.35784912109375,0.6011906318024509,0.14735063653695368,0.4554949983577575,-0.1473506365369538,1.003619649399195,0.8562690128622412,0.9820457822124913,0.05388769581821884,1.0359334780307101,0.4878189341324517,0.55272703009098,0.5603741973162731,0.7669595685294933,0.506,4.415132484811301e-05,0.9998583275133368,0.219,0.227,0.6691283544830455,0.15652598756601604,1.0560349132753648,0.2,,1.9716230502898855e-05,0.9999033350218561
fair_selection,fair_selection,synthetic,scenario,synthetic_gamma3,x_learner,7,2000,2000,0.5095,24.207041263580322,"{'base_learner': 'gbm', 'n_estimators': 400, 'max_depth': 3, 'learning_rate': 0.05}",5,0.1897382944764724,6,18.190378427505493,6.004115581512451,0.655200738537693,0.12409058829142039,0.49846769504555677,-0.12409058829142049,0.9985860310672204,0.8744954427758,0.9495049914031877,0.05274587312913037,1.002250864532318,0.6049753024787005,0.5437224853200219,0.5625828914673687,0.8596646228022831,0.5095,3.154261444584684e-05,0.9999273186685765,0.222,0.229,0.6871720691169512,0.17060548417801155,0.9864048263779975,0.2,,2.8609209202772686e-05,0.9999550052465405
fair_selection,fair_selection,synthetic,scenario,synthetic_gamma3,x_learner,8,2000,2000,0.5015,23.788576126098633,"{'base_learner': 'gbm', 'n_estimators': 400, 'max_depth': 3, 'learning_rate': 0.05}",5,0.2041128279908564,6,17.723637580871582,6.051224946975708,0.6626839505409401,0.07950853019111603,0.5020326965288756,-0.07950853019111605,1.0063284488837538,0.9268199186926378,1.0008016183580497,0.04115887860755829,1.041960496965608,0.6982611066615642,0.5492285005915187,0.5422055621809028,0.8206050710421182,0.5015,4.1346334624324655e-05,0.9999420014298717,0.2145,0.2225,0.6681470133231199,0.16095760561629271,0.9804155971665184,0.25,,2.5966150330933505e-05,0.9999546164393236
fair_selection,fair_selection,synthetic,scenario,synthetic_gamma3,x_learner,9,2000,2000,0.4895,24.389065980911255,"{'base_learner': 'gbm', 'n_estimators': 400, 'max_depth': 3, 'learning_rate': 0.05}",5,0.18091127363135512,6,18.24468493461609,6.132453441619873,0.6568779831594463,0.19420458230996218,0.4927444819369985,-0.1942045823099622,1.000148146210073,0.8059435639001108,0.85073554911368,0.05653515089142991,0.9072707000051099,0.576452155260508,0.5127872591096346,0.5386877611951698,0.9168000733897042,0.4895,6.120675119102716e-05,0.999943554126485,0.235,0.2145,0.6706947763963909,0.17355766944768275,0.9712809141096591,0.35,,5.1082230900718104e-05,0.9999540657592597
fair_selection,fair_selection,synthetic,scenario,synthetic_gamma3,x_learner,10,2000,2000,0.488,24.048178911209106,"{'base_learner': 'gbm', 'n_estimators': 400, 'max_depth': 3, 'learning_rate': 0.05}",5,0.19619872935475635,6,17.646284103393555,6.389633655548096,0.6898557376404395,0.14089219787249585,0.5241273043151254,-0.14089219787249588,1.0102761104198241,0.8693839125473283,0.9586108350678221,0.06272208745882135,1.0213329225266434,0.6554460989094123,0.5703519795180965,0.5598507004626535,0.9139255872867537,0.488,2.4415213653132566e-05,0.999974510767797,0.259,0.2305,0.7101850665983607,0.18182048250214858,1.065365443045537,0.3,,4.499284045065504e-05,0.9999805910241221
fair_selection,fair_selection,synthetic,scenario,synthetic_gamma3,x_learner,11,2000,2000,0.486,24.37030053138733,"{'base_learner': 'gbm', 'n_estimators': 400, 'max_depth': 3, 'learning_rate': 0.05}",5,0.1854191754264091,6,18.004764556884766,6.352794408798218,0.6234445448654538,0.14708136805410033,0.4830374962668054,-0.1470813680541003,1.004209171295834,0.8571278032417338,0.9868052274226341,0.0411568926078002,1.0279621200304343,0.6718459097578106,0.5053771136472195,0.48918209879778735,0.7801604468627388,0.486,1.366496279408597e-05,0.9999475687846142,0.238,0.218,0.6783838529407055,0.16908359487558883,1.100808902910011,0.25,,1.3632500318128049e-05,0.9999562321069108
fair_selection,fair_selection,synthetic,scenario,synthetic_gamma3,x_learner,12,2000,2000,0.495,21.756417512893677,"{'base_learner': 'gbm', 'n_estimators': 200, 'max_depth': 3, 'learning_rate': 0.1}",4,0.2126036362595059,6,17.798311471939087,3.9461002349853516,0.6348715320183396,0.22859860647876173,0.4888837763006612,-0.22859860647876165,1.0076912717470716,0.7790926652683099,0.9527476981489087,0.06358465883890885,1.0163323569878175,0.6014799325959362,0.5329037467577488,0.583026649277182,0.7915572387880849,0.495,6.545150708941226e-05,0.9999951636351606,0.252,0.249,0.7067406740674067,0.17048940215403913,1.130806940630529,0.25,,7.643558490900531e-05,0.9999901857782008
fair_selection,fair_selection,synthetic,scenario,synthetic_gamma3,x_learner,13,2000,2000,0.5045,22.22317409515381,"{'base_learner': 'gbm', 'n_estimators': 200, 'max_depth': 3, 'learning_rate': 0.1}",4,0.17364522643602912,6,18.05254554748535,4.158396482467651,0.5867491778955037,0.025801472021385274,0.44849142869108904,-0.025801472021385233,0.9934729095450703,0.967671437523685,0.9399254273286394,0.03205498031712617,0.9719804076457655,0.6359595169652418,0.46666359227959847,0.495497976593445,0.7136951244460318,0.5045,5.801892595536132e-05,0.9999854566711026,0.211,0.222,0.6599714576880727,0.1747511311592182,1.07941316866891,0.2,,2.5275181495478224e-05,0.9999907115306089
fair_selection,fair_selection,synthetic,scenario,synthetic_gamma3,x_learner,14,2000,2000,0.503,23.67375922203064,"{'base_learner': 'gbm', 'n_estimators': 400, 'max_depth': 3, 'learning_rate': 0.05}",5,0.20190780547858814,6,17.303210735321045,6.358429431915283,0.6405392569846792,0.11446291995282631,0.4787076238474911,-0.11446291995282638,0.9864716718243007,0.8720087518714744,0.7888289049589182,0.06480226212664886,0.8536311670855671,0.6190077153313545,0.5367972803497514,0.5637420046625422,0.8074869901752999,0.503,1.7379481659865805e-05,0.9999724529307267,0.245,0.243,0.7239540623462445,0.1802147649666584,1.077048192523228,0.3,,1.5484724545685875e-05,0.9999581967777228
fair_selection,fair_selection,synthetic,scenario,synthetic_gamma3,x_learner,15,2000,2000,0.507,23.846940994262695,"{'base_learner': 'gbm', 'n_estimators': 400, 'max_depth': 3, 'learning_rate': 0.05}",5,0.2016463246626642,6,17.722872972488403,6.110509157180786,0.5908114157372967,0.09946119799450204,0.45347651643209724,-0.09946119799450212,0.9872567721697856,0.8877955741752835,1.0117637012063827,0.044801907062259394,1.056565608268642,0.5910231771680959,0.5146646080881625,0.5370714327190382,0.7025658241408719,0.507,1.4176420282614103e-05,0.999979787077582,0.247,0.2545,0.7244219867093951,0.17275982796734407,1.1520548891617657,0.2,,2.3656144021614383e-05,0.9999242181251706
fair_selection,fair_selection,synthetic,scenario,synthetic_gamma3,x_learner,16,2000,2000,0.5045,23.63127899169922,"{'base_learner': 'gbm', 'n_estimators': 400, 'max_depth': 3, 'learning_rate': 0.05}",5,0.19772940905504485,6,17.445774793624878,6.172667026519775,0.6871606389328387,0.18747807783864467,0.5157730333722033,-0.1874780778386448,1.003893844164219,0.8164157663255742,0.9587509043700664,0.06263876171114213,1.0213896660812085,0.5781336677107044,0.5345738812733909,0.5807214388908621,0.9651496324024306,0.5045,2.6536490756885364e-05,0.999958304298408,0.2345,0.245,0.6985885856754397,0.16670728387451028,1.0796666862600857,0.25,,3.5352728680659774e-05,0.9999426913004642
fair_selection,fair_selection,synthetic,scenario,synthetic_gamma3,x_learner,17,2000,2000,0.492,21.588554620742798,"{'base_learner': 'gbm', 'n_estimators': 200, 'max_depth': 3, 'learning_rate': 0.1}",4,0.17930721173831263,6,17.502349615097046,4.074076414108276,0.621011683199314,0.043833959109055076,0.4792524631156666,-0.0438339591090551,0.9793423811024536,0.9355084219933986,0.8449918715395668,0.0560424077007976,0.9010342792403644,0.5787587765361084,0.5249076857759177,0.5861233574324926,0.7671972709466846,0.492,4.138830781295117e-05,0.9999293890755063,0.2195,0.21,0.6598809295179566,0.162123182441912,1.0657376382249855,0.2,,1.4242362669893749e-05,0.9999673564634021
fair_selection,fair_selection,synthetic,scenario,synthetic_gamma3,x_learner,18,2000,2000,0.5145,24.229345321655273,"{'base_learner': 'gbm', 'n_estimators': 400, 'max_depth': 3, 'learning_rate': 0.05}",5,0.24229545768102098,6,18.018224954605103,6.199603080749512,0.6636711796138953,0.03272148824367904,0.5039655794542115,-0.03272148824367896,0.9985727292068496,0.9658512409631705,1.0512719231620844,0.028196873582627235,1.0794687967447116,0.6683044090093911,0.5273228170109434,0.5268815140932325,0.8715121756266353,0.5145,0.00014390839775563633,0.999889988619583,0.2185,0.2405,0.6887672532599917,0.16850428974003212,1.0870363550084587,0.25,,0.00010780619375363077,0.9999082058482736
fair_selection,fair_selection,synthetic,scenario,synthetic_gamma3,x_learner,19,2000,2000,0.4965,24.720418691635132,"{'base_learner': 'gbm', 'n_estimators': 400, 'max_depth': 3, 'learning_rate': 0.05}",5,0.20975899283179733,6,18.15140962600708,6.55592679977417,0.6082451399368315,0.06451547648460498,0.4637361679883562,-0.06451547648460523,1.0013442425231096,0.9368287660385046,0.8964131544384493,0.03508270392987012,0.9314958583683194,0.5514443295594342,0.44324035149452706,0.5952745742042208,0.7905339490096809,0.4965,1.1616644872874296e-05,0.999953428160507,0.246,0.231,0.7053565624715611,0.16720457830785232,1.0841878839584316,0.2,,1.8895351165923906e-05,0.9999498140078346
fair_selection,fair_selection,synthetic,scenario,synthetic_gamma3,x_learner,20,2000,2000,0.485,23.94775938987732,"{'base_learner': 'gbm', 'n_estimators': 400, 'max_depth': 3, 'learning_rate': 0.05}",5,0.19310877276729704,6,17.86194896697998,6.074084520339966,0.6265027248888212,0.09288009231808292,0.46516317700044685,-0.09288009231808296,0.9972729066129272,0.9043928142948443,0.9853581490852994,0.04888342682453861,1.034241575909838,0.6064097039740902,0.5170705110803219,0.5122164238054241,0.8200989878384467,0.485,0.0002907214484032489,0.9998640467523016,0.2435,0.213,0.6760684616154539,0.16364457830905402,1.0179913478722447,0.2,,0.00027135349405086164,0.9999003346415996
fair_selection,fair_selection,synthetic,scenario,synthetic_gamma3,x_learner,21,2000,2000,0.486,23.41099977493286,"{'base_learner': 'gbm', 'n_estimators': 400, 'max_depth': 3, 'learning_rate': 0.05}",5,0.19343747686064428,6,17.339686155319214,6.059253931045532,0.5922795962403076,0.16723297350233757,0.4575395984264399,-0.1672329735023377,0.9942709486025046,0.8270379751001671,0.9205375755181506,0.06570726705355734,0.986244842571708,0.5830648900131568,0.5403643629197427,0.5304012535252063,0.6999261961589258,0.486,5.128989108036472e-05,0.999971644304683,0.241,0.208,0.6597332308529887,0.16311919158322397,1.0228497568834798,0.25,,3.912301527430477e-05,0.9999850207982717
fair_selection,fair_selection,synthetic,scenario,synthetic_gamma3,x_learner,22,2000,2000,0.4995,22.103273630142212,"{'base_learner': 'gbm', 'n_estimators': 200, 'max_depth': 3, 'learning_rate': 0.1}",4,0.1974454926233383,6,18.142683029174805,3.9488942623138428,0.6718272247419631,0.043464994360534526,0.5044978339079194,0.043464994360534394,1.005694401834314,1.0491593961948484,1.0065682576127202,0.030039917341820876,1.036608174954541,0.7247439802281304,0.5785350966333721,0.5681052112408648,0.7891178959226733,0.4995,7.877399199491053e-05,0.9999388978236433,0.228,0.231,0.688033688033688,0.16275955137743917,1.00986553925477,0.2,,5.703357758186034e-05,0.9999149851826437
fair_selection,fair_selection,synthetic,scenario,synthetic_gamma3,x_learner,23,2000,2000,0.4945,24.204881191253662,"{'base_learner': 'gbm', 'n_estimators': 400, 'max_depth': 3, 'learning_rate': 0.05}",5,0.1910786994421722,6,17.855718851089478,6.337073087692261,0.6423852379440184,0.1154182018946599,0.49268590137083507,-0.11541820189465991,0.9863786558371623,0.8709604539425024,0.9457526245009373,0.042905516524650134,0.9886581410255875,0.6680300796579981,0.5014632362636798,0.5242071774336412,0.8234758321825317,0.4945,4.026427630657443e-05,0.9999724141487691,0.237,0.2265,0.6711922142579252,0.17112117958611323,1.0396525914773416,0.25,,1.777579926003965e-05,0.9999790436048887
fair_selection,fair_selection,synthetic,scenario,synthetic_gamma3,x_learner,24,2000,2000,0.495,23.965625047683716,"{'base_learner': 'gbm', 'n_estimators': 400, 'max_depth': 3, 'learning_rate': 0.05}",5,0.21292006292339655,6,17.771355867385864,6.182202577590942,0.5914151821277345,0.047357726929539656,0.4535253435487091,0.047357726929539753,0.9987093506981598,1.0460670776276995,0.930583492097009,0.03768670566762622,0.9682701977646352,0.6658840160061182,0.4613270792797919,0.5571612665040274,0.6575977470027508,0.495,4.6908833135535704e-05,0.9999858491846431,0.239,0.227,0.6913691369136914,0.17731960601004473,1.0671471226932119,0.25,,3.138727586210259e-05,0.9999890181346418
fair_selection,fair_selection,synthetic,scenario,synthetic_gamma3,x_learner,25,2000,2000,0.502,24.825878858566284,"{'base_learner': 'gbm', 'n_estimators': 400, 'max_depth': 3, 'learning_rate': 0.05}",5,0.18584137551862395,6,18.469125032424927,6.342856168746948,0.630793066202682,0.019801863084119686,0.48798288282328506,-0.01980186308411972,0.9991239276584803,0.9793220645743607,0.9244420543466197,0.04282974206513446,0.9672717964117542,0.6499918870504535,0.5096849745831822,0.5671324278123023,0.7666108218998606,0.502,7.207541283460327e-05,0.9999745771566306,0.2225,0.227,0.6751588025408407,0.17776320862466904,1.0757111646782058,0.3,,6.65373501376511e-05,0.9999843559405901
fair_selection,fair_selection,synthetic,scenario,synthetic_gamma3,x_learner,26,2000,2000,0.506,24.642108917236328,"{'base_learner': 'gbm', 'n_estimators': 400, 'max_depth': 3, 'learning_rate': 0.05}",5,0.17045465388141867,6,18.209381818771362,6.419174432754517,0.6712123181692811,0.02438305706896826,0.5089984090955947,0.024383057068968456,1.0171306539049356,1.0415137109739039,0.9868885963876314,0.03826806091106494,1.0251566572986963,0.659368455380492,0.5869525524957153,0.6400187301251206,0.783070795334405,0.506,3.401765090035728e-05,0.9999571979406283,0.241,0.2525,0.7063657166631995,0.16623792206958884,1.0920660875585528,0.2,,4.302165151765471e-05,0.9999163854274681
fair_selection,fair_selection,synthetic,scenario,synthetic_gamma3,x_learner,27,2000,2000,0.5,22.54726767539978,"{'base_learner': 'gbm', 'n_estimators': 200, 'max_depth': 3, 'learning_rate': 0.1}",4,0.18458595592400395,6,18.281534910202026,4.252354145050049,0.6342711075345222,0.05521345385790677,0.47420009079726605,-0.05521345385790676,0.9959384935616975,0.9407250397037907,0.9154753803102219,0.047147841204511876,0.9626232215147338,0.689833845896559,0.528387059703559,0.5075691104296094,0.7723401645281452,0.5,6.436045612172977e-06,0.9999530757990165,0.2355,0.2425,0.685,0.1629947848137247,1.055593382358175,0.2,,5.387391805975887e-06,0.9999494896326261
fair_selection,fair_selection,synthetic,scenario,synthetic_gamma3,x_learner,28,2000,2000,0.5265,21.25888705253601,"{'base_learner': 'gbm', 'n_estimators': 200, 'max_depth': 3, 'learning_rate': 0.1}",4,0.19087423941211967,6,17.278786659240723,3.968950033187866,0.6440219998828816,0.08315668425119926,0.48811241824864887,-0.08315668425119921,0.9766359953808899,0.8934793111296906,0.8001089241719207,0.047878738080766925,0.8479876622526876,0.7001366079909218,0.5121086617837997,0.5828547730636295,0.7529217140755753,0.5265,0.00019896770438223096,0.9999599224498552,0.206,0.241,0.6999060360552792,0.1663677030094058,0.9743353132888415,0.2,,0.00014409743527918383,0.9999671058906219
fair_selection,fair_selection,synthetic,scenario,synthetic_gamma3,x_learner,29,2000,2000,0.5,23.93470287322998,"{'base_learner': 'gbm', 'n_estimators': 400, 'max_depth': 3, 'learning_rate': 0.05}",5,0.22021255423169045,6,17.927143335342407,5.99614405632019,0.6771503843390901,0.21974865871136595,0.5041152114365502,-0.21974865871136595,0.9856623929546574,0.7659137342432915,0.8287686523917532,0.05939310799395159,0.8881617603857048,0.5978389744726177,0.5107083128226748,0.6099552173620447,0.9186135121314493,0.5,2.283379938215875e-05,0.9999587607164147,0.231,0.224,0.685,0.16093768471719655,1.0466221471322847,0.2,,2.1714686832355336e-05,0.999964490785374
fair_selection,fair_selection,synthetic,scenario,synthetic_gamma3,neural_rep,0,2000,2000,0.4965,60.2013840675354,"{'latent_dim': 8, 'lr': 0.0005, 'weight_decay': 0.01, 'epochs': 400, 'dropout': 0.3}",5,0.14893434232296546,6,42.834622621536255,17.365143537521362,0.5867496010762444,0.15814974253887581,0.44654601746662276,-0.15814974253887584,0.988634815670337,0.8304850731314611,0.9655863904609265,0.009054859315215325,0.9746412497761419,0.5138436631987401,0.292895816597233,0.3979203096852439,0.932167653913644,0.4965,3.383675965346559e-05,0.9999227731064358,0.224,0.236,0.6855085899209061,0.16616594811922064,1.0704719173082309,0.25,,3.025872896274123e-05,0.9999375487075144
fair_selection,fair_selection,synthetic,scenario,synthetic_gamma3,neural_rep,1,2000,2000,0.509,48.55403017997742,"{'latent_dim': 8, 'lr': 0.001, 'weight_decay': 0.01, 'epochs': 200, 'dropout': 0.2}",4,0.14952841406263026,6,40.37871980667114,8.173568964004517,0.6627830026147641,0.2854830535111086,0.49131543673088607,-0.2854830535111086,0.9947717733296532,0.7092887198185446,1.0546298888277137,0.00926936195414263,1.0638992507818563,0.4569944442321771,0.23452126265443532,0.4636528932857326,1.130622432146042,0.509,0.00015604079960283816,0.9998862440250266,0.2225,0.2285,0.6839696061523933,0.15843115307765104,0.9912300883131849,0.25,,0.00012964513018455336,0.9999272376623307
fair_selection,fair_selection,synthetic,scenario,synthetic_gamma3,neural_rep,2,2000,2000,0.5005,60.72183060646057,"{'latent_dim': 8, 'lr': 0.0005, 'weight_decay': 0.01, 'epochs': 400, 'dropout': 0.3}",5,0.13880438169418846,6,40.66901397705078,20.050580978393555,0.6200603204618858,0.15746711311496642,0.4748726916816409,-0.1574671131149665,0.9804604494287746,0.8229933363138082,0.9291274507657377,0.00851900373314085,0.9376464544988785,0.6085579703620967,0.15834831097921628,0.3409075895814237,1.0130470021325586,0.5005,6.040285467036402e-05,0.999956545270345,0.2335,0.231,0.674950674950675,0.16145500472137542,1.063286298889053,0.2,,6.411588516600178e-05,0.9999562349884881
fair_selection,fair_selection,synthetic,scenario,synthetic_gamma3,neural_rep,3,2000,2000,0.506,57.77930450439453,"{'latent_dim': 8, 'lr': 0.0005, 'weight_decay': 0.01, 'epochs': 400, 'dropout': 0.3}",5,0.1455321050161249,6,41.43999528884888,16.33821177482605,0.6805182631256125,0.3070832344407355,0.5102050622701144,-0.3070832344407354,1.0087926713972664,0.7017094369565309,0.8882850213213747,0.014233394705941094,0.9025184160273158,0.4597315283953443,0.2827118030137894,0.5028647483075072,1.143795623761344,0.506,2.744139973475248e-05,0.9999148807738771,0.231,0.2525,0.6912315373413772,0.17766065236422243,1.1367176611426328,0.2,,2.4583428592421324e-05,0.999923881739039
fair_selection,fair_selection,synthetic,scenario,synthetic_gamma3,neural_rep,4,2000,2000,0.489,59.29043006896973,"{'latent_dim': 8, 'lr': 0.0005, 'weight_decay': 0.01, 'epochs': 400, 'dropout': 0.3}",5,0.13225624612782208,6,40.872620820999146,18.416603803634644,0.6422747965648317,0.3049444794390962,0.493795917746368,-0.30494447943909614,0.9903193784566898,0.6853748990175936,0.9164202871713446,0.005915296513204549,0.9223355836845492,0.4427534210233132,0.18449208864851757,0.4811312914093832,1.0901891647941577,0.489,1.0968836081616453e-05,0.9999785929082607,0.229,0.213,0.6801431893036229,0.15674844604185473,1.0124200144089188,0.2,,5.334438393435392e-06,0.9999868880489339
fair_selection,fair_selection,synthetic,scenario,synthetic_gamma3,neural_rep,5,2000,2000,0.5055,50.49833345413208,"{'latent_dim': 8, 'lr': 0.001, 'weight_decay': 0.01, 'epochs': 200, 'dropout': 0.2}",4,0.15656195704640435,6,42.24649453163147,8.242679595947266,0.6267423342954901,0.15860218317194363,0.47772454647270013,-0.15860218317194352,0.9664879542782492,0.8078857711063056,0.969387282177124,0.010881128020406527,0.9802684101975305,0.529756113113269,0.3656302921165304,0.45869903539052514,0.9728781832430734,0.5055,1.2030353755529024e-05,0.9996899020050752,0.226,0.2355,0.6673007433899502,0.1686782205820595,1.0467255569174587,0.3,,2.3668391833659768e-05,0.9996109156327363
fair_selection,fair_selection,synthetic,scenario,synthetic_gamma3,neural_rep,6,2000,2000,0.506,59.55348515510559,"{'latent_dim': 8, 'lr': 0.0005, 'weight_decay': 0.01, 'epochs': 400, 'dropout': 0.3}",5,0.13713948047041608,6,41.646995544433594,17.90521764755249,0.6258509245600533,0.25285344385609887,0.48073115120958304,-0.2528534438560989,1.003619649399195,0.750766205543096,1.0273495716827297,0.008583906347980452,1.0359334780307101,0.4941451241211649,0.16605882797370666,0.44790159083202863,1.046129411679124,0.506,4.415132484811301e-05,0.9998583275133368,0.219,0.227,0.6691283544830455,0.15652598756601604,1.0560349132753648,0.2,,1.9716230502898855e-05,0.9999033350218561
fair_selection,fair_selection,synthetic,scenario,synthetic_gamma3,neural_rep,7,2000,2000,0.5095,49.441877126693726,"{'latent_dim': 8, 'lr': 0.001, 'weight_decay': 0.01, 'epochs': 200, 'dropout': 0.2}",4,0.15282625640888306,6,40.300459146499634,9.140029430389404,0.5853555521134822,0.13393176049777356,0.4478532481421431,-0.1339317604977735,0.9985860310672204,0.8646542705694469,0.9932654126370885,0.00898545189522959,1.002250864532318,0.5868444416424053,0.18182032011428548,0.3381747352042562,0.9374205622541049,0.5095,3.154261444584684e-05,0.9999273186685765,0.222,0.229,0.6871720691169512,0.17060548417801155,0.9864048263779975,0.2,,2.8609209202772686e-05,0.9999550052465405
fair_selection,fair_selection,synthetic,scenario,synthetic_gamma3,neural_rep,8,2000,2000,0.5015,51.40193271636963,"{'latent_dim': 8, 'lr': 0.001, 'weight_decay': 0.01, 'epochs': 200, 'dropout': 0.2}",4,0.13209478348891895,6,41.74737501144409,9.653316020965576,0.5965212972932638,0.047425093043356736,0.46518204322542694,-0.0474250930433567,1.0063284488837538,0.9589033558403971,1.0323402360541523,0.009620260911455736,1.041960496965608,0.7267449525322819,0.21610017674190496,0.2799267997020236,0.8775728499032461,0.5015,4.1346334624324655e-05,0.9999420014298717,0.2145,0.2225,0.6681470133231199,0.16095760561629271,0.9804155971665184,0.25,,2.5966150330933505e-05,0.9999546164393236
fair_selection,fair_selection,synthetic,scenario,synthetic_gamma3,neural_rep,9,2000,2000,0.4895,61.83864068984985,"{'latent_dim': 8, 'lr': 0.0005, 'weight_decay': 0.01, 'epochs': 400, 'dropout': 0.3}",5,0.13674001997105276,6,43.16285037994385,18.674701690673828,0.6447489648802411,0.24893213617783816,0.4829470574463306,-0.2489321361778382,1.000148146210073,0.7512160100322348,0.9007714401459965,0.006499259859113371,0.9072707000051099,0.4761959387674395,0.20845319442748808,0.43873513454215834,1.0954912533695633,0.4895,6.120675119102716e-05,0.999943554126485,0.235,0.2145,0.6706947763963909,0.17355766944768275,0.9712809141096591,0.35,,5.1082230900718104e-05,0.9999540657592597
fair_selection,fair_selection,synthetic,scenario,synthetic_gamma3,neural_rep,10,2000,2000,0.488,45.77525448799133,"{'latent_dim': 16, 'lr': 0.001, 'weight_decay': 0.0001, 'epochs': 100, 'dropout': 0.1}",0,0.13824605955157124,6,41.37072134017944,4.403348684310913,0.6127351696733561,0.24896228891728467,0.4758837539486458,-0.2489622889172846,1.0102761104198241,0.7613138215025395,0.9608519404855609,0.06048098204108254,1.0213329225266434,0.42204358307588763,0.5438791286415386,0.6215555698680534,0.800950019412655,0.488,2.4415213653132566e-05,0.999974510767797,0.259,0.2305,0.7101850665983607,0.18182048250214858,1.065365443045537,0.3,,4.499284045065504e-05,0.9999805910241221
fair_selection,fair_selection,synthetic,scenario,synthetic_gamma3,neural_rep,11,2000,2000,0.486,49.968759298324585,"{'latent_dim': 8, 'lr': 0.001, 'weight_decay': 0.01, 'epochs': 200, 'dropout': 0.2}",4,0.14388926472776217,6,42.131450176239014,7.836046457290649,0.6235179929272637,0.24800882027049254,0.4769979017453121,-0.24800882027049248,1.004209171295834,0.7562003510253416,1.019462762523179,0.00849935750725539,1.0279621200304343,0.4887697870083855,0.18735882559375897,0.43773577236103106,1.0437848961311758,0.486,1.366496279408597e-05,0.9999475687846142,0.238,0.218,0.6783838529407055,0.16908359487558883,1.100808902910011,0.25,,1.3632500318128049e-05,0.9999562321069108
fair_selection,fair_selection,synthetic,scenario,synthetic_gamma3,neural_rep,12,2000,2000,0.495,51.38650345802307,"{'latent_dim': 8, 'lr': 0.001, 'weight_decay': 0.01, 'epochs': 200, 'dropout': 0.2}",4,0.150185005987548,6,42.10124087333679,9.282998085021973,0.7247251612332378,0.39731372736422665,0.555122105883185,-0.39731372736422665,1.0076912717470716,0.610377544382845,1.0021257883490675,0.014206568638750028,1.0163323569878175,0.4119339497050898,0.3522038275698604,0.6216736937363412,1.1919274058179419,0.495,6.545150708941226e-05,0.9999951636351606,0.252,0.249,0.7067406740674067,0.17048940215403913,1.130806940630529,0.25,,7.643558490900531e-05,0.9999901857782008
fair_selection,fair_selection,synthetic,scenario,synthetic_gamma3,neural_rep,13,2000,2000,0.5045,47.62282347679138,"{'latent_dim': 8, 'lr': 0.001, 'weight_decay': 0.01, 'epochs': 200, 'dropout': 0.2}",4,0.14191734459409241,6,39.114620208740234,8.506232738494873,0.5777390500452854,0.05806177815804159,0.44180748935373987,-0.05806177815804148,0.9934729095450703,0.9354111313870287,0.9650176218135624,0.006962785832203111,0.9719804076457655,0.6374438435962112,0.24779156600408966,0.2904947534407542,0.8848768977043305,0.5045,5.801892595536132e-05,0.9999854566711026,0.211,0.222,0.6599714576880727,0.1747511311592182,1.07941316866891,0.2,,2.5275181495478224e-05,0.9999907115306089
fair_selection,fair_selection,synthetic,scenario,synthetic_gamma3,neural_rep,14,2000,2000,0.503,50.407262086868286,"{'latent_dim': 8, 'lr': 0.001, 'weight_decay': 0.01, 'epochs': 200, 'dropout': 0.2}",4,0.15003900022620176,6,41.77911567687988,8.627002716064453,0.6239511403675659,0.13039353469823622,0.4692659453826112,-0.1303935346982363,0.9864716718243007,0.8560781371260645,0.8446051689568443,0.009025998128722734,0.8536311670855671,0.5805309669915678,0.2623757281294739,0.3542093572813378,1.012886275516975,0.503,1.7379481659865805e-05,0.9999724529307267,0.245,0.243,0.7239540623462445,0.1802147649666584,1.077048192523228,0.3,,1.5484724545685875e-05,0.9999581967777228
fair_selection,fair_selection,synthetic,scenario,synthetic_gamma3,neural_rep,15,2000,2000,0.507,49.20868539810181,"{'latent_dim': 8, 'lr': 0.001, 'weight_decay': 0.01, 'epochs': 200, 'dropout': 0.2}",4,0.15199039366506809,6,41.45210862159729,7.755089998245239,0.5975703875871098,0.19808095155306227,0.4586168973962838,-0.1980809515530623,0.9872567721697856,0.7891758206167233,1.0481036292790726,0.008461978989569463,1.056565608268642,0.5141569489985692,0.19414399440213317,0.39168858671576134,0.9863530122398934,0.507,1.4176420282614103e-05,0.999979787077582,0.247,0.2545,0.7244219867093951,0.17275982796734407,1.1520548891617657,0.2,,2.3656144021614383e-05,0.9999242181251706
fair_selection,fair_selection,synthetic,scenario,synthetic_gamma3,neural_rep,16,2000,2000,0.5045,60.721858978271484,"{'latent_dim': 8, 'lr': 0.0005, 'weight_decay': 0.01, 'epochs': 400, 'dropout': 0.3}",5,0.16334601868682114,6,41.68923330307007,19.031538009643555,0.6571418736340006,0.23678209410282725,0.4955256174219703,-0.23678209410282738,1.003893844164219,0.7671117500613917,1.0091960012186583,0.012193664862550246,1.0213896660812085,0.5178352062815625,0.2764837557816537,0.45927508855376736,1.0825024680299582,0.5045,2.6536490756885364e-05,0.999958304298408,0.2345,0.245,0.6985885856754397,0.16670728387451028,1.0796666862600857,0.25,,3.5352728680659774e-05,0.9999426913004642
fair_selection,fair_selection,synthetic,scenario,synthetic_gamma3,neural_rep,17,2000,2000,0.492,58.36152648925781,"{'latent_dim': 8, 'lr': 0.0005, 'weight_decay': 0.01, 'epochs': 400, 'dropout': 0.3}",5,0.14515240542176377,6,40.45326638221741,17.90711784362793,0.6229076982259628,0.1884981299671985,0.4730599236631999,-0.18849812996719845,0.9793423811024536,0.7908442511352551,0.8932760903335748,0.007758188906789587,0.9010342792403644,0.5186599934786459,0.2705442535440844,0.4397889460382908,1.0081861450239253,0.492,4.138830781295117e-05,0.9999293890755063,0.2195,0.21,0.6598809295179566,0.162123182441912,1.0657376382249855,0.2,,1.4242362669893749e-05,0.9999673564634021
fair_selection,fair_selection,synthetic,scenario,synthetic_gamma3,neural_rep,18,2000,2000,0.5145,56.31660485267639,"{'latent_dim': 8, 'lr': 0.0005, 'weight_decay': 0.01, 'epochs': 400, 'dropout': 0.3}",5,0.16605361834721408,6,39.356703996658325,16.958548069000244,0.614557066087577,0.16412732471611002,0.4644998327414364,-0.16412732471610997,0.9985727292068496,0.8344454044907396,1.0711960883188072,0.00827270842590444,1.0794687967447116,0.5509035668515315,0.23790325100741497,0.4121738375618908,0.990323977662133,0.5145,0.00014390839775563633,0.999889988619583,0.2185,0.2405,0.6887672532599917,0.16850428974003212,1.0870363550084587,0.25,,0.00010780619375363077,0.9999082058482736
fair_selection,fair_selection,synthetic,scenario,synthetic_gamma3,neural_rep,19,2000,2000,0.4965,59.50192189216614,"{'latent_dim': 8, 'lr': 0.0005, 'weight_decay': 0.01, 'epochs': 400, 'dropout': 0.3}",5,0.1453637020272415,6,42.28953957557678,17.21019744873047,0.6008325258195929,0.18125590640048783,0.462173056763483,-0.18125590640048797,1.0013442425231096,0.8200883361226218,0.9253704962281967,0.006125362140122714,0.9314958583683194,0.5116482226390178,0.2341956475097371,0.4186626501372899,0.9757504684440881,0.4965,1.1616644872874296e-05,0.999953428160507,0.246,0.231,0.7053565624715611,0.16720457830785232,1.0841878839584316,0.2,,1.8895351165923906e-05,0.9999498140078346
fair_selection,fair_selection,synthetic,scenario,synthetic_gamma3,neural_rep,20,2000,2000,0.485,58.91608238220215,"{'latent_dim': 8, 'lr': 0.0005, 'weight_decay': 0.01, 'epochs': 400, 'dropout': 0.3}",5,0.15321447964186338,6,40.72902512550354,18.18586802482605,0.6136838331566389,0.17949838033574672,0.46373182365127036,-0.17949838033574686,0.9972729066129272,0.8177745262771805,1.024840744165911,0.009400831743926918,1.034241575909838,0.5538605451668299,0.20099864521807642,0.38804826361001066,1.0043345929263598,0.485,0.0002907214484032489,0.9998640467523016,0.2435,0.213,0.6760684616154539,0.16364457830905402,1.0179913478722447,0.2,,0.00027135349405086164,0.9999003346415996
fair_selection,fair_selection,synthetic,scenario,synthetic_gamma3,neural_rep,21,2000,2000,0.486,59.275134325027466,"{'latent_dim': 8, 'lr': 0.0005, 'weight_decay': 0.01, 'epochs': 400, 'dropout': 0.3}",5,0.1608259528780421,6,42.399712324142456,16.874239444732666,0.6288311729696087,0.22776334047779667,0.4800844026675566,-0.22776334047779664,0.9942709486025046,0.766507608124708,0.977020832949409,0.009224009622298968,0.986244842571708,0.49246810979737055,0.25814743514067506,0.4648816794179886,1.0278300750113036,0.486,5.128989108036472e-05,0.999971644304683,0.241,0.208,0.6597332308529887,0.16311919158322397,1.0228497568834798,0.25,,3.912301527430477e-05,0.9999850207982717
fair_selection,fair_selection,synthetic,scenario,synthetic_gamma3,neural_rep,22,2000,2000,0.4995,61.326629400253296,"{'latent_dim': 8, 'lr': 0.0005, 'weight_decay': 0.01, 'epochs': 400, 'dropout': 0.3}",5,0.15746352437560923,6,42.9810311794281,18.34442138671875,0.6202330877353394,0.13260291221340625,0.46975863985983474,-0.1326029122134062,1.005694401834314,0.8730914896209077,1.0272800204314376,0.009328154523103427,1.036608174954541,0.6440406304784895,0.1989826350703265,0.3642417511998577,0.9755520777503642,0.4995,7.877399199491053e-05,0.9999388978236433,0.228,0.231,0.688033688033688,0.16275955137743917,1.00986553925477,0.2,,5.703357758186034e-05,0.9999149851826437
fair_selection,fair_selection,synthetic,scenario,synthetic_gamma3,neural_rep,23,2000,2000,0.4945,61.92811131477356,"{'latent_dim': 8, 'lr': 0.0005, 'weight_decay': 0.01, 'epochs': 400, 'dropout': 0.3}",5,0.14435299912663446,6,44.255226135253906,17.67170286178589,0.6065596930292759,0.2445712657138347,0.46852736270730905,-0.24457126571383475,0.9863786558371623,0.7418073901233276,0.9815578367321919,0.007100304293395587,0.9886581410255875,0.4698324162419958,0.19673751072019924,0.42191480081735117,1.0169554553696833,0.4945,4.026427630657443e-05,0.9999724141487691,0.237,0.2265,0.6711922142579252,0.17112117958611323,1.0396525914773416,0.25,,1.777579926003965e-05,0.9999790436048887
fair_selection,fair_selection,synthetic,scenario,synthetic_gamma3,neural_rep,24,2000,2000,0.495,58.71593379974365,"{'latent_dim': 8, 'lr': 0.0005, 'weight_decay': 0.01, 'epochs': 400, 'dropout': 0.3}",5,0.1511887565959454,6,41.339595079422,17.375170946121216,0.6291019719012493,0.11093287601568835,0.4756929339085717,-0.11093287601568842,0.9987093506981598,0.8877764746824715,0.9609506356125046,0.007319562152130588,0.9682701977646352,0.5827320816568965,0.34712363026017,0.433354838724349,0.9670621770481852,0.495,4.6908833135535704e-05,0.9999858491846431,0.239,0.227,0.6913691369136914,0.17731960601004473,1.0671471226932119,0.25,,3.138727586210259e-05,0.9999890181346418
fair_selection,fair_selection,synthetic,scenario,synthetic_gamma3,neural_rep,25,2000,2000,0.502,59.011988162994385,"{'latent_dim': 8, 'lr': 0.0005, 'weight_decay': 0.01, 'epochs': 400, 'dropout': 0.3}",5,0.14079361497667853,6,39.15378999710083,19.856975078582764,0.6204870179876336,0.21999387511510926,0.4708604298253568,-0.2199938751151094,0.9991239276584803,0.7791300525433711,0.9596312035473396,0.007640592864414653,0.9672717964117542,0.5102513741629646,0.18100605386795274,0.40485333235082105,1.0406683817994746,0.502,7.207541283460327e-05,0.9999745771566306,0.2225,0.227,0.6751588025408407,0.17776320862466904,1.0757111646782058,0.3,,6.65373501376511e-05,0.9999843559405901
fair_selection,fair_selection,synthetic,scenario,synthetic_gamma3,neural_rep,26,2000,2000,0.506,49.74779748916626,"{'latent_dim': 8, 'lr': 0.001, 'weight_decay': 0.01, 'epochs': 200, 'dropout': 0.2}",4,0.12885794091975358,6,40.72060251235962,9.018236637115479,0.6038637910656474,0.1246217426305175,0.4518449220290862,-0.12462174263051741,1.0171306539049356,0.8925089112744181,1.0191712024314858,0.005985454867210471,1.0251566572986963,0.583661815787623,0.1948570395851496,0.3403386030642908,0.9819089401877125,0.506,3.401765090035728e-05,0.9999571979406283,0.241,0.2525,0.7063657166631995,0.16623792206958884,1.0920660875585528,0.2,,4.302165151765471e-05,0.9999163854274681
fair_selection,fair_selection,synthetic,scenario,synthetic_gamma3,neural_rep,27,2000,2000,0.5,53.58308982849121,"{'latent_dim': 8, 'lr': 0.001, 'weight_decay': 0.01, 'epochs': 200, 'dropout': 0.2}",4,0.14199261066141522,6,44.29309844970703,9.288822889328003,0.6279514841675077,0.24090630650923794,0.4852812249556516,-0.240906306509238,0.9959384935616975,0.7550321870524596,0.9556602367246236,0.006962984790110149,0.9626232215147338,0.5003952877686613,0.19646738021014643,0.4335407241910803,1.0489708436524137,0.5,6.436045612172977e-06,0.9999530757990165,0.2355,0.2425,0.685,0.1629947848137247,1.055593382358175,0.2,,5.387391805975887e-06,0.9999494896326261
fair_selection,fair_selection,synthetic,scenario,synthetic_gamma3,neural_rep,28,2000,2000,0.5265,60.8149471282959,"{'latent_dim': 8, 'lr': 0.0005, 'weight_decay': 0.01, 'epochs': 400, 'dropout': 0.3}",5,0.15368008684148898,6,42.64378476142883,18.16993999481201,0.5885472863831707,0.13895931389978278,0.4408035419040506,-0.13895931389978278,0.9766359953808899,0.8376766814811071,0.839839203712656,0.008148458540031656,0.8479876622526876,0.5798112298458593,0.16092232107690682,0.3187586587430917,0.9601393102233311,0.5265,0.00019896770438223096,0.9999599224498552,0.206,0.241,0.6999060360552792,0.1663677030094058,0.9743353132888415,0.2,,0.00014409743527918383,0.9999671058906219
fair_selection,fair_selection,synthetic,scenario,synthetic_gamma3,neural_rep,29,2000,2000,0.5,64.78479146957397,"{'latent_dim': 8, 'lr': 0.0005, 'weight_decay': 0.01, 'epochs': 400, 'dropout': 0.3}",5,0.16086155070288669,6,45.24760317802429,19.535887718200684,0.6292789867428973,0.2518734889867391,0.4770388551302062,-0.2518734889867392,0.9856623929546574,0.7337889039679183,0.8805240353483009,0.007637725037403897,0.8881617603857048,0.4661346443442316,0.21329395745730276,0.4362464584852302,1.0634290672809557,0.5,2.283379938215875e-05,0.9999587607164147,0.231,0.224,0.685,0.16093768471719655,1.0466221471322847,0.2,,2.1714686832355336e-05,0.999964490785374
fair_selection,fair_selection,synthetic,scenario,synthetic_imbalance10,s_learner,0,2000,2000,0.095,11.765483379364014,"{'base_learner': 'gbm', 'n_estimators': 400, 'max_depth': 3, 'learning_rate': 0.05}",5,0.1796652949266955,6,7.592375040054321,4.145403623580933,0.7864949066677247,0.6144398346262812,0.6501120716957262,-0.6144398346262812,0.988634815670337,0.3741949810440558,0.9666813591836704,0.007959890592471486,0.9746412497761419,0.24015039432604562,0.44942156610342343,0.7500245712774748,1.285343588058587,0.095,0.0007182890487726693,0.6987810814647578,0.689,0.0,0.4543471939517302,0.15191159914747793,0.7603658648116849,0.5,,0.0023948385261354007,0.6600560104191665
fair_selection,fair_selection,synthetic,scenario,synthetic_imbalance10,s_learner,1,2000,2000,0.092,12.475440502166748,"{'base_learner': 'gbm', 'n_estimators': 400, 'max_depth': 3, 'learning_rate': 0.05}",5,0.19446869670481906,6,8.2801034450531,4.169524192810059,0.8427202971730594,0.6549469454493839,0.6846201819295474,-0.6549469454493837,0.9947717733296532,0.33982482788026924,1.0558004756635329,0.008098775118323465,1.0638992507818563,0.26872415185385845,0.4953436843983703,0.7335685636135666,1.4089035183733478,0.092,0.00336111691809858,0.6381422932507997,0.6835,0.0,0.39580540126412567,0.13301268555211504,0.5949027146201571,0.3,,0.00388398047082141,0.6485344000648833
fair_selection,fair_selection,synthetic,scenario,synthetic_imbalance10,s_learner,2,2000,2000,0.11,12.898648500442505,"{'base_learner': 'gbm', 'n_estimators': 400, 'max_depth': 3, 'learning_rate': 0.05}",5,0.17516736022113072,6,8.31081247329712,4.561517715454102,0.6972485566513018,0.50036523027207,0.5365729443076676,-0.5003652302720701,0.9804604494287746,0.48009521915670456,0.929771819394862,0.007874635104016536,0.9376464544988785,0.2209434395236957,0.3456677521472588,0.5661330478058956,1.2065709149686155,0.11,0.0019355521567803432,0.7444774311854289,0.6075,0.0,0.3904494382022472,0.12389584418497898,0.596467352967145,0.2,,0.00307390471690626,0.6861255313652606
fair_selection,fair_selection,synthetic,scenario,synthetic_imbalance10,s_learner,3,2000,2000,0.1045,10.247695446014404,"{'base_learner': 'gbm', 'n_estimators': 200, 'max_depth': 3, 'learning_rate': 0.1}",4,0.18641308175588964,6,8.049461126327515,2.182786703109741,0.8549994789877295,0.7054976283487744,0.727458401365619,-0.7054976283487745,1.0087926713972664,0.303295043048492,0.8588664394614041,0.04365197656591169,0.9025184160273158,0.33683649349224665,0.6072801117164061,0.7767456214613857,1.3559184040285308,0.1045,0.00231247356927956,0.6851842333489518,0.625,0.0,0.4243385988955944,0.13990568507761944,0.6536314454995417,0.4,,0.0022349900159087982,0.6451006640577337
fair_selection,fair_selection,synthetic,scenario,synthetic_imbalance10,s_learner,4,2000,2000,0.0935,13.018805742263794,"{'base_learner': 'gbm', 'n_estimators': 400, 'max_depth': 3, 'learning_rate': 0.05}",5,0.16964599034634695,6,8.766374349594116,4.225759267807007,0.7896912563416689,0.581384239025104,0.6316519854024152,-0.581384239025104,0.9903193784566898,0.4089351394315857,0.9103593554179745,0.011976228266574629,0.9223355836845492,0.23379230397439763,0.4127474748357196,0.6821562462368005,1.3431651639724471,0.0935,0.0004609035895346401,0.8231868861263986,0.68,0.0,0.4096675525246954,0.1390924501912883,0.6169165942625832,0.4,,0.0013442367384049652,0.7656389578900169
fair_selection,fair_selection,synthetic,scenario,synthetic_imbalance10,s_learner,5,2000,2000,0.0935,10.44040846824646,"{'base_learner': 'gbm', 'n_estimators': 200, 'max_depth': 3, 'learning_rate': 0.1}",4,0.20821654264976183,6,8.253872871398926,2.1674978733062744,0.7616620669077734,0.5828738207252837,0.6134539996930221,-0.5828738207252836,0.9664879542782492,0.3836141335529654,0.9770324155150976,0.0032359946824329633,0.9802684101975305,0.24860826384313428,0.5213929275542779,0.6830338199923214,1.2330144215121188,0.0935,0.0012688373245176843,0.5586211511287793,0.675,0.0,0.39064569316670156,0.1260548220268922,0.629676634871974,0.3,,0.0022069699348180186,0.5134047460535719
fair_selection,fair_selection,synthetic,scenario,synthetic_imbalance10,s_learner,6,2000,2000,0.094,10.330437421798706,"{'base_learner': 'gbm', 'n_estimators': 200, 'max_depth': 3, 'learning_rate': 0.1}",4,0.17852119432726232,6,8.177923917770386,2.1377651691436768,0.6050655906758737,0.4184623621173693,0.46763937366171854,-0.41846236211736937,1.003619649399195,0.5851572872818256,1.029752076339992,0.006181401690718014,1.0359334780307101,0.26149671073392694,0.4251024336200966,0.4941245592178116,0.9854774412756426,0.094,0.0022713387376649755,0.6262174792195296,0.6615,0.0,0.4029167253769198,0.1375973174478438,0.5485537143524933,0.35,,0.002076845503080005,0.6266591613050506
fair_selection,fair_selection,synthetic,scenario,synthetic_imbalance10,s_learner,7,2000,2000,0.098,11.95357608795166,"{'base_learner': 'gbm', 'n_estimators': 400, 'max_depth': 3, 'learning_rate': 0.05}",5,0.19113333013382794,6,7.777034044265747,4.151309013366699,0.716319826134949,0.5389070652411612,0.5718053568364858,-0.5389070652411613,0.9985860310672204,0.4596789658260592,0.9934240844798676,0.008826780052450411,1.002250864532318,0.2330845259439858,0.4268447225971368,0.6048488493535252,1.2041965907808294,0.098,0.005067652796265301,0.5928104517404778,0.65,0.0,0.36760713154441377,0.12389866864744326,0.606024333726914,0.3,,0.00235060853769078,0.6841327600452058
fair_selection,fair_selection,synthetic,scenario,synthetic_imbalance10,s_learner,8,2000,2000,0.109,12.03537631034851,"{'base_learner': 'gbm', 'n_estimators': 400, 'max_depth': 3, 'learning_rate': 0.05}",5,0.18522388046756227,6,7.888850688934326,4.119272947311401,0.775305037499369,0.5344049648934377,0.60999959119032,-0.5344049648934376,1.0063284488837538,0.4719234839903162,1.0209745571711357,0.020985939794472275,1.041960496965608,0.2993984044441454,0.3722859003894534,0.6752283907988639,1.3115723497902365,0.109,0.0047916707259375805,0.6616737181705981,0.579,0.0,0.34336741523285863,0.10255940248606181,0.49690564697427403,0.15,,0.002276038609224947,0.6835126407818236
fair_selection,fair_selection,synthetic,scenario,synthetic_imbalance10,s_learner,9,2000,2000,0.0935,12.307708024978638,"{'base_learner': 'gbm', 'n_estimators': 400, 'max_depth': 3, 'learning_rate': 0.05}",5,0.16325121296449738,6,7.964414596557617,4.317307949066162,0.75579729221961,0.5754319754791508,0.5957917746182965,-0.5754319754791509,1.000148146210073,0.42471617073092216,0.900736527102903,0.006534172902206925,0.9072707000051099,0.25750375689593324,0.45674990513964897,0.6245504564713358,1.2727632357853624,0.0935,0.002402296363528321,0.693483823622094,0.6735,0.0,0.4122307399618324,0.1378312355241074,0.6755803185068423,0.4,,0.0028502786976433553,0.6826422773801979
fair_selection,fair_selection,synthetic,scenario,synthetic_imbalance10,s_learner,10,2000,2000,0.0985,10.093685150146484,"{'base_learner': 'gbm', 'n_estimators': 200, 'max_depth': 3, 'learning_rate': 0.1}",4,0.19045567334837338,6,7.981832981109619,2.0981764793395996,0.745969319235369,0.5455157945824542,0.5921603089396326,-0.545515794582454,1.0102761104198241,0.46476031583736993,1.0146736382207848,0.006659284305858604,1.0213329225266434,0.22749145968824352,0.39880464992774484,0.6672425082084741,1.252944860385526,0.0985,0.0012773164335213249,0.7309608047462609,0.6505,0.0,0.3783260274049737,0.14397411640924612,0.6444848655482354,0.45,,0.0027325130964206057,0.7413713905670535
fair_selection,fair_selection,synthetic,scenario,synthetic_imbalance10,s_learner,11,2000,2000,0.095,12.315558671951294,"{'base_learner': 'gbm', 'n_estimators': 400, 'max_depth': 3, 'learning_rate': 0.05}",5,0.1943133260295163,6,8.103959321975708,4.185418128967285,0.5641952768853683,0.38636655272837406,0.41835157319991684,-0.38636655272837395,1.004209171295834,0.61784261856746,1.0236275702839799,0.004334549746454419,1.0279621200304343,0.19624579083777613,0.3210103058751003,0.45315522543736253,0.9624736654050714,0.095,0.0018690157123873823,0.6436487571250237,0.677,0.0,0.4009595812736261,0.1512738845710203,0.6204634695850825,0.45,,0.0018369256837262556,0.6861208047742317
fair_selection,fair_selection,synthetic,scenario,synthetic_imbalance10,s_learner,12,2000,2000,0.095,9.682642936706543,"{'base_learner': 'gbm', 'n_estimators': 200, 'max_depth': 3, 'learning_rate': 0.1}",4,0.19895057700549923,6,7.6144373416900635,2.054893732070923,0.7925803485624427,0.631049068673349,0.6565692562642504,-0.6310490686733489,1.0076912717470716,0.37664220307372265,1.0010062835451448,0.015326073442672783,1.0163323569878175,0.3028843687570583,0.5177888728474215,0.7103512133777365,1.2838579873491716,0.095,0.0018182861683567902,0.8229724774688834,0.6865,0.0,0.46106426286711255,0.1460123322877286,0.8109335637491476,0.35,,0.0032587793590294054,0.7825200426443356
fair_selection,fair_selection,synthetic,scenario,synthetic_imbalance10,s_learner,13,2000,2000,0.1055,11.768738031387329,"{'base_learner': 'gbm', 'n_estimators': 400, 'max_depth': 3, 'learning_rate': 0.05}",5,0.1650410665290935,6,7.551326036453247,4.191896200180054,0.7014491425481004,0.5245520013689706,0.5550474284177543,-0.5245520013689706,0.9934729095450703,0.4689209081760996,0.9685920513339278,0.003388356311837759,0.9719804076457655,0.1869112118767441,0.41042741314618886,0.6026163244662662,1.1838879597434562,0.1055,0.0022460198090549586,0.8207543984012908,0.6255,0.0,0.3819815142034391,0.1365864036054701,0.6489270488268953,0.4,,0.0022557135267526436,0.7856272184657465
fair_selection,fair_selection,synthetic,scenario,synthetic_imbalance10,s_learner,14,2000,2000,0.1005,12.008659839630127,"{'base_learner': 'gbm', 'n_estimators': 400, 'max_depth': 3, 'learning_rate': 0.05}",5,0.19453398487130236,6,7.774401903152466,4.208982944488525,0.6451671415842896,0.5021205108587846,0.5210598287648446,-0.5021205108587846,0.9864716718243007,0.4843511609655161,0.8507564255172642,0.0028747415683029187,0.8536311670855671,0.30879132995300157,0.5381408631971489,0.5352376814621829,0.9967625156307003,0.1005,0.0018717735325747115,0.7357199727288374,0.657,0.0,0.4118291256336439,0.12734341301016877,0.6586652751473744,0.3,,0.0019164606389563631,0.6894084516785315
fair_selection,fair_selection,synthetic,scenario,synthetic_imbalance10,s_learner,15,2000,2000,0.0975,12.135677814483643,"{'base_learner': 'gbm', 'n_estimators': 400, 'max_depth': 3, 'learning_rate': 0.05}",5,0.18034184762401523,6,7.942180156707764,4.16773796081543,0.6453883314864914,0.4086348467214501,0.4917671857266606,-0.4086348467214501,0.9872567721697856,0.5786219254483355,1.0537459809291916,0.0028196273394505145,1.056565608268642,0.23242001345582874,0.2696147603400488,0.5666899578600271,1.1037462134423113,0.0975,0.00501754413603496,0.532702737596741,0.64,0.0,0.3475672988138362,0.10903848162182661,0.49434338571045966,0.3,,0.0022065900160406233,0.6454386214283936
fair_selection,fair_selection,synthetic,scenario,synthetic_imbalance10,s_learner,16,2000,2000,0.108,9.790944576263428,"{'base_learner': 'gbm', 'n_estimators': 200, 'max_depth': 3, 'learning_rate': 0.1}",4,0.19208985856902255,6,7.69342827796936,2.083773374557495,0.7948276193314043,0.6076114602581593,0.6317493420768626,-0.6076114602581595,1.003893844164219,0.3962823839060596,1.0142872109457235,0.00710245513548502,1.0213896660812085,0.2827777891200048,0.48586477448131377,0.6480273421568212,1.3382961124220236,0.108,0.0023036429492549336,0.6999014453028618,0.6135,0.0,0.36545009134695233,0.1552532408941015,0.5454519533702707,0.55,,0.0025220035681639114,0.6664540092069099
fair_selection,fair_selection,synthetic,scenario,synthetic_imbalance10,s_learner,17,2000,2000,0.087,11.845558643341064,"{'base_learner': 'gbm', 'n_estimators': 400, 'max_depth': 3, 'learning_rate': 0.05}",5,0.18375243967335994,6,7.754217147827148,4.065495491027832,0.7952738435194191,0.6027535864615688,0.6347005667602023,-0.6027535864615688,0.9793423811024536,0.3765887946408848,0.892775965982967,0.008258313257397343,0.9010342792403644,0.26174818841537884,0.42245126028478974,0.7120710762526482,1.3325987939564006,0.087,0.0010684895780352973,0.7147265056230764,0.713,0.0,0.40817816721431177,0.1462858512214327,0.701792846597489,0.4,,0.0018638693193863908,0.7067808677599663
fair_selection,fair_selection,synthetic,scenario,synthetic_imbalance10,s_learner,18,2000,2000,0.1045,11.83225703239441,"{'base_learner': 'gbm', 'n_estimators': 400, 'max_depth': 3, 'learning_rate': 0.05}",5,0.24034299285200994,6,7.704574823379517,4.102458953857422,0.7500551526842608,0.5920218601704991,0.6222179447996046,-0.5920218601704991,0.9985727292068496,0.4065508690363505,1.0648694490639914,0.014599347680720243,1.0794687967447116,0.29447666620902857,0.49814981343865317,0.6779141667905687,1.2066041468381168,0.1045,0.0045979935811166555,0.6689891408614271,0.61,0.0,0.3728771448951296,0.1091260062009034,0.5689799126342624,0.2,,0.003653173745925322,0.6306827257190998
fair_selection,fair_selection,synthetic,scenario,synthetic_imbalance10,s_learner,19,2000,2000,0.083,9.716224670410156,"{'base_learner': 'gbm', 'n_estimators': 200, 'max_depth': 3, 'learning_rate': 0.1}",4,0.18166162460453875,6,7.641214847564697,2.0612032413482666,0.6419578989495527,0.47213242444356773,0.5015905078544654,-0.47213242444356784,1.0013442425231096,0.5292118180795419,0.9226117106870727,0.008884147681246679,0.9314958583683194,0.26452731033491994,0.5089106239756973,0.5560313155950528,1.0051389113272704,0.083,0.0013996657405152683,0.7468936498164331,0.74,0.0,0.44265612066586957,0.15336866889264952,0.6672868439966402,0.45,,0.0020476723272443275,0.6762150484150177
fair_selection,fair_selection,synthetic,scenario,synthetic_imbalance10,s_learner,20,2000,2000,0.0975,11.814097881317139,"{'base_learner': 'gbm', 'n_estimators': 400, 'max_depth': 3, 'learning_rate': 0.05}",5,0.1908024632216225,6,7.631821632385254,4.157512664794922,0.7509807287834033,0.5885602683165339,0.6285492420822958,-0.5885602683165341,0.9972729066129272,0.40871263829639337,1.0272881985855655,0.0069533773242724806,1.034241575909838,0.23426477642236987,0.5336860560724211,0.6980785946405653,1.1953550534475108,0.0975,0.002557749630007886,0.6573218411647996,0.6675,0.0,0.424319909084452,0.13112698436859735,0.7049527908427742,0.25,,0.004963102223961865,0.6242720751741762
fair_selection,fair_selection,synthetic,scenario,synthetic_imbalance10,s_learner,21,2000,2000,0.098,11.916983127593994,"{'base_learner': 'gbm', 'n_estimators': 400, 'max_depth': 3, 'learning_rate': 0.05}",5,0.1935323234168964,6,7.750611305236816,4.14037013053894,0.6855250664538808,0.4867164596246535,0.5358699966026247,-0.48671645962465343,0.9942709486025046,0.5075544889778512,0.9787468035697812,0.007498039001926804,0.986244842571708,0.22177115176246076,0.3983525960549177,0.5856256029294823,1.1528026221353465,0.098,0.0009464908601884061,0.838290077390014,0.6605,0.0,0.42481560251595096,0.1332400128117303,0.670038711916858,0.3,,0.0026084253153925868,0.7575819010236416
fair_selection,fair_selection,synthetic,scenario,synthetic_imbalance10,s_learner,22,2000,2000,0.093,11.960734128952026,"{'base_learner': 'gbm', 'n_estimators': 400, 'max_depth': 3, 'learning_rate': 0.05}",5,0.1813501585955982,6,7.729149580001831,4.205431222915649,0.6573441085976236,0.44946816013992597,0.4904188727084077,-0.449468160139926,1.005694401834314,0.556226241694388,1.0288304702567328,0.007777704697808252,1.036608174954541,0.1853290973459995,0.30905340328623504,0.5771787935745165,1.1249039373537617,0.093,0.001500852967419116,0.6892795427477194,0.6845,0.0,0.42152434470249317,0.14314294340805805,0.8024733482645543,0.3,,0.002956619637599997,0.636619911410083
fair_selection,fair_selection,synthetic,scenario,synthetic_imbalance10,s_learner,23,2000,2000,0.102,10.101415395736694,"{'base_learner': 'gbm', 'n_estimators': 200, 'max_depth': 3, 'learning_rate': 0.1}",4,0.20109744882918013,6,7.937850475311279,2.1486897468566895,0.7508788507036533,0.5617094511341978,0.6090301829240037,-0.5617094511341979,0.9863786558371623,0.42466920470296454,0.9851287983844227,0.003529342641164779,0.9886581410255875,0.2167858858991244,0.4382704099358165,0.712957177064317,1.227962208236988,0.102,0.0033539184447760424,0.767781141102042,0.6325,0.0,0.3552229354993668,0.1306830625187616,0.5225343190162953,0.35,,0.0020064866690360918,0.7364384406109432
fair_selection,fair_selection,synthetic,scenario,synthetic_imbalance10,s_learner,24,2000,2000,0.098,12.692358255386353,"{'base_learner': 'gbm', 'n_estimators': 400, 'max_depth': 3, 'learning_rate': 0.05}",5,0.1982281561750888,6,8.245618343353271,4.418443441390991,0.49550187057545664,0.2401094706778073,0.3420487913113718,-0.24010947067780725,0.9987093506981598,0.7585998800203525,0.964396678819111,0.0038735189455242347,0.9682701977646352,0.23460746654424125,0.25854868305347023,0.331188123693779,0.866322547803247,0.098,0.0013959134104341,0.7175651580844389,0.6745,0.0,0.4401330376940133,0.14513412843955542,0.6463350089703223,0.35,,0.0024241785690450562,0.7760756144989274
fair_selection,fair_selection,synthetic,scenario,synthetic_imbalance10,s_learner,25,2000,2000,0.102,10.066011428833008,"{'base_learner': 'gbm', 'n_estimators': 200, 'max_depth': 3, 'learning_rate': 0.1}",4,0.17612218047747188,6,7.9296112060546875,2.1230545043945312,0.8804503430704139,0.6714704998006029,0.7050804090022468,-0.671470499800603,0.9991239276584803,0.3276534278578774,0.9405427659146833,0.02672903049707087,0.9672717964117542,0.2641792346912009,0.4834734317783109,0.7980371353250812,1.4698199651031587,0.102,0.0019199669825804332,0.7006859687467256,0.665,0.0,0.4203240316171012,0.13503839362437858,0.7712116341785826,0.3,,0.003112008480987086,0.7549133816311429
fair_selection,fair_selection,synthetic,scenario,synthetic_imbalance10,s_learner,26,2000,2000,0.0965,11.978618621826172,"{'base_learner': 'gbm', 'n_estimators': 400, 'max_depth': 3, 'learning_rate': 0.05}",5,0.15602692252126715,6,7.849246978759766,4.100219249725342,0.7947830833905307,0.5728836035998599,0.6140454971940215,-0.5728836035998597,1.0171306539049356,0.4442470503050758,1.0193328938787591,0.005823763419937178,1.0251566572986963,0.2147757927231582,0.39127685282561775,0.6817705711225267,1.3648015497607404,0.0965,0.0024746343747838496,0.7269137360918676,0.6685,0.0,0.4008447287606344,0.14164511281840436,0.6683434296545662,0.35,,0.0026921181330671726,0.6378996990655813
fair_selection,fair_selection,synthetic,scenario,synthetic_imbalance10,s_learner,27,2000,2000,0.1105,12.295905113220215,"{'base_learner': 'gbm', 'n_estimators': 400, 'max_depth': 3, 'learning_rate': 0.05}",5,0.18242848537388917,6,8.051393508911133,4.218607425689697,0.6359275610700683,0.45498000580856524,0.4868952984822584,-0.45498000580856524,0.9959384935616975,0.5409584877531323,0.9570323315670273,0.005590889947706512,0.9626232215147338,0.19045796241480017,0.3122773016891143,0.5227185996445463,1.1002678622509678,0.1105,0.001700934540616625,0.7164251252986886,0.5905,0.0,0.37035652242476963,0.12150636391418787,0.5641624203034299,0.3,,0.0013486640944855735,0.675744643654041
fair_selection,fair_selection,synthetic,scenario,synthetic_imbalance10,s_learner,28,2000,2000,0.0995,10.474685192108154,"{'base_learner': 'gbm', 'n_estimators': 200, 'max_depth': 3, 'learning_rate': 0.1}",4,0.1850646664618742,6,8.387305974960327,2.0719807147979736,0.6854674066839547,0.47600773728534806,0.5243669870631911,-0.47600773728534795,0.9766359953808899,0.5006282580955418,0.8422331351509215,0.00575452710176616,0.8479876622526876,0.20548074336054167,0.32543124212084346,0.5639331760159015,1.1888287539643405,0.0995,0.0036284755737639196,0.7012551160550405,0.637,0.0,0.35798369973130506,0.11784990938706767,0.5981251907074161,0.25,,0.00402270935999213,0.7062523325002755
fair_selection,fair_selection,synthetic,scenario,synthetic_imbalance10,s_learner,29,2000,2000,0.0945,12.081892490386963,"{'base_learner': 'gbm', 'n_estimators': 400, 'max_depth': 3, 'learning_rate': 0.05}",5,0.19593175400564444,6,7.888842344284058,4.168377637863159,0.7426715329950867,0.548186194666714,0.5926045632167073,-0.5481861946667139,0.9856623929546574,0.4374761982879434,0.8807701986388109,0.0073915617468939265,0.8881617603857048,0.2344920884934685,0.37993768165336894,0.67517408297728,1.2454094908321167,0.0945,0.003991762402950403,0.6047912497069203,0.6605,0.0,0.3523850426114369,0.11059736049450138,0.6286862703237173,0.25,,0.00214462587798056,0.7009343347838258
fair_selection,fair_selection,synthetic,scenario,synthetic_imbalance10,t_learner,0,2000,2000,0.095,10.310998678207397,"{'base_learner': 'gbm', 'n_estimators': 200, 'max_depth': 3, 'learning_rate': 0.1}",4,0.1978862259348449,6,8.19054913520813,2.1060571670532227,1.3328483983938537,0.36398890223926006,1.0536323214823622,-0.3639889022392599,0.988634815670337,0.6246459134310769,0.6887271917631334,0.2859140580130085,0.9746412497761419,1.0855927902921911,1.1778422000535904,1.406842726844408,1.6002840372158211,0.095,0.0007182890487726693,0.6987810814647578,0.689,0.0,0.4543471939517302,0.15191159914747793,0.7603658648116849,0.5,,0.0023948385261354007,0.6600560104191665
fair_selection,fair_selection,synthetic,scenario,synthetic_imbalance10,t_learner,1,2000,2000,0.092,12.679665088653564,"{'base_learner': 'gbm', 'n_estimators': 400, 'max_depth': 3, 'learning_rate': 0.05}",5,0.22547071831237045,6,8.380819320678711,4.274415731430054,1.3971128655356404,0.49291076388811406,1.0863620897565542,-0.492910763888114,0.9947717733296532,0.5018610094415391,0.7444635885937481,0.31943566218810826,1.0638992507818563,1.0792687351692822,1.256966830954821,1.3494884071850783,1.8004976695956612,0.092,0.00336111691809858,0.6381422932507997,0.6835,0.0,0.39580540126412567,0.13301268555211504,0.5949027146201571,0.3,,0.00388398047082141,0.6485344000648833
fair_selection,fair_selection,synthetic,scenario,synthetic_imbalance10,t_learner,2,2000,2000,0.11,10.253273010253906,"{'base_learner': 'gbm', 'n_estimators': 200, 'max_depth': 3, 'learning_rate': 0.1}",4,0.1926280375607356,6,8.041434049606323,2.1979026794433594,1.1494763675873851,0.030175170822966946,0.9147962410988306,-0.030175170822967015,0.9804604494287746,0.9502852786058077,0.7684251199765586,0.1692213345223199,0.9376464544988785,1.1203060848256468,1.0365035248959942,1.0931758581597426,1.3269231103892487,0.11,0.0019355521567803432,0.7444774311854289,0.6075,0.0,0.3904494382022472,0.12389584418497898,0.596467352967145,0.2,,0.00307390471690626,0.6861255313652606
fair_selection,fair_selection,synthetic,scenario,synthetic_imbalance10,t_learner,3,2000,2000,0.1045,12.414342641830444,"{'base_learner': 'gbm', 'n_estimators': 400, 'max_depth': 3, 'learning_rate': 0.05}",5,0.19670875884812078,6,8.109424114227295,4.2780702114105225,1.3485950498585166,0.5116902326660597,1.067305500675527,-0.5116902326660596,1.0087926713972664,0.4971024387312067,0.6013537316824277,0.3011646843448881,0.9025184160273158,1.164809979145736,1.2364071437669553,1.3012516629404445,1.6419785720376678,0.1045,0.00231247356927956,0.6851842333489518,0.625,0.0,0.4243385988955944,0.13990568507761944,0.6536314454995417,0.4,,0.0022349900159087982,0.6451006640577337
fair_selection,fair_selection,synthetic,scenario,synthetic_imbalance10,t_learner,4,2000,2000,0.0935,12.277311086654663,"{'base_learner': 'gbm', 'n_estimators': 400, 'max_depth': 3, 'learning_rate': 0.05}",5,0.19271058583910972,6,8.070552110671997,4.181556463241577,1.3082049249213805,0.4637222700952306,1.0239185324333062,-0.4637222700952304,0.9903193784566898,0.5265971083614592,0.6203687155383744,0.3019668681461748,0.9223355836845492,1.1214626885587922,1.1116268727316876,1.2412054766947795,1.6767875837351487,0.0935,0.0004609035895346401,0.8231868861263986,0.68,0.0,0.4096675525246954,0.1390924501912883,0.6169165942625832,0.4,,0.0013442367384049652,0.7656389578900169
fair_selection,fair_selection,synthetic,scenario,synthetic_imbalance10,t_learner,5,2000,2000,0.0935,12.931612491607666,"{'base_learner': 'gbm', 'n_estimators': 400, 'max_depth': 3, 'learning_rate': 0.05}",5,0.2198638564831333,6,8.400602102279663,4.503158330917358,1.2058408705635202,0.34597832553551144,0.9402173373663921,-0.34597832553551155,0.9664879542782492,0.6205096287427377,0.7524192208694267,0.22784918932810383,0.9802684101975305,1.094816820027423,1.0700970634815585,1.1873464846965924,1.4362052607748605,0.0935,0.0012688373245176843,0.5586211511287793,0.675,0.0,0.39064569316670156,0.1260548220268922,0.629676634871974,0.3,,0.0022069699348180186,0.5134047460535719
fair_selection,fair_selection,synthetic,scenario,synthetic_imbalance10,t_learner,6,2000,2000,0.094,12.763210535049438,"{'base_learner': 'gbm', 'n_estimators': 400, 'max_depth': 3, 'learning_rate': 0.05}",5,0.19743981475260014,6,8.20724630355835,4.530567646026611,1.0837515372080133,0.1830175032255631,0.8607408687135001,-0.18301750322556323,1.003619649399195,0.8206021461736318,0.8485884333660829,0.1873450446646272,1.0359334780307101,0.9857999839862717,1.0507104374759144,0.9864324167363063,1.284222189874687,0.094,0.0022713387376649755,0.6262174792195296,0.6615,0.0,0.4029167253769198,0.1375973174478438,0.5485537143524933,0.35,,0.002076845503080005,0.6266591613050506
fair_selection,fair_selection,synthetic,scenario,synthetic_imbalance10,t_learner,7,2000,2000,0.098,12.963317155838013,"{'base_learner': 'gbm', 'n_estimators': 400, 'max_depth': 3, 'learning_rate': 0.05}",5,0.22322360808068775,6,8.51092267036438,4.427187919616699,1.218816853369077,0.20206427014953376,0.9774707817162676,-0.20206427014953374,0.9985860310672204,0.7965217609176867,0.7983041455163327,0.20394671901598538,1.002250864532318,1.085494122624858,1.1807672102948417,1.220715712856627,1.3709130320521272,0.098,0.005067652796265301,0.5928104517404778,0.65,0.0,0.36760713154441377,0.12389866864744326,0.606024333726914,0.3,,0.00235060853769078,0.6841327600452058
fair_selection,fair_selection,synthetic,scenario,synthetic_imbalance10,t_learner,8,2000,2000,0.109,12.65047574043274,"{'base_learner': 'gbm', 'n_estimators': 400, 'max_depth': 3, 'learning_rate': 0.05}",5,0.1908290751346564,6,8.209357261657715,4.416719913482666,1.2865990342414844,0.04075687744119083,1.0241496752723955,-0.0407568774411908,1.0063284488837538,0.965571571442563,0.8222628842466027,0.21969761271900534,1.041960496965608,1.2752634384659458,1.2071482503144446,1.178849313116622,1.4656598721680747,0.109,0.0047916707259375805,0.6616737181705981,0.579,0.0,0.34336741523285863,0.10255940248606181,0.49690564697427403,0.15,,0.002276038609224947,0.6835126407818236
fair_selection,fair_selection,synthetic,scenario,synthetic_imbalance10,t_learner,9,2000,2000,0.0935,12.649805545806885,"{'base_learner': 'gbm', 'n_estimators': 400, 'max_depth': 3, 'learning_rate': 0.05}",5,0.18171991211868363,6,8.208991527557373,4.415160417556763,1.1965909879806471,0.12373950435287928,0.9413596512165194,-0.12373950435287939,1.000148146210073,0.8764086418571937,0.7112771344518496,0.1959935655532603,0.9072707000051099,1.007532245511656,1.0499966052756873,1.16642861863978,1.4997166901944747,0.0935,0.002402296363528321,0.693483823622094,0.6735,0.0,0.4122307399618324,0.1378312355241074,0.6755803185068423,0.4,,0.0028502786976433553,0.6826422773801979
fair_selection,fair_selection,synthetic,scenario,synthetic_imbalance10,t_learner,10,2000,2000,0.0985,10.698538780212402,"{'base_learner': 'gbm', 'n_estimators': 200, 'max_depth': 3, 'learning_rate': 0.1}",4,0.23102027830251187,6,8.553870677947998,2.130655527114868,1.3556716414543657,0.2766908125616824,1.0626382899613491,-0.27669081256168226,1.0102761104198241,0.7335852978581417,0.7508979118352733,0.2704350106913701,1.0213329225266434,1.2246235632452542,1.1986456272250936,1.2906556218562746,1.6580519449714923,0.0985,0.0012773164335213249,0.7309608047462609,0.6505,0.0,0.3783260274049737,0.14397411640924612,0.6444848655482354,0.45,,0.0027325130964206057,0.7413713905670535
fair_selection,fair_selection,synthetic,scenario,synthetic_imbalance10,t_learner,11,2000,2000,0.095,12.659797668457031,"{'base_learner': 'gbm', 'n_estimators': 400, 'max_depth': 3, 'learning_rate': 0.05}",5,0.19966028580572062,6,8.19581389427185,4.435684442520142,1.1850716746388272,0.048260296025945504,0.9466024172629152,0.04826029602594568,1.004209171295834,1.0524694673217796,0.8793869143196504,0.14857520571078386,1.0279621200304343,1.1214033660136666,1.0869280270856605,1.258443819978091,1.2629095782014406,0.095,0.0018690157123873823,0.6436487571250237,0.677,0.0,0.4009595812736261,0.1512738845710203,0.6204634695850825,0.45,,0.0018369256837262556,0.6861208047742317
fair_selection,fair_selection,synthetic,scenario,synthetic_imbalance10,t_learner,12,2000,2000,0.095,12.408289909362793,"{'base_learner': 'gbm', 'n_estimators': 400, 'max_depth': 3, 'learning_rate': 0.05}",5,0.209728271097162,6,8.218374490737915,4.1644415855407715,1.4021995502099383,0.5636068056354602,1.1056552705751133,-0.5636068056354601,1.0076912717470716,0.4440844661116115,0.6717342095025847,0.3445981474852329,1.0163323569878175,1.1441821815773827,1.1606522824961585,1.3906035688349447,1.8095881971533208,0.095,0.0018182861683567902,0.8229724774688834,0.6865,0.0,0.46106426286711255,0.1460123322877286,0.8109335637491476,0.35,,0.0032587793590294054,0.7825200426443356
fair_selection,fair_selection,synthetic,scenario,synthetic_imbalance10,t_learner,13,2000,2000,0.1055,12.342931032180786,"{'base_learner': 'gbm', 'n_estimators': 400, 'max_depth': 3, 'learning_rate': 0.05}",5,0.19136659688601235,6,8.041355848312378,4.274593353271484,1.2003880767428927,0.20737100081610738,0.9379477178317468,-0.20737100081610726,0.9934729095450703,0.7861019087289629,0.7640455898148564,0.20793481783090917,0.9719804076457655,1.1168817617435038,0.9992843441357396,1.049862608054321,1.5541945094502536,0.1055,0.0022460198090549586,0.8207543984012908,0.6255,0.0,0.3819815142034391,0.1365864036054701,0.6489270488268953,0.4,,0.0022557135267526436,0.7856272184657465
fair_selection,fair_selection,synthetic,scenario,synthetic_imbalance10,t_learner,14,2000,2000,0.1005,13.35337495803833,"{'base_learner': 'gbm', 'n_estimators': 400, 'max_depth': 3, 'learning_rate': 0.05}",5,0.2042564914697691,6,8.429183959960938,4.881645679473877,1.2909028956966595,0.04268751966761941,1.0205929731612182,-0.04268751966761941,0.9864716718243007,0.9437841521566813,0.6769747611833135,0.17665640590225362,0.8536311670855671,1.2732458988054707,1.2603412252546562,1.1816065643951872,1.435239334936486,0.1005,0.0018717735325747115,0.7357199727288374,0.657,0.0,0.4118291256336439,0.12734341301016877,0.6586652751473744,0.3,,0.0019164606389563631,0.6894084516785315
fair_selection,fair_selection,synthetic,scenario,synthetic_imbalance10,t_learner,15,2000,2000,0.0975,12.71841311454773,"{'base_learner': 'gbm', 'n_estimators': 400, 'max_depth': 3, 'learning_rate': 0.05}",5,0.20018351434130133,6,8.259126424789429,4.432421684265137,1.287880834637869,0.2410203084693221,1.0234583098843093,-0.24102030846932213,0.9872567721697856,0.7462364637004635,0.8112453788672912,0.2453202294013509,1.056565608268642,1.0806895988349703,1.1961780790646503,1.2952080081194477,1.5356602445686038,0.0975,0.00501754413603496,0.532702737596741,0.64,0.0,0.3475672988138362,0.10903848162182661,0.49434338571045966,0.3,,0.0022065900160406233,0.6454386214283936
fair_selection,fair_selection,synthetic,scenario,synthetic_imbalance10,t_learner,16,2000,2000,0.108,10.664458513259888,"{'base_learner': 'gbm', 'n_estimators': 200, 'max_depth': 3, 'learning_rate': 0.1}",4,0.21389673639337892,6,8.545112609863281,2.1043503284454346,1.2270657137296033,0.2534206770889359,0.9630780897245057,-0.253420677088936,1.003893844164219,0.750473167075283,0.8234722970936438,0.19791736898756473,1.0213896660812085,1.1184433766323718,1.0524106423555601,1.1663483924898066,1.5178632164010506,0.108,0.0023036429492549336,0.6999014453028618,0.6135,0.0,0.36545009134695233,0.1552532408941015,0.5454519533702707,0.55,,0.0025220035681639114,0.6664540092069099
fair_selection,fair_selection,synthetic,scenario,synthetic_imbalance10,t_learner,17,2000,2000,0.087,13.035349369049072,"{'base_learner': 'gbm', 'n_estimators': 400, 'max_depth': 3, 'learning_rate': 0.05}",5,0.18536308010295272,6,8.634205341339111,4.375863790512085,1.261979539770594,0.2977394185967014,0.9989558465447391,-0.2977394185967014,0.9793423811024536,0.6816029625057523,0.6960517154007712,0.20498256383959323,0.9010342792403644,1.3280599601946965,1.1529199629423408,1.1451834474514215,1.4021257461648622,0.087,0.0010684895780352973,0.7147265056230764,0.713,0.0,0.40817816721431177,0.1462858512214327,0.701792846597489,0.4,,0.0018638693193863908,0.7067808677599663
fair_selection,fair_selection,synthetic,scenario,synthetic_imbalance10,t_learner,18,2000,2000,0.1045,11.064087867736816,"{'base_learner': 'gbm', 'n_estimators': 200, 'max_depth': 3, 'learning_rate': 0.1}",4,0.24471794705393626,6,8.779114723205566,2.266063928604126,1.2315788794323037,0.4417447479982184,0.975522207067321,-0.44174474799821833,0.9985727292068496,0.5568279812086312,0.815797540383664,0.2636712563610476,1.0794687967447116,1.141204425038002,1.2011567619983115,1.2075212104028195,1.3652521982628856,0.1045,0.0045979935811166555,0.6689891408614271,0.61,0.0,0.3728771448951296,0.1091260062009034,0.5689799126342624,0.2,,0.003653173745925322,0.6306827257190998
fair_selection,fair_selection,synthetic,scenario,synthetic_imbalance10,t_learner,19,2000,2000,0.083,13.376656293869019,"{'base_learner': 'gbm', 'n_estimators': 400, 'max_depth': 3, 'learning_rate': 0.05}",5,0.1939995719984421,6,8.723737239837646,4.625044345855713,1.2181283790746078,0.06130156493800254,0.9568927650430454,-0.06130156493800273,1.0013442425231096,0.9400426775851071,0.7480553369556076,0.18344052141271183,0.9314958583683194,1.117346184277,1.0631914319665243,1.1708845577750886,1.4783564615701312,0.083,0.0013996657405152683,0.7468936498164331,0.74,0.0,0.44265612066586957,0.15336866889264952,0.6672868439966402,0.45,,0.0020476723272443275,0.6762150484150177
fair_selection,fair_selection,synthetic,scenario,synthetic_imbalance10,t_learner,20,2000,2000,0.0975,13.879739999771118,"{'base_learner': 'gbm', 'n_estimators': 400, 'max_depth': 3, 'learning_rate': 0.05}",5,0.19922169788917685,6,9.565720319747925,4.289342880249023,1.2861485507116606,0.16149426311673598,1.0241095162259222,-0.16149426311673615,0.9972729066129272,0.8357786434961912,0.8035833954420175,0.2306581804678205,1.034241575909838,1.1399634813772601,1.2421014198932887,1.2424151906714267,1.493580997403561,0.0975,0.002557749630007886,0.6573218411647996,0.6675,0.0,0.424319909084452,0.13112698436859735,0.7049527908427742,0.25,,0.004963102223961865,0.6242720751741762
fair_selection,fair_selection,synthetic,scenario,synthetic_imbalance10,t_learner,21,2000,2000,0.098,12.506323099136353,"{'base_learner': 'gbm', 'n_estimators': 400, 'max_depth': 3, 'learning_rate': 0.05}",5,0.19560543537108033,6,8.04792594909668,4.4327921867370605,1.0601126613371825,0.0732215747385424,0.8394314464046763,-0.07322157473854239,0.9942709486025046,0.9210493738639622,0.829540854163646,0.156703988408062,0.986244842571708,1.0199159086995826,1.038734697474378,0.9918994209478085,1.179954543648752,0.098,0.0009464908601884061,0.838290077390014,0.6605,0.0,0.42481560251595096,0.1332400128117303,0.670038711916858,0.3,,0.0026084253153925868,0.7575819010236416
fair_selection,fair_selection,synthetic,scenario,synthetic_imbalance10,t_learner,22,2000,2000,0.093,12.57794737815857,"{'base_learner': 'gbm', 'n_estimators': 400, 'max_depth': 3, 'learning_rate': 0.05}",5,0.19564024927669757,6,8.07182788848877,4.481432914733887,1.201358385855308,0.05753382347463609,0.9580799518888089,0.057533823474635926,1.005694401834314,1.06322822530895,0.8906490241998332,0.1459591507547079,1.036608174954541,1.1520905829151211,1.2066730445030156,1.1207829475227034,1.3166324172030424,0.093,0.001500852967419116,0.6892795427477194,0.6845,0.0,0.42152434470249317,0.14314294340805805,0.8024733482645543,0.3,,0.002956619637599997,0.636619911410083
fair_selection,fair_selection,synthetic,scenario,synthetic_imbalance10,t_learner,23,2000,2000,0.102,10.158818244934082,"{'base_learner': 'gbm', 'n_estimators': 200, 'max_depth': 3, 'learning_rate': 0.1}",4,0.2093348703295674,6,8.054564476013184,2.09114146232605,1.2696071708626435,0.15795174055034178,0.9748852448713684,-0.15795174055034186,0.9863786558371623,0.8284269152868206,0.7683217906570688,0.22033635036851862,0.9886581410255875,1.144719422845795,1.1153842172738413,1.211364617844167,1.557478965082562,0.102,0.0033539184447760424,0.767781141102042,0.6325,0.0,0.3552229354993668,0.1306830625187616,0.5225343190162953,0.35,,0.0020064866690360918,0.7364384406109432
fair_selection,fair_selection,synthetic,scenario,synthetic_imbalance10,t_learner,24,2000,2000,0.098,12.313062191009521,"{'base_learner': 'gbm', 'n_estimators': 400, 'max_depth': 3, 'learning_rate': 0.05}",5,0.2096840774163271,6,7.955540895462036,4.329840660095215,1.270819236350177,0.39288560471910683,1.0123393377296317,0.39288560471910683,0.9987093506981598,1.3915949554172666,0.8846754897356771,0.08359470802895808,0.9682701977646352,1.0682378858306092,1.425271469129276,1.2057615137577322,1.3540806314298548,0.098,0.0013959134104341,0.7175651580844389,0.6745,0.0,0.4401330376940133,0.14513412843955542,0.6463350089703223,0.35,,0.0024241785690450562,0.7760756144989274
fair_selection,fair_selection,synthetic,scenario,synthetic_imbalance10,t_learner,25,2000,2000,0.102,12.402606964111328,"{'base_learner': 'gbm', 'n_estimators': 400, 'max_depth': 3, 'learning_rate': 0.05}",5,0.19245629364228684,6,8.099369287490845,4.27733588218689,1.4116982902850528,0.6643602215081543,1.1049569494949387,-0.6643602215081544,0.9991239276584803,0.334763706150326,0.5914549553838631,0.37581684102789115,0.9672717964117542,1.077745540317646,1.1375604269099429,1.384610658054051,1.8970615177774248,0.102,0.0019199669825804332,0.7006859687467256,0.665,0.0,0.4203240316171012,0.13503839362437858,0.7712116341785826,0.3,,0.003112008480987086,0.7549133816311429
fair_selection,fair_selection,synthetic,scenario,synthetic_imbalance10,t_learner,26,2000,2000,0.0965,12.590003728866577,"{'base_learner': 'gbm', 'n_estimators': 400, 'max_depth': 3, 'learning_rate': 0.05}",5,0.1785239935931213,6,7.925134897232056,4.640316724777222,1.2360753051076379,0.2861726668436223,0.9725737658014272,-0.28617266684362197,1.0171306539049356,0.7309579870613133,0.7967052565700887,0.2284514007286076,1.0251566572986963,1.1428466687646823,1.1137611264248792,1.1676866203048404,1.483736580834709,0.0965,0.0024746343747838496,0.7269137360918676,0.6685,0.0,0.4008447287606344,0.14164511281840436,0.6683434296545662,0.35,,0.0026921181330671726,0.6378996990655813
fair_selection,fair_selection,synthetic,scenario,synthetic_imbalance10,t_learner,27,2000,2000,0.1105,10.515937805175781,"{'base_learner': 'gbm', 'n_estimators': 200, 'max_depth': 3, 'learning_rate': 0.1}",4,0.19435364476379477,6,8.245252847671509,2.255164861679077,1.3034596794353592,0.2855989176032352,1.0260926298287554,-0.28559891760323525,0.9959384935616975,0.7103395759584623,0.7240891925342787,0.23853402898045506,0.9626232215147338,1.250176155180922,1.155693939240807,1.2321629092945667,1.5424766476134346,0.1105,0.001700934540616625,0.7164251252986886,0.5905,0.0,0.37035652242476963,0.12150636391418787,0.5641624203034299,0.3,,0.0013486640944855735,0.675744643654041
fair_selection,fair_selection,synthetic,scenario,synthetic_imbalance10,t_learner,28,2000,2000,0.0995,9.788233995437622,"{'base_learner': 'gbm', 'n_estimators': 200, 'max_depth': 3, 'learning_rate': 0.1}",4,0.19616253622536114,6,7.750346422195435,2.024606466293335,1.2742490289925692,0.17616796834386084,0.999687717003779,-0.17616796834386075,0.9766359953808899,0.800468027037029,0.6137462745568113,0.23424138769587632,0.8479876622526876,1.1279893000177026,1.1451109814145577,1.2734121314131912,1.5131506449832077,0.0995,0.0036284755737639196,0.7012551160550405,0.637,0.0,0.35798369973130506,0.11784990938706767,0.5981251907074161,0.25,,0.00402270935999213,0.7062523325002755
fair_selection,fair_selection,synthetic,scenario,synthetic_imbalance10,t_learner,29,2000,2000,0.0945,12.432138442993164,"{'base_learner': 'gbm', 'n_estimators': 400, 'max_depth': 3, 'learning_rate': 0.05}",5,0.20947977846073398,6,8.061908960342407,4.3459391593933105,1.256352181457757,0.2220130226840401,0.9816822719186569,-0.2220130226840401,0.9856623929546574,0.7636493702706173,0.6666739550546515,0.22148780533105328,0.8881617603857048,1.1548583405652795,1.0892866859114763,1.2883312785211867,1.4606993055798387,0.0945,0.003991762402950403,0.6047912497069203,0.6605,0.0,0.3523850426114369,0.11059736049450138,0.6286862703237173,0.25,,0.00214462587798056,0.7009343347838258
fair_selection,fair_selection,synthetic,scenario,synthetic_imbalance10,x_learner,0,2000,2000,0.095,23.11691164970398,"{'base_learner': 'gbm', 'n_estimators': 200, 'max_depth': 3, 'learning_rate': 0.1}",4,0.1978862259348449,6,18.677937030792236,4.4240562915802,0.6637257401029594,0.2121029621358148,0.5252490731082976,-0.2121029621358148,0.988634815670337,0.7765318535345221,0.8914584941555687,0.0831827556205732,0.9746412497761419,0.5407350568988177,0.6061018632828575,0.7003112419284862,0.7822644861523158,0.095,0.0007182890487726693,0.6987810814647578,0.689,0.0,0.4543471939517302,0.15191159914747793,0.7603658648116849,0.5,,0.0023948385261354007,0.6600560104191665
fair_selection,fair_selection,synthetic,scenario,synthetic_imbalance10,x_learner,1,2000,2000,0.092,26.139950037002563,"{'base_learner': 'gbm', 'n_estimators': 400, 'max_depth': 3, 'learning_rate': 0.05}",5,0.22547071831237045,6,19.782531261444092,6.344701766967773,0.7321619874722818,0.3034091106813601,0.5663359795918975,-0.30340911068136006,0.9947717733296532,0.691362662648293,0.9780243197617086,0.08587493102014776,1.0638992507818563,0.5629599589289549,0.6197225454906137,0.667584736954177,0.998796963269619,0.092,0.00336111691809858,0.6381422932507997,0.6835,0.0,0.39580540126412567,0.13301268555211504,0.5949027146201571,0.3,,0.00388398047082141,0.6485344000648833
fair_selection,fair_selection,synthetic,scenario,synthetic_imbalance10,x_learner,2,2000,2000,0.11,22.304033279418945,"{'base_learner': 'gbm', 'n_estimators': 200, 'max_depth': 3, 'learning_rate': 0.1}",4,0.1926280375607356,6,18.18665838241577,4.105219841003418,0.5729565770036784,0.13742125037789898,0.4419917037803763,-0.13742125037789898,0.9804604494287746,0.8430391990508757,0.9043922337266246,0.03325422077225393,0.9376464544988785,0.48761481608028184,0.4895778305425443,0.5102825632597471,0.7584681938884449,0.11,0.0019355521567803432,0.7444774311854289,0.6075,0.0,0.3904494382022472,0.12389584418497898,0.596467352967145,0.2,,0.00307390471690626,0.6861255313652606
fair_selection,fair_selection,synthetic,scenario,synthetic_imbalance10,x_learner,3,2000,2000,0.1045,25.131208658218384,"{'base_learner': 'gbm', 'n_estimators': 400, 'max_depth': 3, 'learning_rate': 0.05}",5,0.19670875884812078,6,18.698049306869507,6.420420169830322,0.8826928144106313,0.45698062102836146,0.6578002647703665,-0.4569806210283614,1.0087926713972664,0.5518120503689049,0.7216356132421379,0.18088280278517788,0.9025184160273158,0.6624567708556373,0.6759602537099962,0.7794141375075361,1.2701688009291787,0.1045,0.00231247356927956,0.6851842333489518,0.625,0.0,0.4243385988955944,0.13990568507761944,0.6536314454995417,0.4,,0.0022349900159087982,0.6451006640577337
fair_selection,fair_selection,synthetic,scenario,synthetic_imbalance10,x_learner,4,2000,2000,0.0935,24.043289184570312,"{'base_learner': 'gbm', 'n_estimators': 400, 'max_depth': 3, 'learning_rate': 0.05}",5,0.19271058583910972,6,17.779298067092896,6.251523494720459,0.6892093092537847,0.19147153402614103,0.5326304407462048,-0.191471534026141,0.9903193784566898,0.7988478444305488,0.8660132090966074,0.05632237458794176,0.9223355836845492,0.5639899698770936,0.5587278925961976,0.5900657859665985,0.9599993291627776,0.0935,0.0004609035895346401,0.8231868861263986,0.68,0.0,0.4096675525246954,0.1390924501912883,0.6169165942625832,0.4,,0.0013442367384049652,0.7656389578900169
fair_selection,fair_selection,synthetic,scenario,synthetic_imbalance10,x_learner,5,2000,2000,0.0935,23.944470167160034,"{'base_learner': 'gbm', 'n_estimators': 400, 'max_depth': 3, 'learning_rate': 0.05}",5,0.2198638564831333,6,17.840036869049072,6.091670989990234,0.6294078019929029,0.21623534187858495,0.4923966106075842,-0.21623534187858504,0.9664879542782492,0.7502526123996642,0.9238893327129701,0.05637907748456039,0.9802684101975305,0.539270673968083,0.5138636001665173,0.5929467099660246,0.8235060804878925,0.0935,0.0012688373245176843,0.5586211511287793,0.675,0.0,0.39064569316670156,0.1260548220268922,0.629676634871974,0.3,,0.0022069699348180186,0.5134047460535719
fair_selection,fair_selection,synthetic,scenario,synthetic_imbalance10,x_learner,6,2000,2000,0.094,24.174485683441162,"{'base_learner': 'gbm', 'n_estimators': 400, 'max_depth': 3, 'learning_rate': 0.05}",5,0.19743981475260014,6,17.80777072906494,6.354661703109741,0.6373318846901819,0.01850643033012589,0.49609217438585484,-0.018506430330125938,1.003619649399195,0.985113219069069,0.9927504381749008,0.04318303985580929,1.0359334780307101,0.5647184050584774,0.5326133463188413,0.6715072742281984,0.7558186633980585,0.094,0.0022713387376649755,0.6262174792195296,0.6615,0.0,0.4029167253769198,0.1375973174478438,0.5485537143524933,0.35,,0.002076845503080005,0.6266591613050506
fair_selection,fair_selection,synthetic,scenario,synthetic_imbalance10,x_learner,7,2000,2000,0.098,25.16710352897644,"{'base_learner': 'gbm', 'n_estimators': 400, 'max_depth': 3, 'learning_rate': 0.05}",5,0.22322360808068775,6,18.250644207000732,6.903162956237793,0.7225183782380692,0.14464585634983462,0.5594748791706005,-0.1446458563498345,0.9985860310672204,0.8539401747173858,0.9177062790943252,0.08454458543799281,1.002250864532318,0.6205450414734894,0.6993666625409175,0.6909501642004906,0.858212806352502,0.098,0.005067652796265301,0.5928104517404778,0.65,0.0,0.36760713154441377,0.12389866864744326,0.606024333726914,0.3,,0.00235060853769078,0.6841327600452058
fair_selection,fair_selection,synthetic,scenario,synthetic_imbalance10,x_learner,8,2000,2000,0.109,26.009956121444702,"{'base_learner': 'gbm', 'n_estimators': 400, 'max_depth': 3, 'learning_rate': 0.05}",5,0.1908290751346564,6,19.005649089813232,6.990952491760254,0.6219456472078572,0.12411293794037848,0.47021332014928735,-0.12411293794037857,1.0063284488837538,0.8822155109433754,0.9963535665483225,0.045606930417285474,1.041960496965608,0.5791684303752541,0.49784476228591534,0.52577568339482,0.8291803211576215,0.109,0.0047916707259375805,0.6616737181705981,0.579,0.0,0.34336741523285863,0.10255940248606181,0.49690564697427403,0.15,,0.002276038609224947,0.6835126407818236
fair_selection,fair_selection,synthetic,scenario,synthetic_imbalance10,x_learner,9,2000,2000,0.0935,24.640358209609985,"{'base_learner': 'gbm', 'n_estimators': 400, 'max_depth': 3, 'learning_rate': 0.05}",5,0.18171991211868363,6,18.354952812194824,6.272679328918457,0.641874962709699,0.13797386656182142,0.4914227152894011,-0.1379738665618216,1.000148146210073,0.8621742796482516,0.8545633395156612,0.052707360489448685,0.9072707000051099,0.5319302908958607,0.5592667034919715,0.640157805882848,0.8015502320966765,0.0935,0.002402296363528321,0.693483823622094,0.6735,0.0,0.4122307399618324,0.1378312355241074,0.6755803185068423,0.4,,0.0028502786976433553,0.6826422773801979
fair_selection,fair_selection,synthetic,scenario,synthetic_imbalance10,x_learner,10,2000,2000,0.0985,22.492744207382202,"{'base_learner': 'gbm', 'n_estimators': 200, 'max_depth': 3, 'learning_rate': 0.1}",4,0.23102027830251187,6,18.212270259857178,4.267192602157593,0.6179533975077703,0.20251959587265123,0.4753979424090727,-0.20251959587265114,1.0102761104198241,0.8077565145471729,0.9714041534261706,0.049928769100472836,1.0213329225266434,0.5236701157278123,0.5124604037809933,0.563772779437105,0.8202315548560589,0.0985,0.0012773164335213249,0.7309608047462609,0.6505,0.0,0.3783260274049737,0.14397411640924612,0.6444848655482354,0.45,,0.0027325130964206057,0.7413713905670535
fair_selection,fair_selection,synthetic,scenario,synthetic_imbalance10,x_learner,11,2000,2000,0.095,24.253643035888672,"{'base_learner': 'gbm', 'n_estimators': 400, 'max_depth': 3, 'learning_rate': 0.05}",5,0.19966028580572062,6,17.944998741149902,6.295491695404053,0.5658465598330598,0.06747196523566101,0.44539242401519086,0.06747196523566118,1.004209171295834,1.071681136531495,1.00187271374996,0.026089406280474403,1.0279621200304343,0.5468780395736774,0.5579884568649424,0.5623699752427216,0.5950148064398618,0.095,0.0018690157123873823,0.6436487571250237,0.677,0.0,0.4009595812736261,0.1512738845710203,0.6204634695850825,0.45,,0.0018369256837262556,0.6861208047742317
fair_selection,fair_selection,synthetic,scenario,synthetic_imbalance10,x_learner,12,2000,2000,0.095,24.33160710334778,"{'base_learner': 'gbm', 'n_estimators': 400, 'max_depth': 3, 'learning_rate': 0.05}",5,0.209728271097162,6,18.069275856018066,6.249325275421143,0.7308344974843883,0.16718578251843463,0.5567287102778039,-0.16718578251843458,1.0076912717470716,0.840505489228637,0.9178698788302604,0.09846247815755715,1.0163323569878175,0.6036267074925387,0.6644553537432942,0.6629504687994874,0.9439845378263165,0.095,0.0018182861683567902,0.8229724774688834,0.6865,0.0,0.46106426286711255,0.1460123322877286,0.8109335637491476,0.35,,0.0032587793590294054,0.7825200426443356
fair_selection,fair_selection,synthetic,scenario,synthetic_imbalance10,x_learner,13,2000,2000,0.1055,24.35399079322815,"{'base_learner': 'gbm', 'n_estimators': 400, 'max_depth': 3, 'learning_rate': 0.05}",5,0.19136659688601235,6,18.01136565208435,6.327043533325195,0.7885213777564903,0.09252320392455482,0.6019563485807115,-0.09252320392455463,0.9934729095450703,0.9009497056205155,0.9064291663221525,0.06555124132361301,0.9719804076457655,0.6835857064814411,0.6835201324411518,0.6941292533193163,1.034774972080521,0.1055,0.0022460198090549586,0.8207543984012908,0.6255,0.0,0.3819815142034391,0.1365864036054701,0.6489270488268953,0.4,,0.0022557135267526436,0.7856272184657465
fair_selection,fair_selection,synthetic,scenario,synthetic_imbalance10,x_learner,14,2000,2000,0.1005,24.065972328186035,"{'base_learner': 'gbm', 'n_estimators': 400, 'max_depth': 3, 'learning_rate': 0.05}",5,0.2042564914697691,6,17.896270990371704,6.156347990036011,0.6730324391213995,0.11631077611081886,0.5328042866461572,-0.11631077611081891,0.9864716718243007,0.8701608957134819,0.7665549177898807,0.08707624929568636,0.8536311670855671,0.6302296084287131,0.62459979601561,0.6788071623439712,0.7508643208106086,0.1005,0.0018717735325747115,0.7357199727288374,0.657,0.0,0.4118291256336439,0.12734341301016877,0.6586652751473744,0.3,,0.0019164606389563631,0.6894084516785315
fair_selection,fair_selection,synthetic,scenario,synthetic_imbalance10,x_learner,15,2000,2000,0.0975,24.189777135849,"{'base_learner': 'gbm', 'n_estimators': 400, 'max_depth': 3, 'learning_rate': 0.05}",5,0.20018351434130133,6,17.926111459732056,6.250401735305786,0.6257003232492846,0.041601021455245135,0.49039659547482906,0.041601021455245475,0.9872567721697856,1.0288577936250307,1.0301494887175964,0.026416119551045725,1.056565608268642,0.5828777102556548,0.5670546168045935,0.5694965755273753,0.761826663334482,0.0975,0.00501754413603496,0.532702737596741,0.64,0.0,0.3475672988138362,0.10903848162182661,0.49434338571045966,0.3,,0.0022065900160406233,0.6454386214283936
fair_selection,fair_selection,synthetic,scenario,synthetic_imbalance10,x_learner,16,2000,2000,0.108,22.149595260620117,"{'base_learner': 'gbm', 'n_estimators': 200, 'max_depth': 3, 'learning_rate': 0.1}",4,0.21389673639337892,6,17.99812889099121,4.1390697956085205,0.818747219835024,0.19776825756515148,0.5942371055659462,-0.19776825756515165,1.003893844164219,0.8061255865990674,0.9137897485514752,0.1075999175297333,1.0213896660812085,0.6532132991644186,0.5588072756074512,0.7443325803568217,1.178305505500417,0.108,0.0023036429492549336,0.6999014453028618,0.6135,0.0,0.36545009134695233,0.1552532408941015,0.5454519533702707,0.55,,0.0025220035681639114,0.6664540092069099
fair_selection,fair_selection,synthetic,scenario,synthetic_imbalance10,x_learner,17,2000,2000,0.087,24.367915153503418,"{'base_learner': 'gbm', 'n_estimators': 400, 'max_depth': 3, 'learning_rate': 0.05}",5,0.18536308010295272,6,17.96063494682312,6.393991231918335,0.7777740550502048,0.11910819025492814,0.6136276176313042,-0.11910819025492815,0.9793423811024536,0.8602341908475255,0.8052228420538067,0.09581143718655771,0.9010342792403644,0.6314410922789544,0.7444365106446866,0.8313082256525345,0.8807684062227228,0.087,0.0010684895780352973,0.7147265056230764,0.713,0.0,0.40817816721431177,0.1462858512214327,0.701792846597489,0.4,,0.0018638693193863908,0.7067808677599663
fair_selection,fair_selection,synthetic,scenario,synthetic_imbalance10,x_learner,18,2000,2000,0.1045,22.4772891998291,"{'base_learner': 'gbm', 'n_estimators': 200, 'max_depth': 3, 'learning_rate': 0.1}",4,0.24471794705393626,6,18.32801914215088,4.136260032653809,0.6988798109333538,0.18788630747355073,0.5489572582123325,-0.18788630747355056,0.9985727292068496,0.8106864217332989,0.9882687176131483,0.09120007913156336,1.0794687967447116,0.6292982550183827,0.6620359343348857,0.5995391102203769,0.8717665649227859,0.1045,0.0045979935811166555,0.6689891408614271,0.61,0.0,0.3728771448951296,0.1091260062009034,0.5689799126342624,0.2,,0.003653173745925322,0.6306827257190998
fair_selection,fair_selection,synthetic,scenario,synthetic_imbalance10,x_learner,19,2000,2000,0.083,24.15067958831787,"{'base_learner': 'gbm', 'n_estimators': 400, 'max_depth': 3, 'learning_rate': 0.05}",5,0.1939995719984421,6,17.899688482284546,6.238011121749878,0.6310712932766055,0.05370561009063268,0.4943484617421316,-0.05370561009063273,1.0013442425231096,0.9476386324324769,0.8826260256044691,0.04886983276385026,0.9314958583683194,0.5702355879879707,0.5529889770242529,0.635704594785388,0.746939182558834,0.083,0.0013996657405152683,0.7468936498164331,0.74,0.0,0.44265612066586957,0.15336866889264952,0.6672868439966402,0.45,,0.0020476723272443275,0.6762150484150177
fair_selection,fair_selection,synthetic,scenario,synthetic_imbalance10,x_learner,20,2000,2000,0.0975,24.49246335029602,"{'base_learner': 'gbm', 'n_estimators': 400, 'max_depth': 3, 'learning_rate': 0.05}",5,0.19922169788917685,6,17.902355432510376,6.57570481300354,0.6670798612736811,0.08705251269048353,0.5223450396829791,-0.0870525126904837,0.9972729066129272,0.9102203939224437,0.956434758235569,0.077806817674269,1.034241575909838,0.5376942991621628,0.6353687756470072,0.6718513108941264,0.7973639952360726,0.0975,0.002557749630007886,0.6573218411647996,0.6675,0.0,0.424319909084452,0.13112698436859735,0.7049527908427742,0.25,,0.004963102223961865,0.6242720751741762
fair_selection,fair_selection,synthetic,scenario,synthetic_imbalance10,x_learner,21,2000,2000,0.098,25.210203170776367,"{'base_learner': 'gbm', 'n_estimators': 400, 'max_depth': 3, 'learning_rate': 0.05}",5,0.19560543537108033,6,18.718732357025146,6.477173566818237,0.6630751531386705,0.1676574451089139,0.5028689205817009,-0.16765744510891392,0.9942709486025046,0.8266135034935908,0.9298370591583143,0.0564077834133937,0.986244842571708,0.580748217497759,0.5314227461462021,0.5671345898708351,0.9040765258334771,0.098,0.0009464908601884061,0.838290077390014,0.6605,0.0,0.42481560251595096,0.1332400128117303,0.670038711916858,0.3,,0.0026084253153925868,0.7575819010236416
fair_selection,fair_selection,synthetic,scenario,synthetic_imbalance10,x_learner,22,2000,2000,0.093,25.00653600692749,"{'base_learner': 'gbm', 'n_estimators': 400, 'max_depth': 3, 'learning_rate': 0.05}",5,0.19564024927669757,6,18.52805495262146,6.463564395904541,0.7374797788591092,0.06302285804866181,0.5718627079566242,0.06302285804866191,1.005694401834314,1.0687172598829757,1.0026990765379282,0.033909098416612826,1.036608174954541,0.8214611185064091,0.6240941946647784,0.6375649210272348,0.8394788474689397,0.093,0.001500852967419116,0.6892795427477194,0.6845,0.0,0.42152434470249317,0.14314294340805805,0.8024733482645543,0.3,,0.002956619637599997,0.636619911410083
fair_selection,fair_selection,synthetic,scenario,synthetic_imbalance10,x_learner,23,2000,2000,0.102,23.599851846694946,"{'base_learner': 'gbm', 'n_estimators': 200, 'max_depth': 3, 'learning_rate': 0.1}",4,0.2093348703295674,6,19.208048343658447,4.378087043762207,0.5896905411378439,0.0535852332073089,0.45112471169180113,-0.05358523320730891,0.9863786558371623,0.9327934226298534,0.9555902984797945,0.03306784254579298,0.9886581410255875,0.5667794311823091,0.49560875946353694,0.5238606597129886,0.7413789721637085,0.102,0.0033539184447760424,0.767781141102042,0.6325,0.0,0.3552229354993668,0.1306830625187616,0.5225343190162953,0.35,,0.0020064866690360918,0.7364384406109432
fair_selection,fair_selection,synthetic,scenario,synthetic_imbalance10,x_learner,24,2000,2000,0.098,25.911504983901978,"{'base_learner': 'gbm', 'n_estimators': 400, 'max_depth': 3, 'learning_rate': 0.05}",5,0.2096840774163271,6,19.64240336418152,6.253246545791626,0.6861092379011684,0.26725906335043914,0.5408020012611019,0.26725906335043925,0.9987093506981598,1.265968414048599,0.9488396184696583,0.019430579294976935,0.9682701977646352,0.5529066694955946,0.6532944556733338,0.7382207823910436,0.7781479234650797,0.098,0.0013959134104341,0.7175651580844389,0.6745,0.0,0.4401330376940133,0.14513412843955542,0.6463350089703223,0.35,,0.0024241785690450562,0.7760756144989274
fair_selection,fair_selection,synthetic,scenario,synthetic_imbalance10,x_learner,25,2000,2000,0.102,23.94821858406067,"{'base_learner': 'gbm', 'n_estimators': 400, 'max_depth': 3, 'learning_rate': 0.05}",5,0.19245629364228684,6,17.470969200134277,6.463778018951416,0.7370351713806785,0.23989959520600757,0.5596241163517282,-0.23989959520600757,0.9991239276584803,0.7592243324524728,0.8774812905208248,0.0897905058909294,0.9672717964117542,0.6015244272596665,0.5942447311945305,0.6917750071060322,0.9896323952910515,0.102,0.0019199669825804332,0.7006859687467256,0.665,0.0,0.4203240316171012,0.13503839362437858,0.7712116341785826,0.3,,0.003112008480987086,0.7549133816311429
fair_selection,fair_selection,synthetic,scenario,synthetic_imbalance10,x_learner,26,2000,2000,0.0965,26.37804937362671,"{'base_learner': 'gbm', 'n_estimators': 400, 'max_depth': 3, 'learning_rate': 0.05}",5,0.1785239935931213,6,19.582988023757935,6.782624959945679,0.7100063391478678,0.11595207995119072,0.5366854950252807,-0.11595207995119049,1.0171306539049356,0.9011785739537449,0.9675806920037591,0.05757596529493725,1.0251566572986963,0.5943096050416276,0.6030337304029454,0.6234841209060575,0.9543846032130869,0.0965,0.0024746343747838496,0.7269137360918676,0.6685,0.0,0.4008447287606344,0.14164511281840436,0.6683434296545662,0.35,,0.0026921181330671726,0.6378996990655813
fair_selection,fair_selection,synthetic,scenario,synthetic_imbalance10,x_learner,27,2000,2000,0.1105,24.225910186767578,"{'base_learner': 'gbm', 'n_estimators': 200, 'max_depth': 3, 'learning_rate': 0.1}",4,0.19435364476379477,6,19.686187982559204,4.52539324760437,0.6637168117904989,0.09977945338773686,0.5083044379315829,-0.09977945338773693,0.9959384935616975,0.8961590401739606,0.9105019607932895,0.052121260721444296,0.9626232215147338,0.5279690025560752,0.5931154438892823,0.586269478134342,0.8875984038862549,0.1105,0.001700934540616625,0.7164251252986886,0.5905,0.0,0.37035652242476963,0.12150636391418787,0.5641624203034299,0.3,,0.0013486640944855735,0.675744643654041
fair_selection,fair_selection,synthetic,scenario,synthetic_imbalance10,x_learner,28,2000,2000,0.0995,24.176707983016968,"{'base_learner': 'gbm', 'n_estimators': 200, 'max_depth': 3, 'learning_rate': 0.1}",4,0.19616253622536114,6,19.799299716949463,4.359999179840088,0.5898529064982396,0.048388248485918606,0.4501915640632608,-0.048388248485918675,0.9766359953808899,0.9282477468949712,0.8142276325753266,0.033760029677361025,0.8479876622526876,0.5269978771102032,0.5134690400091362,0.5274694905650761,0.7563759146179486,0.0995,0.0036284755737639196,0.7012551160550405,0.637,0.0,0.35798369973130506,0.11784990938706767,0.5981251907074161,0.25,,0.00402270935999213,0.7062523325002755
fair_selection,fair_selection,synthetic,scenario,synthetic_imbalance10,x_learner,29,2000,2000,0.0945,25.874086618423462,"{'base_learner': 'gbm', 'n_estimators': 400, 'max_depth': 3, 'learning_rate': 0.05}",5,0.20947977846073398,6,19.352617502212524,6.5083653926849365,0.6915597170399255,0.15223382406626362,0.5312973469550525,-0.1522338240662636,0.9856623929546574,0.8334285688883938,0.8108710283375222,0.0772907320481826,0.8881617603857048,0.5855351741073627,0.6137955718351564,0.6662886170460537,0.8657265177888676,0.0945,0.003991762402950403,0.6047912497069203,0.6605,0.0,0.3523850426114369,0.11059736049450138,0.6286862703237173,0.25,,0.00214462587798056,0.7009343347838258
fair_selection,fair_selection,synthetic,scenario,synthetic_imbalance10,neural_rep,0,2000,2000,0.095,51.24637579917908,"{'latent_dim': 8, 'lr': 0.001, 'weight_decay': 0.01, 'epochs': 200, 'dropout': 0.2}",4,0.1526494445862282,6,42.56166648864746,8.683093547821045,0.6725828369532402,0.2607822078582692,0.5125843892590738,-0.26078220785826933,0.988634815670337,0.7278526078120677,0.9655863904609265,0.009054859315215325,0.9746412497761419,0.5336475695929586,0.24909083910781962,0.4584045712744293,1.11915591613996,0.095,0.0007182890487726693,0.6987810814647578,0.689,0.0,0.4543471939517302,0.15191159914747793,0.7603658648116849,0.5,,0.0023948385261354007,0.6600560104191665
fair_selection,fair_selection,synthetic,scenario,synthetic_imbalance10,neural_rep,1,2000,2000,0.092,51.29368305206299,"{'latent_dim': 8, 'lr': 0.001, 'weight_decay': 0.01, 'epochs': 200, 'dropout': 0.2}",4,0.15696656919041363,6,42.01702547073364,9.275582790374756,0.8128495848495401,0.4248973063423792,0.6288580376679181,-0.4248973063423791,0.9947717733296532,0.569874466987274,1.0515755067384793,0.012323744043376994,1.0638992507818563,0.5285392202508299,0.33494101536677773,0.6393934749127224,1.357399934979013,0.092,0.00336111691809858,0.6381422932507997,0.6835,0.0,0.39580540126412567,0.13301268555211504,0.5949027146201571,0.3,,0.00388398047082141,0.6485344000648833
fair_selection,fair_selection,synthetic,scenario,synthetic_imbalance10,neural_rep,2,2000,2000,0.11,62.59034562110901,"{'latent_dim': 8, 'lr': 0.0005, 'weight_decay': 0.01, 'epochs': 400, 'dropout': 0.3}",5,0.15403809313184755,6,42.23362445831299,20.3540940284729,0.6433551381101208,0.1497034861889852,0.49280567276771337,-0.1497034861889853,0.9804604494287746,0.8307569632397894,0.9291274507657377,0.00851900373314085,0.9376464544988785,0.648429439610614,0.18402369143226005,0.3421307367028649,1.0412705876821042,0.11,0.0019355521567803432,0.7444774311854289,0.6075,0.0,0.3904494382022472,0.12389584418497898,0.596467352967145,0.2,,0.00307390471690626,0.6861255313652606
fair_selection,fair_selection,synthetic,scenario,synthetic_imbalance10,neural_rep,3,2000,2000,0.1045,57.26215410232544,"{'latent_dim': 8, 'lr': 0.0005, 'weight_decay': 0.01, 'epochs': 400, 'dropout': 0.3}",5,0.15233184411004747,6,41.13372039794922,16.127299070358276,0.7611809467770178,0.46234555362542207,0.5950314036279365,-0.46234555362542207,1.0087926713972664,0.5464471177718443,0.8937044366290157,0.008813979398300087,0.9025184160273158,0.3740203008040568,0.3170776127682197,0.6369772890597816,1.2928326536080104,0.1045,0.00231247356927956,0.6851842333489518,0.625,0.0,0.4243385988955944,0.13990568507761944,0.6536314454995417,0.4,,0.0022349900159087982,0.6451006640577337
fair_selection,fair_selection,synthetic,scenario,synthetic_imbalance10,neural_rep,4,2000,2000,0.0935,58.51143002510071,"{'latent_dim': 8, 'lr': 0.0005, 'weight_decay': 0.01, 'epochs': 400, 'dropout': 0.3}",5,0.13698509362447406,6,41.27005457878113,17.240110874176025,0.7480461503558848,0.2870407912837575,0.5746764209632227,-0.2870407912837575,0.9903193784566898,0.7032785871729323,0.9070132271304279,0.015322356554121286,0.9223355836845492,0.6081333700617265,0.26676730240063246,0.5344426999100639,1.229500786233638,0.0935,0.0004609035895346401,0.8231868861263986,0.68,0.0,0.4096675525246954,0.1390924501912883,0.6169165942625832,0.4,,0.0013442367384049652,0.7656389578900169
fair_selection,fair_selection,synthetic,scenario,synthetic_imbalance10,neural_rep,5,2000,2000,0.0935,56.49347114562988,"{'latent_dim': 8, 'lr': 0.0005, 'weight_decay': 0.01, 'epochs': 400, 'dropout': 0.3}",5,0.17121571100900204,6,39.81702494621277,16.675243139266968,0.6715149559316383,0.30418605403410104,0.5166969473216825,-0.30418605403410104,0.9664879542782492,0.6623019002441481,0.969387282177124,0.010881128020406527,0.9802684101975305,0.4731930644603836,0.30827086565589173,0.5056074792289816,1.1086693908652634,0.0935,0.0012688373245176843,0.5586211511287793,0.675,0.0,0.39064569316670156,0.1260548220268922,0.629676634871974,0.3,,0.0022069699348180186,0.5134047460535719
fair_selection,fair_selection,synthetic,scenario,synthetic_imbalance10,neural_rep,6,2000,2000,0.094,56.020699977874756,"{'latent_dim': 8, 'lr': 0.0005, 'weight_decay': 0.01, 'epochs': 400, 'dropout': 0.3}",5,0.14118869415383994,6,38.830803632736206,17.18879723548889,0.6520639019553973,0.19789050639589223,0.5050177103310703,-0.19789050639589242,1.003619649399195,0.8057291430033027,1.0273495716827297,0.008583906347980452,1.0359334780307101,0.6303029440257644,0.22591001881950354,0.4202021937208307,1.037237825898583,0.094,0.0022713387376649755,0.6262174792195296,0.6615,0.0,0.4029167253769198,0.1375973174478438,0.5485537143524933,0.35,,0.002076845503080005,0.6266591613050506
fair_selection,fair_selection,synthetic,scenario,synthetic_imbalance10,neural_rep,7,2000,2000,0.098,57.854978799819946,"{'latent_dim': 8, 'lr': 0.0005, 'weight_decay': 0.01, 'epochs': 400, 'dropout': 0.3}",5,0.16138142412789558,6,40.5153124332428,17.33858633041382,0.6671353298996363,0.24286897430523857,0.5130157109825356,-0.2428689743052385,0.9985860310672204,0.7557170567619819,0.9932654126370885,0.00898545189522959,1.002250864532318,0.588875334824426,0.1605836120606196,0.43855182550248945,1.1024469300254796,0.098,0.005067652796265301,0.5928104517404778,0.65,0.0,0.36760713154441377,0.12389866864744326,0.606024333726914,0.3,,0.00235060853769078,0.6841327600452058
fair_selection,fair_selection,synthetic,scenario,synthetic_imbalance10,neural_rep,8,2000,2000,0.109,47.87052655220032,"{'latent_dim': 8, 'lr': 0.001, 'weight_decay': 0.01, 'epochs': 200, 'dropout': 0.2}",4,0.13519916176637461,6,39.699455976486206,8.169899702072144,0.7746783192311804,0.21690093458378956,0.5895910656346686,-0.2169009345837895,1.0063284488837538,0.7894275142999643,1.009133237086365,0.032827259879242954,1.041960496965608,0.7211235293323738,0.2785211837644716,0.5005503827681824,1.245938246100372,0.109,0.0047916707259375805,0.6616737181705981,0.579,0.0,0.34336741523285863,0.10255940248606181,0.49690564697427403,0.15,,0.002276038609224947,0.6835126407818236
fair_selection,fair_selection,synthetic,scenario,synthetic_imbalance10,neural_rep,9,2000,2000,0.0935,57.58012533187866,"{'latent_dim': 8, 'lr': 0.0005, 'weight_decay': 0.01, 'epochs': 400, 'dropout': 0.3}",5,0.1400125093491222,6,40.88724946975708,16.691528797149658,0.7089877148027441,0.33059217816901987,0.5373293231224807,-0.33059217816902,1.000148146210073,0.6695559680410531,0.9007714401459965,0.006499259859113371,0.9072707000051099,0.46901580077792765,0.1853611712575445,0.5120743533380082,1.2223336657512958,0.0935,0.002402296363528321,0.693483823622094,0.6735,0.0,0.4122307399618324,0.1378312355241074,0.6755803185068423,0.4,,0.0028502786976433553,0.6826422773801979
fair_selection,fair_selection,synthetic,scenario,synthetic_imbalance10,neural_rep,10,2000,2000,0.0985,48.71766710281372,"{'latent_dim': 8, 'lr': 0.001, 'weight_decay': 0.01, 'epochs': 200, 'dropout': 0.2}",4,0.15826022418486577,6,40.46017384529114,8.256304264068604,0.7838709715912743,0.22929642497884783,0.6230800704675238,-0.22929642497884786,1.0102761104198241,0.7809796854409763,1.0121308774903428,0.009202045036300621,1.0213329225266434,0.8026799290711074,0.3205976380865463,0.5557699238963838,1.1840002863283992,0.0985,0.0012773164335213249,0.7309608047462609,0.6505,0.0,0.3783260274049737,0.14397411640924612,0.6444848655482354,0.45,,0.0027325130964206057,0.7413713905670535
fair_selection,fair_selection,synthetic,scenario,synthetic_imbalance10,neural_rep,11,2000,2000,0.095,50.01930809020996,"{'latent_dim': 8, 'lr': 0.001, 'weight_decay': 0.01, 'epochs': 200, 'dropout': 0.2}",4,0.14978605427411218,6,41.76547122001648,8.252732992172241,0.6735001469882849,0.24171218300086983,0.5135215830892365,-0.24171218300086975,1.004209171295834,0.7624969882949643,1.019462762523179,0.00849935750725539,1.0279621200304343,0.5759866773093387,0.17699803155846794,0.42969875089394327,1.1254687111775812,0.095,0.0018690157123873823,0.6436487571250237,0.677,0.0,0.4009595812736261,0.1512738845710203,0.6204634695850825,0.45,,0.0018369256837262556,0.6861208047742317
fair_selection,fair_selection,synthetic,scenario,synthetic_imbalance10,neural_rep,12,2000,2000,0.095,49.42422819137573,"{'latent_dim': 8, 'lr': 0.001, 'weight_decay': 0.01, 'epochs': 200, 'dropout': 0.2}",4,0.15794691266047717,6,40.19027519226074,9.23288631439209,0.873201991740473,0.5674256921714419,0.6779753320498932,-0.5674256921714418,1.0076912717470716,0.44026557957562973,0.9808940479593014,0.03543830902851619,1.0163323569878175,0.3473692417956746,0.38077135925532135,0.7445452559644342,1.4932940156459893,0.095,0.0018182861683567902,0.8229724774688834,0.6865,0.0,0.46106426286711255,0.1460123322877286,0.8109335637491476,0.35,,0.0032587793590294054,0.7825200426443356
fair_selection,fair_selection,synthetic,scenario,synthetic_imbalance10,neural_rep,13,2000,2000,0.1055,59.92401623725891,"{'latent_dim': 8, 'lr': 0.0005, 'weight_decay': 0.01, 'epochs': 400, 'dropout': 0.3}",5,0.14155318153237825,6,41.909703493118286,18.01286482810974,0.663442222210209,0.26155366627413534,0.5044563153374645,-0.26155366627413534,0.9934729095450703,0.7319192432709349,0.9650176218135624,0.006962785832203111,0.9719804076457655,0.505079478533949,0.2707267894437479,0.4710606003461394,1.1001481561534205,0.1055,0.0022460198090549586,0.8207543984012908,0.6255,0.0,0.3819815142034391,0.1365864036054701,0.6489270488268953,0.4,,0.0022557135267526436,0.7856272184657465
fair_selection,fair_selection,synthetic,scenario,synthetic_imbalance10,neural_rep,14,2000,2000,0.1005,49.57507681846619,"{'latent_dim': 8, 'lr': 0.001, 'weight_decay': 0.01, 'epochs': 200, 'dropout': 0.2}",4,0.1573648596161141,6,41.638410329818726,7.935542345046997,0.7147524007946073,0.3273058188154859,0.5397050050817206,-0.3273058188154861,0.9864716718243007,0.6591658530088148,0.8446051689568443,0.009025998128722734,0.8536311670855671,0.48740652681853913,0.25579045704298914,0.511176064146114,1.2162191944345948,0.1005,0.0018717735325747115,0.7357199727288374,0.657,0.0,0.4118291256336439,0.12734341301016877,0.6586652751473744,0.3,,0.0019164606389563631,0.6894084516785315
fair_selection,fair_selection,synthetic,scenario,synthetic_imbalance10,neural_rep,15,2000,2000,0.0975,47.899476289749146,"{'latent_dim': 8, 'lr': 0.001, 'weight_decay': 0.01, 'epochs': 200, 'dropout': 0.2}",4,0.15978226207763113,6,39.79893136024475,8.099513530731201,0.6061577893277568,0.12931684245980524,0.464518859289396,-0.12931684245980535,0.9872567721697856,0.8579399297099803,1.0481036292790726,0.008461978989569463,1.056565608268642,0.6467554617439581,0.2066849371664595,0.34830224923905023,0.942010252002985,0.0975,0.00501754413603496,0.532702737596741,0.64,0.0,0.3475672988138362,0.10903848162182661,0.49434338571045966,0.3,,0.0022065900160406233,0.6454386214283936
fair_selection,fair_selection,synthetic,scenario,synthetic_imbalance10,neural_rep,16,2000,2000,0.108,56.85799598693848,"{'latent_dim': 8, 'lr': 0.0005, 'weight_decay': 0.01, 'epochs': 400, 'dropout': 0.3}",5,0.17383866994984123,6,40.31941533088684,16.537476301193237,0.6735408698771352,0.27126770349132356,0.511632797413582,-0.2712677034913237,1.003893844164219,0.7326261406728953,1.0091960012186583,0.012193664862550246,1.0213896660812085,0.5257431513866688,0.21631746250204273,0.4695477633503102,1.1273664025944736,0.108,0.0023036429492549336,0.6999014453028618,0.6135,0.0,0.36545009134695233,0.1552532408941015,0.5454519533702707,0.55,,0.0025220035681639114,0.6664540092069099
fair_selection,fair_selection,synthetic,scenario,synthetic_imbalance10,neural_rep,17,2000,2000,0.087,56.52714824676514,"{'latent_dim': 8, 'lr': 0.0005, 'weight_decay': 0.01, 'epochs': 400, 'dropout': 0.3}",5,0.15249576939846055,6,39.23215126991272,17.293477773666382,0.738269705855895,0.4123623886120077,0.5710466839901797,-0.41236238861200764,0.9793423811024536,0.566979992490446,0.8932760903335748,0.007758188906789587,0.9010342792403644,0.41703958904672156,0.25464818427574776,0.5862895852178959,1.2639879113409402,0.087,0.0010684895780352973,0.7147265056230764,0.713,0.0,0.40817816721431177,0.1462858512214327,0.701792846597489,0.4,,0.0018638693193863908,0.7067808677599663
fair_selection,fair_selection,synthetic,scenario,synthetic_imbalance10,neural_rep,18,2000,2000,0.1045,58.50356864929199,"{'latent_dim': 8, 'lr': 0.0005, 'weight_decay': 0.01, 'epochs': 400, 'dropout': 0.3}",5,0.1742664863491055,6,42.04038190841675,16.46074604988098,0.6880966409243041,0.2512124962899879,0.5223540420720799,-0.25121249628998776,0.9985727292068496,0.7473602329168617,1.0711960883188072,0.00827270842590444,1.0794687967447116,0.5673872197205998,0.16140395491523887,0.43755100356959614,1.1638202500884443,0.1045,0.0045979935811166555,0.6689891408614271,0.61,0.0,0.3728771448951296,0.1091260062009034,0.5689799126342624,0.2,,0.003653173745925322,0.6306827257190998
fair_selection,fair_selection,synthetic,scenario,synthetic_imbalance10,neural_rep,19,2000,2000,0.083,55.468902826309204,"{'latent_dim': 8, 'lr': 0.0005, 'weight_decay': 0.01, 'epochs': 400, 'dropout': 0.3}",5,0.1555461903626546,6,38.58497214317322,16.88278293609619,0.600193574302123,0.05738889773686662,0.4624482587816493,-0.05738889773686679,1.0013442425231096,0.943955344786243,0.9253704962281967,0.006125362140122714,0.9314958583683194,0.6832120591562695,0.2725897741067608,0.31691708117885775,0.8940967327236917,0.083,0.0013996657405152683,0.7468936498164331,0.74,0.0,0.44265612066586957,0.15336866889264952,0.6672868439966402,0.45,,0.0020476723272443275,0.6762150484150177
fair_selection,fair_selection,synthetic,scenario,synthetic_imbalance10,neural_rep,20,2000,2000,0.0975,46.788830518722534,"{'latent_dim': 8, 'lr': 0.001, 'weight_decay': 0.01, 'epochs': 200, 'dropout': 0.2}",4,0.15694403752310992,6,38.858070373535156,7.9287590980529785,0.7296041545676291,0.29958790811104896,0.5619397720525293,-0.2995879081110493,0.9972729066129272,0.6976849985018783,1.024840744165911,0.009400831743926918,1.034241575909838,0.5876811937931133,0.20607100752986726,0.4928127491801922,1.2241691214911308,0.0975,0.002557749630007886,0.6573218411647996,0.6675,0.0,0.424319909084452,0.13112698436859735,0.7049527908427742,0.25,,0.004963102223961865,0.6242720751741762
fair_selection,fair_selection,synthetic,scenario,synthetic_imbalance10,neural_rep,21,2000,2000,0.098,58.103766202926636,"{'latent_dim': 8, 'lr': 0.0005, 'weight_decay': 0.01, 'epochs': 400, 'dropout': 0.3}",5,0.16309891638432358,6,39.459259033203125,18.643434047698975,0.6523028262100067,0.2646562703427603,0.5004406448108865,-0.2646562703427603,0.9942709486025046,0.7296146782597444,0.977020832949409,0.009224009622298968,0.986244842571708,0.5139991101844243,0.16166111354002166,0.44288217524083134,1.1025070912601054,0.098,0.0009464908601884061,0.838290077390014,0.6605,0.0,0.42481560251595096,0.1332400128117303,0.670038711916858,0.3,,0.0026084253153925868,0.7575819010236416
fair_selection,fair_selection,synthetic,scenario,synthetic_imbalance10,neural_rep,22,2000,2000,0.093,58.71495962142944,"{'latent_dim': 8, 'lr': 0.0005, 'weight_decay': 0.01, 'epochs': 400, 'dropout': 0.3}",5,0.15787650836509873,6,41.21055579185486,17.50269627571106,0.6571450295639062,0.1264155068052757,0.49995914658386026,-0.12641550680527563,1.005694401834314,0.8792788950290382,1.0272800204314376,0.009328154523103427,1.036608174954541,0.7099140364978517,0.21897358593239646,0.3482967022558522,1.0267036554756788,0.093,0.001500852967419116,0.6892795427477194,0.6845,0.0,0.42152434470249317,0.14314294340805805,0.8024733482645543,0.3,,0.002956619637599997,0.636619911410083
fair_selection,fair_selection,synthetic,scenario,synthetic_imbalance10,neural_rep,23,2000,2000,0.102,59.47734594345093,"{'latent_dim': 8, 'lr': 0.0005, 'weight_decay': 0.01, 'epochs': 400, 'dropout': 0.3}",5,0.14593457581695077,6,41.278422355651855,18.197785139083862,0.7529731961362466,0.19918172328451178,0.5897223312092413,-0.19918172328451192,0.9863786558371623,0.7871969325526506,0.9781797145596965,0.010478426465890922,0.9886581410255875,0.7675970882909404,0.33711857364362424,0.5054755178073753,1.1443403403916432,0.102,0.0033539184447760424,0.767781141102042,0.6325,0.0,0.3552229354993668,0.1306830625187616,0.5225343190162953,0.35,,0.0020064866690360918,0.7364384406109432
fair_selection,fair_selection,synthetic,scenario,synthetic_imbalance10,neural_rep,24,2000,2000,0.098,57.58070921897888,"{'latent_dim': 8, 'lr': 0.0005, 'weight_decay': 0.01, 'epochs': 400, 'dropout': 0.3}",5,0.15469885281377183,6,40.14206504821777,17.437294006347656,0.6472269542631781,0.02718726979919095,0.4971406576744233,-0.027187269799191015,0.9987093506981598,0.9715220808989689,0.9609506356125046,0.007319562152130588,0.9682701977646352,0.7727136052759735,0.3321344803768189,0.3195080683283278,0.930658845516706,0.098,0.0013959134104341,0.7175651580844389,0.6745,0.0,0.4401330376940133,0.14513412843955542,0.6463350089703223,0.35,,0.0024241785690450562,0.7760756144989274
fair_selection,fair_selection,synthetic,scenario,synthetic_imbalance10,neural_rep,25,2000,2000,0.102,58.24397850036621,"{'latent_dim': 8, 'lr': 0.0005, 'weight_decay': 0.01, 'epochs': 400, 'dropout': 0.3}",5,0.1401458040786906,6,39.74480366706848,18.497868537902832,0.7301744365804984,0.38686861608955037,0.5604364969031069,-0.3868686160895504,0.9991239276584803,0.61225531156893,0.9596312035473396,0.007640592864414653,0.9672717964117542,0.4346251056939072,0.21450977167571855,0.5627323879110552,1.2573932027391852,0.102,0.0019199669825804332,0.7006859687467256,0.665,0.0,0.4203240316171012,0.13503839362437858,0.7712116341785826,0.3,,0.003112008480987086,0.7549133816311429
fair_selection,fair_selection,synthetic,scenario,synthetic_imbalance10,neural_rep,26,2000,2000,0.0965,56.7395875453949,"{'latent_dim': 8, 'lr': 0.0005, 'weight_decay': 0.01, 'epochs': 400, 'dropout': 0.3}",5,0.13905637317703953,6,40.20223021507263,16.535542011260986,0.6912808414243281,0.20289125286006338,0.5211771916623609,-0.20289125286006315,1.0171306539049356,0.8142394010448722,1.0191712024314858,0.005985454867210471,1.0251566572986963,0.6108207668851129,0.2078646975170037,0.4195665071682027,1.1485342882178267,0.0965,0.0024746343747838496,0.7269137360918676,0.6685,0.0,0.4008447287606344,0.14164511281840436,0.6683434296545662,0.35,,0.0026921181330671726,0.6378996990655813
fair_selection,fair_selection,synthetic,scenario,synthetic_imbalance10,neural_rep,27,2000,2000,0.1105,56.91789197921753,"{'latent_dim': 8, 'lr': 0.0005, 'weight_decay': 0.01, 'epochs': 400, 'dropout': 0.3}",5,0.15100982309170033,6,38.71350312232971,18.203301906585693,0.6544588982597882,0.21500268063715855,0.5104708271196644,-0.2150026806371586,0.9959384935616975,0.780935812924539,0.9556602367246236,0.006962984790110149,0.9626232215147338,0.6134679680718487,0.15923864852115838,0.41760558165809863,1.06638242726548,0.1105,0.001700934540616625,0.7164251252986886,0.5905,0.0,0.37035652242476963,0.12150636391418787,0.5641624203034299,0.3,,0.0013486640944855735,0.675744643654041
fair_selection,fair_selection,synthetic,scenario,synthetic_imbalance10,neural_rep,28,2000,2000,0.0995,58.57411527633667,"{'latent_dim': 8, 'lr': 0.0005, 'weight_decay': 0.01, 'epochs': 400, 'dropout': 0.3}",5,0.1523313648552517,6,40.9327712059021,17.639561414718628,0.7182825036448158,0.12756516070352764,0.5612044127458288,-0.12756516070352758,0.9766359953808899,0.8490708346773622,0.839839203712656,0.008148458540031656,0.8479876622526876,0.7799479043273838,0.32822860304466983,0.42965517034882783,1.0784538494716618,0.0995,0.0036284755737639196,0.7012551160550405,0.637,0.0,0.35798369973130506,0.11784990938706767,0.5981251907074161,0.25,,0.00402270935999213,0.7062523325002755
fair_selection,fair_selection,synthetic,scenario,synthetic_imbalance10,neural_rep,29,2000,2000,0.0945,61.062668561935425,"{'latent_dim': 8, 'lr': 0.0005, 'weight_decay': 0.01, 'epochs': 400, 'dropout': 0.3}",5,0.16043612608042832,6,43.265787839889526,17.794970512390137,0.6839193762388652,0.2216910667649017,0.5313472208101139,-0.22169106676490158,0.9856623929546574,0.7639713261897557,0.8805240353483009,0.007637725037403897,0.8881617603857048,0.6545265372699378,0.23513248516373678,0.4578640610402171,1.085196332843852,0.0945,0.003991762402950403,0.6047912497069203,0.6605,0.0,0.3523850426114369,0.11059736049450138,0.6286862703237173,0.25,,0.00214462587798056,0.7009343347838258
