experiment,config_name,dataset,condition,condition_value,model,seed,n_train,n_test,treated_fraction_train,fit_seconds,pehe,abs_ate_error,cate_mae,cate_bias,ate_true,ate_hat,policy_value,policy_regret,optimal_policy_value,pehe_tau_q1,pehe_tau_q2,pehe_tau_q3,pehe_tau_q4,diag_treated_fraction,diag_ps_min,diag_ps_max,diag_ps_frac_below_0.1,diag_ps_frac_above_0.9,diag_ps_ks_treated_vs_control,diag_smd_mean,diag_smd_max,diag_smd_frac_above_0.1,error
sample_size,sample_size,ihdp,train_fraction,0.25,s_learner,0,168,75,0.18452380952380953,0.13673114776611328,0.6907889977060794,0.03641796523439922,0.5356269660424247,0.0364179652343993,4.05634575318767,4.092763718422069,6.425954040151964,0.014933131029995828,6.44088717118196,0.9412105176845817,0.63503604938612,0.5666868670667046,0.5427571039953432,0.18452380952380953,0.009353915412797943,0.9116173577877823,0.4226190476190476,0.005952380952380952,0.6289145279020485,0.24467009674134496,0.5885897450091889,0.76,
sample_size,sample_size,ihdp,train_fraction,0.25,s_learner,1,168,75,0.22023809523809523,0.13040399551391602,0.8790661783532923,0.6095991047376876,0.7018654783833557,-0.6095991047376876,4.2142477603062325,3.604648655568545,8.238802977146783,0.0,8.238802977146783,0.8677105021450088,0.9183436193468593,0.8183540870436437,0.9103653768470705,0.22023809523809523,0.009801446083534261,0.6851747709926175,0.30952380952380953,0.0,0.4959768929234578,0.22634263215751693,0.5420891812639285,0.76,
sample_size,sample_size,ihdp,train_fraction,0.25,s_learner,2,168,75,0.13095238095238096,0.13462424278259277,1.1538880696553853,0.23370517856290185,0.8586335586895302,0.23370517856290235,4.064009157208732,4.297714335771634,7.462933979593411,0.0290861138587859,7.492020093452197,1.7858709263102586,0.9552734789939447,0.891571094985061,0.64280122862764,0.13095238095238096,0.010310455823298485,0.589837947374574,0.5178571428571429,0.0,0.635118306351183,0.24931625999578796,0.6150878990166778,0.76,
sample_size,sample_size,ihdp,train_fraction,0.25,s_learner,3,168,75,0.20833333333333334,0.14007568359375,1.4932029530249595,0.2044849472443091,1.1287485440623262,-0.20448494724431035,4.011240467092333,3.8067555198480236,12.371627322290355,0.08764488025794748,12.459272202548302,2.1935549641939147,0.9034376954322109,0.9612556078518018,1.5140450629621849,0.20833333333333334,0.018926678078473178,0.7631402464850572,0.32142857142857145,0.0,0.47969924812030074,0.1915529798427533,0.5891101807950034,0.56,
sample_size,sample_size,ihdp,train_fraction,0.25,s_learner,4,168,75,0.17857142857142858,0.13112592697143555,1.5957133401534112,0.31532278925091894,1.073281301966329,0.3153227892509184,4.163696052943034,4.479018842193953,11.221810498569956,0.16021231508068112,11.382022813650638,2.6785842396688544,1.2387426889320161,0.9233837917207648,0.7549941005833143,0.17857142857142858,0.014928652735355256,0.4799286559359998,0.2916666666666667,0.0,0.553623188405797,0.20178012603115364,0.4544147374625829,0.64,
sample_size,sample_size,ihdp,train_fraction,0.25,s_learner,5,168,75,0.19642857142857142,0.13020873069763184,0.7716994295745306,0.10189760741128984,0.5717851570113623,0.10189760741129013,3.9331437410854035,4.035041348496693,6.383491605800797,0.0,6.383491605800797,1.0696624397143963,0.6352026839564382,0.6888071385609992,0.591487396022999,0.19642857142857142,0.014974793747271597,0.5259175146296434,0.31547619047619047,0.0,0.4444444444444444,0.232417434588024,0.47899957880016975,0.76,
sample_size,sample_size,ihdp,train_fraction,0.25,s_learner,6,168,75,0.13690476190476192,0.12919282913208008,1.2351103812810889,1.1128424304719347,1.1263056323305727,-1.1128424304719344,4.016693170673207,2.9038507402012725,5.467977141813069,0.0,5.467977141813069,1.425437727048804,0.9265242564482391,1.4120418941915451,1.0875203329661758,0.13690476190476192,0.007116581828142355,0.530171005661958,0.4523809523809524,0.0,0.5757121439280359,0.21129926645168573,0.5394648129360299,0.64,
sample_size,sample_size,ihdp,train_fraction,0.25,s_learner,7,168,75,0.22023809523809523,0.12561893463134766,1.0843766673394957,0.0473670184426811,0.7492136053255064,0.04736701844268191,3.5578866081987015,3.6052536266413826,8.381534215985404,0.13122708976815112,8.512761305753555,1.8270956391876392,0.7007247722842269,0.7619797838040674,0.6382750048299147,0.22023809523809523,0.007174796155922677,0.860874264300139,0.3630952380952381,0.0,0.6158448524860739,0.2929876812998223,0.8045713428366867,0.76,
sample_size,sample_size,ihdp,train_fraction,0.25,s_learner,8,168,75,0.16666666666666666,0.12690091133117676,29.067893642848023,1.834788366799069,14.990417622835569,1.8347883667990694,10.668346257956449,12.503134624755518,53.66888882478201,4.392427267979386,58.061316092761395,54.77742286484517,7.778528450127455,9.90673847411425,13.389121742829303,0.16666666666666666,0.024204897921953274,0.5712489847875447,0.36904761904761907,0.0,0.42142857142857143,0.2072195596752196,0.4513429465878397,0.8,
sample_size,sample_size,ihdp,train_fraction,0.25,s_learner,9,168,75,0.16071428571428573,0.12741637229919434,5.557150815116284,0.026966941064078043,3.8138384041589735,-0.026966941064079007,5.304671650267495,5.277704709203417,26.248125015504954,0.3399758400372441,26.588100855542198,9.904689490113238,1.5700431406365365,3.0722091890996954,4.130286519882094,0.16071428571428573,0.009769083340147033,0.6674837270598899,0.43452380952380953,0.0,0.5279747832939322,0.2371552484090988,0.4678769139548768,0.8,
sample_size,sample_size,ihdp,train_fraction,0.25,s_learner,10,168,75,0.14285714285714285,0.1350548267364502,0.9237102310834236,0.047422826914149674,0.7156060884571483,0.04742282691415087,4.335689215411743,4.383112042325893,8.581004323616582,0.017943244460147056,8.59894756807673,1.2087855518145314,0.9456982389890382,0.7393135838571485,0.7162635810802065,0.14285714285714285,0.002128808079539213,0.5658962323561644,0.44642857142857145,0.0,0.5486111111111112,0.24317897684902362,0.5256388378602473,0.76,
sample_size,sample_size,ihdp,train_fraction,0.25,s_learner,11,168,75,0.20833333333333334,0.1298542022705078,2.1441384578696137,0.05116239030668712,1.6422095399500343,0.05116239030668678,4.390080635994342,4.441243026301029,13.266381446645745,0.28454013014935775,13.550921576795103,3.2422182201402636,1.2180026701425464,1.57235795493441,1.9384570427408063,0.20833333333333334,0.006845058308655514,0.8081641883471629,0.3392857142857143,0.0,0.5789473684210527,0.2357170235554003,0.6302069149829221,0.72,
sample_size,sample_size,ihdp,train_fraction,0.25,s_learner,12,168,75,0.21428571428571427,0.12626099586486816,27.678147343685044,4.987374662222358,20.238178034307317,4.987374662222357,8.167656931020298,13.155031593242656,78.62404755001539,6.066928721863704,84.6909762718791,47.55569616320971,13.54581194702594,13.252857275463006,20.32203734843831,0.21428571428571427,0.024523475531000587,0.682369031163969,0.30952380952380953,0.0,0.4722222222222222,0.20363708213098164,0.5408045644241306,0.8,
sample_size,sample_size,ihdp,train_fraction,0.25,s_learner,13,168,75,0.20238095238095238,0.12799644470214844,0.5561716317296445,0.03168376523382843,0.4258404887065528,0.03168376523382773,3.9256817327171536,3.957365497950982,6.247837970016093,0.0,6.247837970016093,0.5669457388839633,0.39149042544356316,0.5170240848505792,0.6737359809963052,0.20238095238095238,0.004093653223850521,0.6929405277145374,0.40476190476190477,0.0,0.6878841088674276,0.28697708330038063,0.7252839999660791,0.72,
sample_size,sample_size,ihdp,train_fraction,0.25,s_learner,14,168,75,0.17261904761904762,0.13743233680725098,2.0383632735634616,0.40177929487331365,1.5134482922505956,-0.40177929487331404,3.9636861517499717,3.561906856876658,10.454824202390894,0.09391549195213322,10.548739694343027,3.041178026484839,1.1235844949525504,1.5115425186008289,1.9161150059242205,0.17261904761904762,0.00291730901067514,0.821229452265335,0.5119047619047619,0.0,0.6576531877945919,0.26103567766374575,0.575720751870097,0.8,
sample_size,sample_size,ihdp,train_fraction,0.25,s_learner,15,168,75,0.19047619047619047,0.12717270851135254,0.8215155027624268,0.3875738891250906,0.691450736205813,-0.3875738891250918,4.488906434591061,4.10133254546597,8.900826912840778,0.0129099120055578,8.913736824846335,0.8436440269367383,0.642730699627255,0.764526978971486,0.9881463610449277,0.19047619047619047,0.015615631453347623,0.7506483574791045,0.3392857142857143,0.0,0.53125,0.20185378654597066,0.4081909149077445,0.72,
sample_size,sample_size,ihdp,train_fraction,0.25,s_learner,16,168,75,0.1488095238095238,0.1293492317199707,2.4391317710840514,0.2727608833005579,1.866354702242608,0.27276088330055875,3.8251275537781826,4.0978884370787405,14.335873590427576,0.3994843503764667,14.735357940804043,3.940005296020087,1.6045262427765778,1.8110802460443771,1.4972218130226047,0.1488095238095238,0.005999973086641806,0.5949220338986002,0.4583333333333333,0.0,0.5843356643356643,0.23998357063078601,0.6299462344432264,0.76,
sample_size,sample_size,ihdp,train_fraction,0.25,s_learner,17,168,75,0.20833333333333334,0.1305251121520996,1.6028337258932381,0.24455244716251645,1.1876137947335454,-0.24455244716251515,3.7452895448900776,3.500737097727561,12.38626930699064,0.1656804232541127,12.551949730244752,2.3195314584979374,1.3388234244172017,0.9285862317718195,1.483402145737167,0.20833333333333334,0.011670642234842366,0.6174019527276822,0.26785714285714285,0.0,0.49473684210526314,0.21784848886971678,0.4532649220631725,0.72,
sample_size,sample_size,ihdp,train_fraction,0.25,s_learner,18,168,75,0.17857142857142858,0.12680816650390625,2.0022810704619554,0.2692123503670669,1.2846875809454055,0.2692123503670676,3.9330175940637546,4.2022299444308215,10.894272557285536,0.37512405624703504,11.269396613532571,3.583874206520432,1.162598454807799,1.1538193873675833,0.607915409059012,0.17857142857142858,0.020739613145301546,0.5429342935093718,0.3273809523809524,0.0,0.5043478260869565,0.21611645500461513,0.5281624404863946,0.72,
sample_size,sample_size,ihdp,train_fraction,0.25,s_learner,19,168,75,0.16666666666666666,0.13362717628479004,1.059188284321078,0.33791001075130556,0.8895644172785997,-0.3379100107513047,4.182856218826348,3.8449462080750427,7.383558221117317,0.029765237765394303,7.4133234588827115,1.019290351043034,0.9335304502068584,1.0966170504911708,1.1667645112355358,0.16666666666666666,0.006709325499866469,0.6031243564187619,0.3333333333333333,0.0,0.5,0.19735731282135183,0.4697179160250553,0.76,
sample_size,sample_size,ihdp,train_fraction,0.25,s_learner,20,168,75,0.17261904761904762,0.12742924690246582,3.857913881677831,0.23721024865646534,2.6445595028469278,0.23721024865646403,4.722805469184018,4.960015717840483,19.775245068608594,0.6554312204519839,20.430676289060578,6.455211853505527,1.6664083438931379,2.7515802657219792,2.6227730948450567,0.17261904761904762,0.0225263410234318,0.5643628710520596,0.35714285714285715,0.0,0.4706028280823617,0.1932141443894362,0.517528017903587,0.72,
sample_size,sample_size,ihdp,train_fraction,0.25,s_learner,21,168,75,0.20238095238095238,0.130079984664917,0.6727986897172612,0.15697725718723232,0.5272018223735189,-0.15697725718723182,4.107409742058923,3.950432484871691,7.261635277895863,0.01495678583826443,7.276592063734127,0.8769016817141757,0.6628290211796559,0.6580407475239111,0.4106275461551466,0.20238095238095238,0.018294464132123545,0.6808316661367999,0.2976190476190476,0.0,0.5395083406496927,0.2200509383142992,0.5243660576790024,0.84,
sample_size,sample_size,ihdp,train_fraction,0.25,s_learner,22,168,75,0.17857142857142858,0.1331326961517334,1.5706778731908086,0.02085352118483108,1.3306854059923297,-0.020853521184832663,4.623469641373431,4.6026161201886,11.082885124972568,0.05570897962124377,11.138594104593812,2.3313269642431727,1.15806514590915,1.1503906026307864,1.307386114936491,0.17857142857142858,0.014969484327050218,0.6632500774360236,0.43452380952380953,0.0,0.6231884057971014,0.23566760656819263,0.41650096626275895,0.72,
sample_size,sample_size,ihdp,train_fraction,0.25,s_learner,23,168,75,0.19642857142857142,0.13235092163085938,6.179928658045536,1.8634056037686424,3.7304537668601174,1.8634056037686424,2.019971662565434,3.8833772663340764,15.59242147098132,1.19367638066276,16.78609785164408,11.675395216470008,1.6614085093121265,2.0066719370737105,2.792741808885863,0.19642857142857142,0.013353321985098367,0.7426452828562079,0.3273809523809524,0.0,0.5185185185185185,0.24650423918512246,0.6150833740774362,0.76,
sample_size,sample_size,ihdp,train_fraction,0.25,s_learner,24,168,75,0.18452380952380953,0.13547134399414062,3.1799222078760248,0.8746138916384343,1.4687701811935658,0.8746138916384341,4.015211833260161,4.8898257248985955,10.105191165266639,0.6029729837137996,10.708164148980439,6.177727043079481,0.6216607201636873,0.5243501626648608,1.0535838828811812,0.18452380952380953,0.0028609110026940952,0.7676011949000743,0.44642857142857145,0.0,0.622792559453732,0.272290593666036,0.8117548526600892,0.72,
sample_size,sample_size,ihdp,train_fraction,0.25,s_learner,25,168,75,0.19047619047619047,0.13907861709594727,10.145757435569202,2.9973880601754264,6.8118402821180855,2.997388060175426,2.3657951812226976,5.363183241398124,35.70090495096551,0.8149188581752824,36.51582380914079,18.46940825120424,5.50192580908523,4.221807175799094,4.325182843978389,0.19047619047619047,0.0037338876237390634,0.6079793839477968,0.35119047619047616,0.0,0.4944852941176471,0.23899516906063586,0.47595442428437323,0.8,
sample_size,sample_size,ihdp,train_fraction,0.25,s_learner,26,168,75,0.19047619047619047,0.14828252792358398,0.9188462297306735,0.20883218087470867,0.6745926016637552,-0.20883218087470723,4.069120522463573,3.860288341588864,8.988753331461467,0.029943487235994937,9.018696818697462,1.1868225145783267,0.5483165679335265,0.7030457376211191,1.0700605410825477,0.19047619047619047,0.007285967761664096,0.6629183393993846,0.35119047619047616,0.0,0.53125,0.19636594647841588,0.669873707212682,0.56,
sample_size,sample_size,ihdp,train_fraction,0.25,s_learner,27,168,75,0.16071428571428573,0.1486351490020752,44.46991724832323,8.635147618108816,26.951600852746868,8.635147618108816,-0.6684755489869564,7.966672069121858,79.6773317135986,3.170277888739733,82.84760960233834,83.33965776616947,9.708611628202751,12.868752719897733,24.613243418713857,0.16071428571428573,0.004285231794487487,0.6644842488754907,0.5178571428571429,0.0,0.5571315996847912,0.2605428961564781,0.5041670329991057,0.88,
sample_size,sample_size,ihdp,train_fraction,0.25,s_learner,28,168,75,0.19642857142857142,0.17838215827941895,1.359640271480458,0.09329415826359222,0.9114843148124869,0.09329415826359298,3.7867168106442683,3.8800109689078606,9.852798940602659,0.20169385282912877,10.054492793431788,2.370765876714464,1.0964640757271507,0.7545343519597021,0.5556038222092918,0.19642857142857142,0.02660995930363535,0.5641039504217519,0.27976190476190477,0.0,0.5521885521885522,0.1776317749351929,0.5780265383522669,0.64,
sample_size,sample_size,ihdp,train_fraction,0.25,s_learner,29,168,75,0.17261904761904762,0.13865017890930176,1.892290144309045,1.0168724142961123,1.50675888631529,-1.0168724142961125,5.052511980262755,4.035639565966643,11.344938263210697,0.02716936678371873,11.372107629994415,1.550956639166799,2.213069341720471,2.266016825121467,1.3979930473450468,0.17261904761904762,0.02639485444699982,0.7105970772979099,0.3273809523809524,0.0,0.5599106921359465,0.2236781180347871,0.4394008263432688,0.84,
sample_size,sample_size,ihdp,train_fraction,0.25,t_learner,0,168,75,0.18452380952380953,0.24250507354736328,1.0119381286685825,0.2503257374909502,0.7919157892695442,0.25032573749094855,4.05634575318767,4.30667149067862,6.422132710637996,0.018754460543964235,6.44088717118196,1.224078524087409,1.1174565954750977,0.8336399238617733,0.8160073041837677,0.18452380952380953,0.009353915412797943,0.9116173577877823,0.4226190476190476,0.005952380952380952,0.6289145279020485,0.24467009674134496,0.5885897450091889,0.76,
sample_size,sample_size,ihdp,train_fraction,0.25,t_learner,1,168,75,0.22023809523809523,0.21402692794799805,1.2142514183984954,0.4419761492531662,0.9297069574461422,-0.4419761492531665,4.2142477603062325,3.7722716110530663,8.238802977146783,0.0,8.238802977146783,1.4734179435802521,1.3683467392154196,1.0357766687479424,0.8957706625691043,0.22023809523809523,0.009801446083534261,0.6851747709926175,0.30952380952380953,0.0,0.4959768929234578,0.22634263215751693,0.5420891812639285,0.76,
sample_size,sample_size,ihdp,train_fraction,0.25,t_learner,2,168,75,0.13095238095238096,0.22022700309753418,1.2710330983897806,0.28889805477438735,1.0097806923678847,0.2888980547743872,4.064009157208732,4.352907211983119,7.492020093452197,0.0,7.492020093452197,1.692518893524718,0.9972889424515528,1.1807816419557267,1.0746785733967232,0.13095238095238096,0.010310455823298485,0.589837947374574,0.5178571428571429,0.0,0.635118306351183,0.24931625999578796,0.6150878990166778,0.76,
sample_size,sample_size,ihdp,train_fraction,0.25,t_learner,3,168,75,0.20833333333333334,0.22489213943481445,1.242945000432601,0.18427562322957414,0.908209035857231,-0.1842756232295752,4.011240467092333,3.8269648438627586,12.4062707271931,0.05300147535520239,12.459272202548302,1.5803399156514426,1.0445464515466525,1.1929362953712401,1.069632881564195,0.20833333333333334,0.018926678078473178,0.7631402464850572,0.32142857142857145,0.0,0.47969924812030074,0.1915529798427533,0.5891101807950034,0.56,
sample_size,sample_size,ihdp,train_fraction,0.25,t_learner,4,168,75,0.17857142857142858,0.21453046798706055,1.5333592178841482,0.43959153679521457,1.109533138951815,0.43959153679521357,4.163696052943034,4.603287589738248,11.280221980526715,0.10180083312392263,11.382022813650638,2.3052344677089365,1.378099457470517,1.0562615974539393,1.0256793643856934,0.17857142857142858,0.014928652735355256,0.4799286559359998,0.2916666666666667,0.0,0.553623188405797,0.20178012603115364,0.4544147374625829,0.64,
sample_size,sample_size,ihdp,train_fraction,0.25,t_learner,5,168,75,0.19642857142857142,0.21771478652954102,0.9208411954227192,0.2955980387119257,0.6980512412457297,0.29559803871192647,3.9331437410854035,4.228741779797329,6.383491605800797,0.0,6.383491605800797,1.0697820083309992,0.9281347181353681,0.8096885286428275,0.8550091699228911,0.19642857142857142,0.014974793747271597,0.5259175146296434,0.31547619047619047,0.0,0.4444444444444444,0.232417434588024,0.47899957880016975,0.76,
sample_size,sample_size,ihdp,train_fraction,0.25,t_learner,6,168,75,0.13690476190476192,0.22863125801086426,1.234796139506181,0.879359970895583,1.0096049881373674,-0.879359970895583,4.016693170673207,3.137333199777624,5.467977141813069,0.0,5.467977141813069,1.5259988233450517,0.9466546351983867,1.3227875547266355,1.044609618300516,0.13690476190476192,0.007116581828142355,0.530171005661958,0.4523809523809524,0.0,0.5757121439280359,0.21129926645168573,0.5394648129360299,0.64,
sample_size,sample_size,ihdp,train_fraction,0.25,t_learner,7,168,75,0.22023809523809523,0.22294950485229492,1.3156340901155195,0.2244032128120632,0.9970712358368647,0.2244032128120644,3.5578866081987015,3.7822898210107647,8.473696536586171,0.03906476916738377,8.512761305753555,1.6249224955131498,0.9039172501747125,1.1391422386118322,1.4887427770969015,0.22023809523809523,0.007174796155922677,0.860874264300139,0.3630952380952381,0.0,0.6158448524860739,0.2929876812998223,0.8045713428366867,0.76,
sample_size,sample_size,ihdp,train_fraction,0.25,t_learner,8,168,75,0.16666666666666666,0.22271180152893066,21.069100161599255,0.1166951731423218,9.942214961168698,0.11669517314232408,10.668346257956449,10.78504143109877,56.96940377651359,1.0919123162478073,58.061316092761395,39.24162518801777,8.446600084962332,8.309286654296255,8.702008895847888,0.16666666666666666,0.024204897921953274,0.5712489847875447,0.36904761904761907,0.0,0.42142857142857143,0.2072195596752196,0.4513429465878397,0.8,
sample_size,sample_size,ihdp,train_fraction,0.25,t_learner,9,168,75,0.16071428571428573,0.22590088844299316,3.3602413350016254,0.6000252716254879,2.470766850422395,-0.6000252716254889,5.304671650267495,4.704646378642007,26.2945618730752,0.2935389824669983,26.588100855542198,4.479619420755219,3.5032975674474773,2.1103584095095083,2.972048661071259,0.16071428571428573,0.009769083340147033,0.6674837270598899,0.43452380952380953,0.0,0.5279747832939322,0.2371552484090988,0.4678769139548768,0.8,
sample_size,sample_size,ihdp,train_fraction,0.25,t_learner,10,168,75,0.14285714285714285,0.21357035636901855,1.340773405713754,0.588487123484553,1.0638439045226775,0.588487123484555,4.335689215411743,4.924176338896296,8.57219032416697,0.026757243909759865,8.59894756807673,1.9273131819785447,1.0519423622595172,0.7816059731775793,1.3123617567483443,0.14285714285714285,0.002128808079539213,0.5658962323561644,0.44642857142857145,0.0,0.5486111111111112,0.24317897684902362,0.5256388378602473,0.76,
sample_size,sample_size,ihdp,train_fraction,0.25,t_learner,11,168,75,0.20833333333333334,0.22810077667236328,1.7740693498640965,0.16321006416086004,1.2601818716845914,-0.16321006416085915,4.390080635994342,4.226870571833482,13.440141324731833,0.11078025206326991,13.550921576795103,2.7962591258007294,0.9237995352805006,1.1240882229459321,1.5913864311946508,0.20833333333333334,0.006845058308655514,0.8081641883471629,0.3392857142857143,0.0,0.5789473684210527,0.2357170235554003,0.6302069149829221,0.72,
sample_size,sample_size,ihdp,train_fraction,0.25,t_learner,12,168,75,0.21428571428571427,0.23852825164794922,18.248177387317455,4.581573561771068,12.741789851342405,4.581573561771067,8.167656931020298,12.749230492791366,83.27182402678388,1.4191522450952192,84.6909762718791,30.52266209783061,14.64657487173536,10.82116932147621,7.905421241079631,0.21428571428571427,0.024523475531000587,0.682369031163969,0.30952380952380953,0.0,0.4722222222222222,0.20363708213098164,0.5408045644241306,0.8,
sample_size,sample_size,ihdp,train_fraction,0.25,t_learner,13,168,75,0.20238095238095238,0.21450471878051758,0.9066670987606994,0.08536766367832449,0.6940236504922724,0.08536766367832446,3.9256817327171536,4.011049396395478,6.247837970016093,0.0,6.247837970016093,0.7649248989065023,0.7223182807132001,0.7993889549982387,1.2192727699048038,0.20238095238095238,0.004093653223850521,0.6929405277145374,0.40476190476190477,0.0,0.6878841088674276,0.28697708330038063,0.7252839999660791,0.72,
sample_size,sample_size,ihdp,train_fraction,0.25,t_learner,14,168,75,0.17261904761904762,0.2239987850189209,1.7551040822917645,0.12168788912379958,1.2509692265605525,-0.12168788912379985,3.9636861517499717,3.841998262626172,10.394026778715862,0.15471291562716516,10.548739694343027,2.718026677819275,1.6394961336818397,1.321178175305539,0.692660170371956,0.17261904761904762,0.00291730901067514,0.821229452265335,0.5119047619047619,0.0,0.6576531877945919,0.26103567766374575,0.575720751870097,0.8,
sample_size,sample_size,ihdp,train_fraction,0.25,t_learner,15,168,75,0.19047619047619047,0.2395484447479248,0.8805916292980731,0.20566126605903712,0.6958109718352954,-0.20566126605903898,4.488906434591061,4.283245168532024,8.900826912840778,0.0129099120055578,8.913736824846335,0.7382831076940288,0.8541945309587887,1.0665820163054065,0.8288841018166218,0.19047619047619047,0.015615631453347623,0.7506483574791045,0.3392857142857143,0.0,0.53125,0.20185378654597066,0.4081909149077445,0.72,
sample_size,sample_size,ihdp,train_fraction,0.25,t_learner,16,168,75,0.1488095238095238,0.22846341133117676,1.7348360451328764,0.22115104410281727,1.3780717482888951,0.22115104410281802,3.8251275537781826,4.046278597881,14.542358523277887,0.19299941752615624,14.735357940804043,2.530092929805723,1.6921453421432462,1.2423804399267107,1.1057527531936402,0.1488095238095238,0.005999973086641806,0.5949220338986002,0.4583333333333333,0.0,0.5843356643356643,0.23998357063078601,0.6299462344432264,0.76,
sample_size,sample_size,ihdp,train_fraction,0.25,t_learner,17,168,75,0.20833333333333334,0.24495816230773926,1.2110327317633933,0.12086747977543677,0.8817108421748138,0.12086747977543769,3.7452895448900776,3.8661570246655144,12.45297760789367,0.09897212235108199,12.551949730244752,1.6078193301294053,0.8797243650498859,0.832530717394116,1.3333561547294122,0.20833333333333334,0.011670642234842366,0.6174019527276822,0.26785714285714285,0.0,0.49473684210526314,0.21784848886971678,0.4532649220631725,0.72,
sample_size,sample_size,ihdp,train_fraction,0.25,t_learner,18,168,75,0.17857142857142858,0.22960996627807617,1.4386232277008455,0.051657978912514224,1.0796523433576917,-0.0516579789125119,3.9330175940637546,3.8813596151512404,11.139852817009153,0.12954379652341785,11.269396613532571,2.1959465380658094,1.2710318598505244,0.8085609298187156,1.0785047158050414,0.17857142857142858,0.020739613145301546,0.5429342935093718,0.3273809523809524,0.0,0.5043478260869565,0.21611645500461513,0.5281624404863946,0.72,
sample_size,sample_size,ihdp,train_fraction,0.25,t_learner,19,168,75,0.16666666666666666,0.22054219245910645,1.1045176525504,0.26464015274805996,0.8740980788850038,-0.2646401527480587,4.182856218826348,3.9182160660782883,7.3757533401615625,0.037570118721149015,7.4133234588827115,0.9982152837039002,1.0328928132912174,1.045315755812341,1.3098828865842755,0.16666666666666666,0.006709325499866469,0.6031243564187619,0.3333333333333333,0.0,0.5,0.19735731282135183,0.4697179160250553,0.76,
sample_size,sample_size,ihdp,train_fraction,0.25,t_learner,20,168,75,0.17261904761904762,0.22504472732543945,4.251327746176316,0.7167496612677189,2.560629802438044,-0.7167496612677188,4.722805469184018,4.006055807916299,20.313517395383457,0.11715889367712151,20.430676289060578,6.201087355056589,5.187421859182661,2.270904107312847,1.4967780036142713,0.17261904761904762,0.0225263410234318,0.5643628710520596,0.35714285714285715,0.0,0.4706028280823617,0.1932141443894362,0.517528017903587,0.72,
sample_size,sample_size,ihdp,train_fraction,0.25,t_learner,21,168,75,0.20238095238095238,0.21755576133728027,0.776081774842577,0.01200529442557663,0.6409308764626408,-0.012005294425576872,4.107409742058923,4.095404447633347,7.262419057130651,0.014173006603476423,7.276592063734127,0.9717845431732132,0.675446060364283,0.6045148310794217,0.797177984397042,0.20238095238095238,0.018294464132123545,0.6808316661367999,0.2976190476190476,0.0,0.5395083406496927,0.2200509383142992,0.5243660576790024,0.84,
sample_size,sample_size,ihdp,train_fraction,0.25,t_learner,22,168,75,0.17857142857142858,0.2146289348602295,1.752519901683059,0.2651886778718575,1.4097799527646242,0.2651886778718569,4.623469641373431,4.888658319245288,11.032142491708807,0.10645161288500482,11.138594104593812,2.165060781653041,2.039809992636409,1.2344950943433552,1.4036933187241178,0.17857142857142858,0.014969484327050218,0.6632500774360236,0.43452380952380953,0.0,0.6231884057971014,0.23566760656819263,0.41650096626275895,0.72,
sample_size,sample_size,ihdp,train_fraction,0.25,t_learner,23,168,75,0.19642857142857142,0.21881747245788574,3.751798630014494,1.3354594349664564,2.198942324496856,1.3354594349664568,2.019971662565434,3.3554310975318904,16.627981790359403,0.1581160612846766,16.78609785164408,6.828520020279447,1.744303481710233,1.527971852868335,1.9280270690403554,0.19642857142857142,0.013353321985098367,0.7426452828562079,0.3273809523809524,0.0,0.5185185185185185,0.24650423918512246,0.6150833740774362,0.76,
sample_size,sample_size,ihdp,train_fraction,0.25,t_learner,24,168,75,0.18452380952380953,0.22077727317810059,3.111043486102895,1.2099215039147007,1.5120030083890035,1.2099215039147002,4.015211833260161,5.225133337174862,10.116637044810902,0.5915271041695362,10.708164148980439,5.960099272228763,0.8233668359110186,1.065740236109435,0.950856920088785,0.18452380952380953,0.0028609110026940952,0.7676011949000743,0.44642857142857145,0.0,0.622792559453732,0.272290593666036,0.8117548526600892,0.72,
sample_size,sample_size,ihdp,train_fraction,0.25,t_learner,25,168,75,0.19047619047619047,0.21590805053710938,7.173305331024755,0.861947291036707,4.911030130637446,-0.861947291036707,2.3657951812226976,1.5038478901859906,36.03928843694623,0.47653537219456155,36.51582380914079,10.49078810211454,8.337830990387234,3.8697485618757206,3.496414342955429,0.19047619047619047,0.0037338876237390634,0.6079793839477968,0.35119047619047616,0.0,0.4944852941176471,0.23899516906063586,0.47595442428437323,0.8,
sample_size,sample_size,ihdp,train_fraction,0.25,t_learner,26,168,75,0.19047619047619047,0.22452569007873535,1.0821161287489547,0.07901944240155157,0.873474192905702,0.07901944240155284,4.069120522463573,4.148139964865124,9.006601327916254,0.012095490781208085,9.018696818697462,1.167282743771506,0.8481677182533057,0.7881846148140674,1.3989142457153216,0.19047619047619047,0.007285967761664096,0.6629183393993846,0.35119047619047616,0.0,0.53125,0.19636594647841588,0.669873707212682,0.56,
sample_size,sample_size,ihdp,train_fraction,0.25,t_learner,27,168,75,0.16071428571428573,0.2540593147277832,30.0320519039862,6.139618263569667,16.187702925769063,6.139618263569667,-0.6684755489869564,5.471142714582711,81.23068126337948,1.6169283389588571,82.84760960233834,55.19779017903824,15.180047121244248,13.060171391760804,11.160511767238974,0.16071428571428573,0.004285231794487487,0.6644842488754907,0.5178571428571429,0.0,0.5571315996847912,0.2605428961564781,0.5041670329991057,0.88,
sample_size,sample_size,ihdp,train_fraction,0.25,t_learner,28,168,75,0.19642857142857142,0.2072598934173584,1.352581194548863,0.3903493719469977,1.0250963897879815,-0.3903493719469967,3.7867168106442683,3.3963674386972706,10.027064945796461,0.027427847635326685,10.054492793431788,1.8279446998926343,1.1701872289961883,1.2383814572500345,1.0909227693619314,0.19642857142857142,0.02660995930363535,0.5641039504217519,0.27976190476190477,0.0,0.5521885521885522,0.1776317749351929,0.5780265383522669,0.64,
sample_size,sample_size,ihdp,train_fraction,0.25,t_learner,29,168,75,0.17261904761904762,0.2181859016418457,1.5618717825066628,0.5963072294104643,1.2476486593887226,-0.5963072294104658,5.052511980262755,4.456204750852291,11.262842619969259,0.10926501002515643,11.372107629994415,1.9242373718073318,1.3449530782384729,1.5476058157626988,1.348300890390844,0.17261904761904762,0.02639485444699982,0.7105970772979099,0.3273809523809524,0.0,0.5599106921359465,0.2236781180347871,0.4394008263432688,0.84,
sample_size,sample_size,ihdp,train_fraction,0.25,x_learner,0,168,75,0.18452380952380953,0.46166515350341797,0.7774139633143317,0.13856688872963652,0.636304306807551,0.13856688872963666,4.05634575318767,4.194912641917306,6.44088717118196,0.0,6.44088717118196,0.9459305780956823,0.7856110423958642,0.6430067374521606,0.7019524035884639,0.18452380952380953,0.009353915412797943,0.9116173577877823,0.4226190476190476,0.005952380952380952,0.6289145279020485,0.24467009674134496,0.5885897450091889,0.76,
sample_size,sample_size,ihdp,train_fraction,0.25,x_learner,1,168,75,0.22023809523809523,0.46954989433288574,1.0084784869299814,0.4028724164835116,0.8127608308855718,-0.4028724164835116,4.2142477603062325,3.811375343822721,8.238802977146783,0.0,8.238802977146783,0.9159536315529866,1.1347603993914277,1.1234495897918009,0.8328079566125763,0.22023809523809523,0.009801446083534261,0.6851747709926175,0.30952380952380953,0.0,0.4959768929234578,0.22634263215751693,0.5420891812639285,0.76,
sample_size,sample_size,ihdp,train_fraction,0.25,x_learner,2,168,75,0.13095238095238096,0.44072389602661133,1.2091208629333567,0.4775084489928867,0.8154678396995715,0.4775084489928866,4.064009157208732,4.5415176062016185,7.462933979593411,0.0290861138587859,7.492020093452197,2.003908211701797,0.9657108169910424,0.8004904892418929,0.49634582218007894,0.13095238095238096,0.010310455823298485,0.589837947374574,0.5178571428571429,0.0,0.635118306351183,0.24931625999578796,0.6150878990166778,0.76,
sample_size,sample_size,ihdp,train_fraction,0.25,x_learner,3,168,75,0.20833333333333334,0.4467320442199707,1.5168225621343518,0.17745064275293165,1.2196296129345787,-0.1774506427529325,4.011240467092333,3.833789824339401,12.371627322290355,0.08764488025794748,12.459272202548302,1.9958626933094583,1.0620545767614376,1.2215734541842675,1.5929869402923353,0.20833333333333334,0.018926678078473178,0.7631402464850572,0.32142857142857145,0.0,0.47969924812030074,0.1915529798427533,0.5891101807950034,0.56,
sample_size,sample_size,ihdp,train_fraction,0.25,x_learner,4,168,75,0.17857142857142858,0.47222089767456055,1.8132486968607973,0.3545517314338129,1.3168387077252603,0.35455173143381286,4.163696052943034,4.518247784376847,11.22386352879015,0.15815928486048847,11.382022813650638,2.8633547549166236,1.5440734088225407,0.8742848563667123,1.3253613113753604,0.17857142857142858,0.014928652735355256,0.4799286559359998,0.2916666666666667,0.0,0.553623188405797,0.20178012603115364,0.4544147374625829,0.64,
sample_size,sample_size,ihdp,train_fraction,0.25,x_learner,5,168,75,0.19642857142857142,0.544710636138916,1.2435775526477821,0.3884002404412903,0.9064757142989763,0.38840024044128924,3.9331437410854035,4.321543981526694,6.383491605800797,0.0,6.383491605800797,2.0516482798832785,0.9885030014032586,0.7422233285994478,0.6470553078601599,0.19642857142857142,0.014974793747271597,0.5259175146296434,0.31547619047619047,0.0,0.4444444444444444,0.232417434588024,0.47899957880016975,0.76,
sample_size,sample_size,ihdp,train_fraction,0.25,x_learner,6,168,75,0.13690476190476192,0.46144962310791016,1.0138874336499923,0.9068212426435402,0.9216725803773141,-0.9068212426435404,4.016693170673207,3.109871928029667,5.467977141813069,0.0,5.467977141813069,1.0152250461499805,1.0527795150018522,1.0985970683080248,0.8775871237327167,0.13690476190476192,0.007116581828142355,0.530171005661958,0.4523809523809524,0.0,0.5757121439280359,0.21129926645168573,0.5394648129360299,0.64,
sample_size,sample_size,ihdp,train_fraction,0.25,x_learner,7,168,75,0.22023809523809523,0.4599306583404541,1.4929665124135623,0.39633954143579553,0.9611572169236424,0.3963395414357976,3.5578866081987015,3.954226149634497,8.381534215985404,0.13122708976815112,8.512761305753555,2.6458168351105544,0.7232422175382225,0.8813988895418247,0.9309308200696566,0.22023809523809523,0.007174796155922677,0.860874264300139,0.3630952380952381,0.0,0.6158448524860739,0.2929876812998223,0.8045713428366867,0.76,
sample_size,sample_size,ihdp,train_fraction,0.25,x_learner,8,168,75,0.16666666666666666,0.4461386203765869,26.832961070459664,3.116066157173872,14.377896986850104,3.1160661571738704,10.668346257956449,13.784412415130321,54.14223763052804,3.919078462233358,58.061316092761395,50.35500290354929,9.929477921990681,9.474835945076835,11.1054883888717,0.16666666666666666,0.024204897921953274,0.5712489847875447,0.36904761904761907,0.0,0.42142857142857143,0.2072195596752196,0.4513429465878397,0.8,
sample_size,sample_size,ihdp,train_fraction,0.25,x_learner,9,168,75,0.16071428571428573,0.4969608783721924,6.322901685877514,0.9596112059417878,4.6764891830281075,-0.9596112059417883,5.304671650267495,4.345060444325707,26.007323724790986,0.580777130751212,26.588100855542198,9.714952882979441,3.3255363798161426,4.895701530608283,5.776865067923612,0.16071428571428573,0.009769083340147033,0.6674837270598899,0.43452380952380953,0.0,0.5279747832939322,0.2371552484090988,0.4678769139548768,0.8,
sample_size,sample_size,ihdp,train_fraction,0.25,x_learner,10,168,75,0.14285714285714285,0.4493391513824463,1.2198948221806027,0.2330735724394275,0.9146588480883908,0.23307357243942897,4.335689215411743,4.5687627878511705,8.581004323616582,0.017943244460147056,8.59894756807673,1.516763301220577,1.209609684180871,1.1031927517588846,0.9851383732295765,0.14285714285714285,0.002128808079539213,0.5658962323561644,0.44642857142857145,0.0,0.5486111111111112,0.24317897684902362,0.5256388378602473,0.76,
sample_size,sample_size,ihdp,train_fraction,0.25,x_learner,11,168,75,0.20833333333333334,0.43837976455688477,2.3011143111044157,0.9245605518256883,1.864327370116486,-0.9245605518256887,4.390080635994342,3.4655200841686535,13.323074078075805,0.22784749871929755,13.550921576795103,2.1565030556842273,1.5268018726280306,2.6843267321053434,2.6148171513559872,0.20833333333333334,0.006845058308655514,0.8081641883471629,0.3392857142857143,0.0,0.5789473684210527,0.2357170235554003,0.6302069149829221,0.72,
sample_size,sample_size,ihdp,train_fraction,0.25,x_learner,12,168,75,0.21428571428571427,0.4385051727294922,24.574688452360178,1.4690490938542613,18.870015474798123,1.4690490938542593,8.167656931020298,9.63670602487456,81.85529767481205,2.8356785970670444,84.6909762718791,37.58455648761078,18.807056786650715,15.082132738554048,20.21675808028322,0.21428571428571427,0.024523475531000587,0.682369031163969,0.30952380952380953,0.0,0.4722222222222222,0.20363708213098164,0.5408045644241306,0.8,
sample_size,sample_size,ihdp,train_fraction,0.25,x_learner,13,168,75,0.20238095238095238,0.4436783790588379,0.8971640390397458,0.4073652427072476,0.6779679857233885,0.40736524270724656,3.9256817327171536,4.333046975424401,6.247837970016093,0.0,6.247837970016093,1.0452840404131145,1.1672824063813088,0.6690011021730995,0.8180016883587735,0.20238095238095238,0.004093653223850521,0.6929405277145374,0.40476190476190477,0.0,0.6878841088674276,0.28697708330038063,0.7252839999660791,0.72,
sample_size,sample_size,ihdp,train_fraction,0.25,x_learner,14,168,75,0.17261904761904762,0.44661521911621094,2.016570671841501,0.20871497917969295,1.4969271985398256,-0.20871497917969298,3.9636861517499717,3.754971172570279,10.454824202390894,0.09391549195213322,10.548739694343027,3.0627429367726875,1.495650351036591,1.543271756112202,1.4733916814885337,0.17261904761904762,0.00291730901067514,0.821229452265335,0.5119047619047619,0.0,0.6576531877945919,0.26103567766374575,0.575720751870097,0.8,
sample_size,sample_size,ihdp,train_fraction,0.25,x_learner,15,168,75,0.19047619047619047,0.43109679222106934,1.0093178186890948,0.1967098464918342,0.7986389376074313,-0.19670984649183568,4.488906434591061,4.292196588099227,8.900826912840778,0.0129099120055578,8.913736824846335,1.15948693029172,0.7177664095073532,1.03521987711982,1.0569339152925337,0.19047619047619047,0.015615631453347623,0.7506483574791045,0.3392857142857143,0.0,0.53125,0.20185378654597066,0.4081909149077445,0.72,
sample_size,sample_size,ihdp,train_fraction,0.25,x_learner,16,168,75,0.1488095238095238,0.4450998306274414,2.680031878661089,0.27809593053195325,2.09220589341148,0.2780959305319533,3.8251275537781826,4.103223484310136,14.41816758040836,0.31719036039568316,14.735357940804043,4.040914550080665,2.041852179424499,2.259834704742109,1.7224050949090892,0.1488095238095238,0.005999973086641806,0.5949220338986002,0.4583333333333333,0.0,0.5843356643356643,0.23998357063078601,0.6299462344432264,0.76,
sample_size,sample_size,ihdp,train_fraction,0.25,x_learner,17,168,75,0.20833333333333334,0.44274210929870605,1.6551838966726078,0.0009557970339324484,1.1205778050668833,0.0009557970339336416,3.7452895448900776,3.74624534192401,12.301397655195485,0.25055207504926713,12.551949730244752,2.6281598795624075,1.3275220643728196,1.2435154985782404,0.8314006923326812,0.20833333333333334,0.011670642234842366,0.6174019527276822,0.26785714285714285,0.0,0.49473684210526314,0.21784848886971678,0.4532649220631725,0.72,
sample_size,sample_size,ihdp,train_fraction,0.25,x_learner,18,168,75,0.17857142857142858,0.43445611000061035,2.2139945438923214,0.47753632103936905,1.7951057935860222,-0.47753632103936783,3.9330175940637546,3.4554812730243856,11.003047764334932,0.2663488491976391,11.269396613532571,3.244645097041951,1.7236360063951368,1.6928657293081002,1.7722940985279134,0.17857142857142858,0.020739613145301546,0.5429342935093718,0.3273809523809524,0.0,0.5043478260869565,0.21611645500461513,0.5281624404863946,0.72,
sample_size,sample_size,ihdp,train_fraction,0.25,x_learner,19,168,75,0.16666666666666666,0.4334261417388916,1.1808732279356355,0.006275955103254738,0.8806905774526737,-0.006275955103254205,4.182856218826348,4.1765802637230935,7.383558221117317,0.029765237765394303,7.4133234588827115,1.724921889493718,0.9992124496128414,0.8149978495177372,0.9586447619300371,0.16666666666666666,0.006709325499866469,0.6031243564187619,0.3333333333333333,0.0,0.5,0.19735731282135183,0.4697179160250553,0.76,
sample_size,sample_size,ihdp,train_fraction,0.25,x_learner,20,168,75,0.17261904761904762,0.4409933090209961,5.46393125885357,0.9449004703696762,4.007294165469339,-0.9449004703696761,4.722805469184018,3.777904998814342,19.39169060383479,1.0389856852257893,20.430676289060578,6.986760118564313,4.466960190185838,5.698836612793402,4.20140391196651,0.17261904761904762,0.0225263410234318,0.5643628710520596,0.35714285714285715,0.0,0.4706028280823617,0.1932141443894362,0.517528017903587,0.72,
sample_size,sample_size,ihdp,train_fraction,0.25,x_learner,21,168,75,0.20238095238095238,0.44525599479675293,0.737872826554569,0.08716912873494653,0.6080077693621545,0.08716912873494626,4.107409742058923,4.19457887079387,7.261635277895863,0.01495678583826443,7.276592063734127,0.9444703360399869,0.6470227919979644,0.6503672704067137,0.6614854094967865,0.20238095238095238,0.018294464132123545,0.6808316661367999,0.2976190476190476,0.0,0.5395083406496927,0.2200509383142992,0.5243660576790024,0.84,
sample_size,sample_size,ihdp,train_fraction,0.25,x_learner,22,168,75,0.17857142857142858,0.4231832027435303,1.8810150342249772,0.3357469431550175,1.5397991938325843,-0.33574694315501824,4.623469641373431,4.287722698218413,11.04633645096588,0.09225765362793226,11.138594104593812,2.548017646952325,1.2395137550747897,1.3272777488651566,2.0632635844155285,0.17857142857142858,0.014969484327050218,0.6632500774360236,0.43452380952380953,0.0,0.6231884057971014,0.23566760656819263,0.41650096626275895,0.72,
sample_size,sample_size,ihdp,train_fraction,0.25,x_learner,23,168,75,0.19642857142857142,0.41960692405700684,5.647701699006603,1.6410366429690049,3.456231109980424,1.6410366429690053,2.019971662565434,3.661008305534439,16.10509116459551,0.6810066870485691,16.78609785164408,10.547931428493062,2.601261906171226,2.143889217054801,1.9083568777255433,0.19642857142857142,0.013353321985098367,0.7426452828562079,0.3273809523809524,0.0,0.5185185185185185,0.24650423918512246,0.6150833740774362,0.76,
sample_size,sample_size,ihdp,train_fraction,0.25,x_learner,24,168,75,0.18452380952380953,0.41652941703796387,3.2288735390133745,0.5663081776060297,1.7334502856973049,0.5663081776060297,4.015211833260161,4.581520010866191,10.116637044810902,0.5915271041695362,10.708164148980439,6.142099296648816,0.7965609283007902,1.0617297925258884,1.3038451771435868,0.18452380952380953,0.0028609110026940952,0.7676011949000743,0.44642857142857145,0.0,0.622792559453732,0.272290593666036,0.8117548526600892,0.72,
sample_size,sample_size,ihdp,train_fraction,0.25,x_learner,25,168,75,0.19047619047619047,0.4108164310455322,17.417518313136856,5.921284552649669,11.467018451860637,-5.921284552649667,2.3657951812226976,-3.5554893714269715,34.53951554731577,1.976308261825018,36.51582380914079,16.630876068348147,15.47676710402455,17.14412015297998,20.002064441456792,0.19047619047619047,0.0037338876237390634,0.6079793839477968,0.35119047619047616,0.0,0.4944852941176471,0.23899516906063586,0.47595442428437323,0.8,
sample_size,sample_size,ihdp,train_fraction,0.25,x_learner,26,168,75,0.19047619047619047,0.4079301357269287,1.288700406360085,0.31268892534064197,0.8455100305676673,0.3126889253406425,4.069120522463573,4.381809447804215,8.988753331461467,0.029943487235994937,9.018696818697462,2.2573465423611685,0.6101625967783131,0.5330614774808472,0.9072570902892537,0.19047619047619047,0.007285967761664096,0.6629183393993846,0.35119047619047616,0.0,0.53125,0.19636594647841588,0.669873707212682,0.56,
sample_size,sample_size,ihdp,train_fraction,0.25,x_learner,27,168,75,0.16071428571428573,0.40685248374938965,39.83592661306597,3.244011847383884,24.23824731263485,3.244011847383884,-0.6684755489869564,2.5755362983969277,79.87603794820838,2.97157165412996,82.84760960233834,71.15923654226552,12.54920020825724,18.6317337342013,26.535085533693874,0.16071428571428573,0.004285231794487487,0.6644842488754907,0.5178571428571429,0.0,0.5571315996847912,0.2605428961564781,0.5041670329991057,0.88,
sample_size,sample_size,ihdp,train_fraction,0.25,x_learner,28,168,75,0.19642857142857142,0.413790225982666,1.90971111844689,0.10467704805424782,1.4941889796264074,-0.10467704805424673,3.7867168106442683,3.6820397625900205,9.760516931403446,0.2939758620283417,10.054492793431788,2.9914565315783666,1.7088964884252742,1.3584632981753626,1.1596032692411553,0.19642857142857142,0.02660995930363535,0.5641039504217519,0.27976190476190477,0.0,0.5521885521885522,0.1776317749351929,0.5780265383522669,0.64,
sample_size,sample_size,ihdp,train_fraction,0.25,x_learner,29,168,75,0.17261904761904762,0.4170565605163574,1.6732657687181878,0.39657307303897493,1.312354188674201,-0.3965730730389754,5.052511980262755,4.6559389072237805,11.278196668852791,0.09391096114162423,11.372107629994415,2.1193081495576584,1.8386671567916768,1.518555182885289,1.0255106524174018,0.17261904761904762,0.02639485444699982,0.7105970772979099,0.3273809523809524,0.0,0.5599106921359465,0.2236781180347871,0.4394008263432688,0.84,
sample_size,sample_size,ihdp,train_fraction,0.25,neural_rep,0,168,75,0.18452380952380953,1.5587351322174072,0.9679518509567068,0.21125791270632854,0.811352553526622,-0.21125791270632915,4.05634575318767,3.8450878404813413,6.437065841667993,0.0038213295139675196,6.44088717118196,1.2484240967107123,0.9522439340327528,0.7490211399277733,0.8483936301444213,0.18452380952380953,0.009353915412797943,0.9116173577877823,0.4226190476190476,0.005952380952380952,0.6289145279020485,0.24467009674134496,0.5885897450091889,0.76,
sample_size,sample_size,ihdp,train_fraction,0.25,neural_rep,1,168,75,0.22023809523809523,0.3265378475189209,1.2296144694382143,1.0349887333324475,1.1103448903451154,-1.0349887333324466,4.2142477603062325,3.179259026973785,8.238802977146783,0.0,8.238802977146783,0.768229758968491,0.9528289812311072,1.5036994446049725,1.5022788808519953,0.22023809523809523,0.009801446083534261,0.6851747709926175,0.30952380952380953,0.0,0.4959768929234578,0.22634263215751693,0.5420891812639285,0.76,
sample_size,sample_size,ihdp,train_fraction,0.25,neural_rep,2,168,75,0.13095238095238096,0.4583163261413574,1.1811112520987113,0.3486922776804713,0.9358573544917967,-0.34869227768047056,4.064009157208732,3.7153168795282605,7.462933979593411,0.0290861138587859,7.492020093452197,1.3614695988592938,1.1508884030956081,1.1107939841524328,1.0812731007760752,0.13095238095238096,0.010310455823298485,0.589837947374574,0.5178571428571429,0.0,0.635118306351183,0.24931625999578796,0.6150878990166778,0.76,
sample_size,sample_size,ihdp,train_fraction,0.25,neural_rep,3,168,75,0.20833333333333334,0.7069423198699951,1.2752348642629374,0.12555282802992007,0.987560819990343,-0.12555282802991974,4.011240467092333,3.8856876390624127,12.371627322290355,0.08764488025794748,12.459272202548302,1.6604857841287588,1.0915806073544236,1.255288436638873,0.9785232981232908,0.20833333333333334,0.018926678078473178,0.7631402464850572,0.32142857142857145,0.0,0.47969924812030074,0.1915529798427533,0.5891101807950034,0.56,
sample_size,sample_size,ihdp,train_fraction,0.25,neural_rep,4,168,75,0.17857142857142858,0.6279664039611816,1.4964637157609002,0.08433679433208141,1.1648234316223938,-0.08433679433208142,4.163696052943034,4.079359258610952,11.313648762429494,0.06837405122114326,11.382022813650638,1.4695345143735121,1.999217223741852,1.2599415509258716,1.142916840748277,0.17857142857142858,0.014928652735355256,0.4799286559359998,0.2916666666666667,0.0,0.553623188405797,0.20178012603115364,0.4544147374625829,0.64,
sample_size,sample_size,ihdp,train_fraction,0.25,neural_rep,5,168,75,0.19642857142857142,0.38449740409851074,0.9642630784165761,0.2599808589267947,0.7846433322617726,-0.25998085892679507,3.9331437410854035,3.673162882158609,6.383491605800797,0.0,6.383491605800797,0.9151586534791397,1.2165274033590578,0.9473782078900231,0.7301971596389746,0.19642857142857142,0.014974793747271597,0.5259175146296434,0.31547619047619047,0.0,0.4444444444444444,0.232417434588024,0.47899957880016975,0.76,
sample_size,sample_size,ihdp,train_fraction,0.25,neural_rep,6,168,75,0.13690476190476192,0.36808061599731445,1.6349315256191808,1.0092444080821426,1.476073198721382,-1.009244408082142,4.016693170673207,3.0074487625910646,5.467977141813069,0.0,5.467977141813069,1.7685966298960345,1.6457322062550042,1.6120491130765289,1.5029299427296225,0.13690476190476192,0.007116581828142355,0.530171005661958,0.4523809523809524,0.0,0.5757121439280359,0.21129926645168573,0.5394648129360299,0.64,
sample_size,sample_size,ihdp,train_fraction,0.25,neural_rep,7,168,75,0.22023809523809523,0.7028417587280273,1.4421423759651604,0.10508570008265394,1.0730595393024374,-0.10508570008265344,3.5578866081987015,3.4528009081160476,8.417903384873618,0.09485792087993694,8.512761305753555,1.9614399878295,1.1993976462029892,1.0776177194393284,1.4018066534559366,0.22023809523809523,0.007174796155922677,0.860874264300139,0.3630952380952381,0.0,0.6158448524860739,0.2929876812998223,0.8045713428366867,0.76,
sample_size,sample_size,ihdp,train_fraction,0.25,neural_rep,8,168,75,0.16666666666666666,0.7880325317382812,18.431610926253853,1.2111506067061786,9.296683800019832,-1.2111506067061781,10.668346257956449,9.45719565125027,57.1394567171879,0.9218593755734972,58.061316092761395,33.59970426407656,9.089980526972626,9.642560008093053,6.388966475549269,0.16666666666666666,0.024204897921953274,0.5712489847875447,0.36904761904761907,0.0,0.42142857142857143,0.2072195596752196,0.4513429465878397,0.8,
sample_size,sample_size,ihdp,train_fraction,0.25,neural_rep,9,168,75,0.16071428571428573,0.919532060623169,3.8305399298189213,0.4324357130354546,2.6825434300274216,-0.43243571303545586,5.304671650267495,4.87223593723204,26.278199903957464,0.3099009515847335,26.588100855542198,6.438807896043761,3.103215311262851,2.2318670312040183,2.0081010249131306,0.16071428571428573,0.009769083340147033,0.6674837270598899,0.43452380952380953,0.0,0.5279747832939322,0.2371552484090988,0.4678769139548768,0.8,
sample_size,sample_size,ihdp,train_fraction,0.25,neural_rep,10,168,75,0.14285714285714285,0.842402458190918,1.431995981301574,0.5325294267936638,1.1458740104844733,0.5325294267936642,4.335689215411743,4.868218642205407,8.534522647458417,0.06442492061831295,8.59894756807673,1.496992640963292,1.063647528364531,0.9814252963648435,1.954108204360662,0.14285714285714285,0.002128808079539213,0.5658962323561644,0.44642857142857145,0.0,0.5486111111111112,0.24317897684902362,0.5256388378602473,0.76,
sample_size,sample_size,ihdp,train_fraction,0.25,neural_rep,11,168,75,0.20833333333333334,1.0948433876037598,1.4958449553706759,0.009496226016789677,1.1517377045140962,0.009496226016790427,4.390080635994342,4.3995768620111315,13.466387050508123,0.08453452628697988,13.550921576795103,1.8718653385189519,1.2782288663316597,1.1504524401445198,1.5675286377639035,0.20833333333333334,0.006845058308655514,0.8081641883471629,0.3392857142857143,0.0,0.5789473684210527,0.2357170235554003,0.6302069149829221,0.72,
sample_size,sample_size,ihdp,train_fraction,0.25,neural_rep,12,168,75,0.21428571428571427,1.0320007801055908,18.16763746446556,4.921210272578721,11.642624696609781,4.921210272578719,8.167656931020298,13.088867203599019,82.8760020859424,1.8149741859366912,84.6909762718791,32.3973131111137,11.961432550373889,8.04505832199584,7.281898421996122,0.21428571428571427,0.024523475531000587,0.682369031163969,0.30952380952380953,0.0,0.4722222222222222,0.20363708213098164,0.5408045644241306,0.8,
sample_size,sample_size,ihdp,train_fraction,0.25,neural_rep,13,168,75,0.20238095238095238,0.40512800216674805,1.3382656438169693,0.5137330830122506,1.0781740487248812,-0.5137330830122507,3.9256817327171536,3.411948649704903,6.247837970016093,0.0,6.247837970016093,1.6017320253338003,1.393818421354476,1.188645933332663,1.215993979878293,0.20238095238095238,0.004093653223850521,0.6929405277145374,0.40476190476190477,0.0,0.6878841088674276,0.28697708330038063,0.7252839999660791,0.72,
sample_size,sample_size,ihdp,train_fraction,0.25,neural_rep,14,168,75,0.17261904761904762,0.6632966995239258,1.3224165814933393,0.16700973966361943,0.9483663539381673,0.1670097396636186,3.9636861517499717,4.130695891413591,10.454824202390894,0.09391549195213322,10.548739694343027,2.0904591991105863,1.0600863766326802,0.7174415421711748,0.9765871372725723,0.17261904761904762,0.00291730901067514,0.821229452265335,0.5119047619047619,0.0,0.6576531877945919,0.26103567766374575,0.575720751870097,0.8,
sample_size,sample_size,ihdp,train_fraction,0.25,neural_rep,15,168,75,0.19047619047619047,0.3403317928314209,1.251163329226123,0.0830528925159264,0.9387645394824746,-0.0830528925159277,4.488906434591061,4.405853542075135,8.900826912840778,0.0129099120055578,8.913736824846335,1.708423491572402,0.9953603855288881,0.9567673303183235,1.1859747914928558,0.19047619047619047,0.015615631453347623,0.7506483574791045,0.3392857142857143,0.0,0.53125,0.20185378654597066,0.4081909149077445,0.72,
sample_size,sample_size,ihdp,train_fraction,0.25,neural_rep,16,168,75,0.1488095238095238,0.6613593101501465,2.272246329662558,0.49873594678242483,1.677258369181769,-0.49873594678242444,3.8251275537781826,3.3263916069957578,14.437191931700154,0.29816600910388935,14.735357940804043,2.1701595519204164,1.583411673839837,2.709470042366214,2.4402081527518455,0.1488095238095238,0.005999973086641806,0.5949220338986002,0.4583333333333333,0.0,0.5843356643356643,0.23998357063078601,0.6299462344432264,0.76,
sample_size,sample_size,ihdp,train_fraction,0.25,neural_rep,17,168,75,0.20833333333333334,0.49384474754333496,1.3057972061743714,0.09155690885969525,0.958534393797051,-0.09155690885969425,3.7452895448900776,3.6537326360303823,12.462258174087337,0.08969155615741542,12.551949730244752,1.8384400263064011,1.4734431832335728,0.8754039564039945,0.7264429050261254,0.20833333333333334,0.011670642234842366,0.6174019527276822,0.26785714285714285,0.0,0.49473684210526314,0.21784848886971678,0.4532649220631725,0.72,
sample_size,sample_size,ihdp,train_fraction,0.25,neural_rep,18,168,75,0.17857142857142858,0.727616548538208,1.4763644923249097,0.3126344554981304,0.9884317557805952,0.31263445549813196,3.9330175940637546,4.245652049561885,11.180907009694074,0.08848960383849658,11.269396613532571,2.2865344787169217,0.8470616180017778,0.8902474717233766,1.3796231075385177,0.17857142857142858,0.020739613145301546,0.5429342935093718,0.3273809523809524,0.0,0.5043478260869565,0.21611645500461513,0.5281624404863946,0.72,
sample_size,sample_size,ihdp,train_fraction,0.25,neural_rep,19,168,75,0.16666666666666666,0.7919795513153076,1.0343892247994375,0.08865190651631405,0.814200713865368,-0.08865190651631306,4.182856218826348,4.094204312310034,7.383558221117317,0.029765237765394303,7.4133234588827115,0.9976264399941736,1.2943042590036622,0.8406577846362054,0.9667019459178319,0.16666666666666666,0.006709325499866469,0.6031243564187619,0.3333333333333333,0.0,0.5,0.19735731282135183,0.4697179160250553,0.76,
sample_size,sample_size,ihdp,train_fraction,0.25,neural_rep,20,168,75,0.17261904761904762,0.5006561279296875,2.728204611177102,0.7379892342965482,1.9997905887302019,-0.7379892342965494,4.722805469184018,3.98481623488747,20.238291877323856,0.19238441173672172,20.430676289060578,2.5691942003822135,4.143437896280083,2.0632066887301685,1.502858684980235,0.17261904761904762,0.0225263410234318,0.5643628710520596,0.35714285714285715,0.0,0.4706028280823617,0.1932141443894362,0.517528017903587,0.72,
sample_size,sample_size,ihdp,train_fraction,0.25,neural_rep,21,168,75,0.20238095238095238,0.38515639305114746,1.2245525053829267,0.4468390908142643,0.9338589645066615,0.4468390908142641,4.107409742058923,4.554248832873188,7.261635277895863,0.01495678583826443,7.276592063734127,1.4209657540248977,0.834025861489497,1.2941104432746455,1.2515345033617515,0.20238095238095238,0.018294464132123545,0.6808316661367999,0.2976190476190476,0.0,0.5395083406496927,0.2200509383142992,0.5243660576790024,0.84,
sample_size,sample_size,ihdp,train_fraction,0.25,neural_rep,22,168,75,0.17857142857142858,1.1421971321105957,1.791466412039634,0.648954564120289,1.4141308637777121,-0.6489545641202903,4.623469641373431,3.974515077253142,11.000026487453486,0.1385676171403265,11.138594104593812,2.106648242317143,2.2917010361407,1.2178056795024697,1.3311644111206649,0.17857142857142858,0.014969484327050218,0.6632500774360236,0.43452380952380953,0.0,0.6231884057971014,0.23566760656819263,0.41650096626275895,0.72,
sample_size,sample_size,ihdp,train_fraction,0.25,neural_rep,23,168,75,0.19642857142857142,0.6022179126739502,4.786683516963256,0.025994225288759942,3.0885689986193996,-0.025994225288758985,2.019971662565434,1.993977437276674,16.36126954534231,0.4248283063017695,16.78609785164408,8.551180086067307,2.2562804254029554,2.9924084564071314,1.8823894665288001,0.19642857142857142,0.013353321985098367,0.7426452828562079,0.3273809523809524,0.0,0.5185185185185185,0.24650423918512246,0.6150833740774362,0.76,
sample_size,sample_size,ihdp,train_fraction,0.25,neural_rep,24,168,75,0.18452380952380953,0.5271925926208496,3.4188915416141303,1.2483596202441305,1.63600641651178,1.2483596202441307,4.015211833260161,5.263571453504292,10.105191165266639,0.6029729837137996,10.708164148980439,6.66623231624694,0.9459262310219307,0.7300435457263761,0.5663714883550204,0.18452380952380953,0.0028609110026940952,0.7676011949000743,0.44642857142857145,0.0,0.622792559453732,0.272290593666036,0.8117548526600892,0.72,
sample_size,sample_size,ihdp,train_fraction,0.25,neural_rep,25,168,75,0.19047619047619047,0.7956318855285645,9.294060766918085,0.08435964771123983,6.16577427093273,-0.08435964771123937,2.3657951812226976,2.281435533511458,36.019261678748734,0.4965621303920571,36.51582380914079,12.328031309661041,13.320409710643712,2.9983777150041795,3.4505977741890406,0.19047619047619047,0.0037338876237390634,0.6079793839477968,0.35119047619047616,0.0,0.4944852941176471,0.23899516906063586,0.47595442428437323,0.8,
sample_size,sample_size,ihdp,train_fraction,0.25,neural_rep,26,168,75,0.19047619047619047,0.887108325958252,1.139909166474266,0.08903651685216118,0.9238530476689556,0.08903651685216181,4.069120522463573,4.158157039315734,8.988753331461467,0.029943487235994937,9.018696818697462,1.4021587714717412,1.0181489498083445,0.8642984689589482,1.197519734166383,0.19047619047619047,0.007285967761664096,0.6629183393993846,0.35119047619047616,0.0,0.53125,0.19636594647841588,0.669873707212682,0.56,
sample_size,sample_size,ihdp,train_fraction,0.25,neural_rep,27,168,75,0.16071428571428573,0.6818063259124756,27.399735360857186,2.925472288500757,14.893679999366736,2.9254722885007567,-0.6684755489869564,2.256996739513801,81.00103121554983,1.846578386788508,82.84760960233834,49.24032456073865,13.298582711454532,17.00855635433713,9.056723033395476,0.16071428571428573,0.004285231794487487,0.6644842488754907,0.5178571428571429,0.0,0.5571315996847912,0.2605428961564781,0.5041670329991057,0.88,
sample_size,sample_size,ihdp,train_fraction,0.25,neural_rep,28,168,75,0.19642857142857142,0.5304875373840332,1.3273854181822624,0.3196166103124711,1.024954211481206,-0.31961661031247035,3.7867168106442683,3.467100200331797,10.046635332767961,0.007857460663826643,10.054492793431788,1.5828334524421703,1.4828305037847662,1.2460694494966176,0.9936645190105693,0.19642857142857142,0.02660995930363535,0.5641039504217519,0.27976190476190477,0.0,0.5521885521885522,0.1776317749351929,0.5780265383522669,0.64,
sample_size,sample_size,ihdp,train_fraction,0.25,neural_rep,29,168,75,0.17261904761904762,0.7828094959259033,1.2596204791467402,0.6505687097721484,1.029629551504865,-0.6505687097721491,5.052511980262755,4.401943270490607,11.298744412411333,0.07336321758308273,11.372107629994415,1.6138670780470175,0.9102732636797731,1.188961476355493,1.2082566274946054,0.17261904761904762,0.02639485444699982,0.7105970772979099,0.3273809523809524,0.0,0.5599106921359465,0.2236781180347871,0.4394008263432688,0.84,
sample_size,sample_size,ihdp,train_fraction,0.5,s_learner,0,336,75,0.18452380952380953,0.17838191986083984,0.6259637290580099,0.030993993794486308,0.46804180184633976,0.030993993794486703,4.05634575318767,4.087339746982156,6.44088717118196,0.0,6.44088717118196,0.7274744476794033,0.5623867462336497,0.5862409634201762,0.611694009760544,0.18452380952380953,0.005423674724999885,0.7791818562216066,0.375,0.0,0.5655757004944667,0.24461393340247034,0.4378365256105224,0.84,
sample_size,sample_size,ihdp,train_fraction,0.5,s_learner,1,336,75,0.18452380952380953,0.16927337646484375,0.5340854716394854,0.18961999891283376,0.43319250142709803,-0.18961999891283285,4.2142477603062325,4.024627761393399,8.238802977146783,0.0,8.238802977146783,0.5632663851156318,0.4228751361394037,0.45459601415811585,0.6577522087964457,0.18452380952380953,0.022430234956892305,0.566332722180064,0.2857142857142857,0.0,0.3389451377442901,0.164354811154796,0.3504974669178377,0.6,
sample_size,sample_size,ihdp,train_fraction,0.5,s_learner,2,336,75,0.15773809523809523,0.16974496841430664,0.9227951759483347,0.6120286430319313,0.7809767310010998,-0.6120286430319315,4.064009157208732,3.4519805141768005,7.462933979593411,0.0290861138587859,7.492020093452197,0.9362726679893019,0.5546545082402328,0.9458743946126895,1.1259457213591482,0.15773809523809523,0.018804595206957847,0.5860038254458073,0.3869047619047619,0.0,0.4236949129941996,0.2012882815734428,0.5349689218388727,0.8,
sample_size,sample_size,ihdp,train_fraction,0.5,s_learner,3,336,75,0.21428571428571427,0.16643404960632324,1.2552303042270476,0.1351334192521758,0.9185121814258811,-0.13513341925217665,4.011240467092333,3.876107047840157,12.371627322290355,0.08764488025794748,12.459272202548302,1.7942199834591122,0.6871160739862426,0.8467322988954029,1.35500015534476,0.21428571428571427,0.025396670497540637,0.692635223657146,0.2708333333333333,0.0,0.3952020202020202,0.19729372793299838,0.41260117256692924,0.64,
sample_size,sample_size,ihdp,train_fraction,0.5,s_learner,4,336,75,0.19940476190476192,0.1764366626739502,1.6243075271021212,0.1497082583785483,1.1571711213017168,-0.1497082583785496,4.163696052943034,4.0139877945644855,11.267101011514551,0.11492180213608627,11.382022813650638,2.4024633981385155,1.258344484110573,1.46076482411634,1.0044308364219678,0.19940476190476192,0.02093751820952451,0.6773660185831204,0.3005952380952381,0.0,0.4566387393885591,0.2066209025824394,0.4543731431255456,0.76,
sample_size,sample_size,ihdp,train_fraction,0.5,s_learner,5,336,75,0.19642857142857142,0.17073702812194824,0.6914774013874838,0.3070991708591859,0.467722560774695,-0.30709917085918487,3.9331437410854035,3.6260445702262176,6.368607776879399,0.01488382892139839,6.383491605800797,0.9584332829040363,0.7813905501122939,0.5420528696029863,0.3107203465544154,0.19642857142857142,0.012094288792941759,0.7920217765469417,0.2976190476190476,0.0,0.46734006734006733,0.21056525964615255,0.583568916048615,0.56,
sample_size,sample_size,ihdp,train_fraction,0.5,s_learner,6,336,75,0.19940476190476192,0.17693877220153809,0.7451770864496651,0.24160641447125641,0.5909281776319623,-0.2416064144712558,4.016693170673207,3.7750867562019508,5.467977141813069,0.0,5.467977141813069,0.7472897053973887,0.9134163544386288,0.5602953455180362,0.7274198860816563,0.19940476190476192,0.011120751578651727,0.6247193029489533,0.30952380952380953,0.0,0.44959218776008436,0.20237841472338267,0.5637195861633044,0.68,
sample_size,sample_size,ihdp,train_fraction,0.5,s_learner,7,336,75,0.1875,0.17429232597351074,1.282956528772383,0.024491888975431753,0.8484032287695744,-0.024491888975430535,3.5578866081987015,3.5333947192232698,8.381534215985404,0.13122708976815112,8.512761305753555,2.119568478049619,0.9145933553245505,0.606463659749024,1.0182734396394437,0.1875,0.010242214478161414,0.6062390958168126,0.2916666666666667,0.0,0.42735042735042733,0.20622279498870646,0.5117002886002502,0.8,
sample_size,sample_size,ihdp,train_fraction,0.5,s_learner,8,336,75,0.19345238095238096,0.19273138046264648,23.365250230966243,2.725957220803977,10.267618214056442,2.725957220803977,10.668346257956449,13.394303478760426,57.619796562910985,0.4415195298504102,58.061316092761395,44.90976486980633,6.422808440272367,8.265147020943978,5.543043839587586,0.19345238095238096,0.01343790837666867,0.6512275358047451,0.2708333333333333,0.0,0.42304853817768945,0.19537614691807928,0.4617273891387834,0.72,
sample_size,sample_size,ihdp,train_fraction,0.5,s_learner,9,336,75,0.15476190476190477,0.17580533027648926,5.2460332732331585,0.5916055022930218,3.4928646431264414,0.5916055022930206,5.304671650267495,5.896277152560517,26.094183310899044,0.4939175446431534,26.588100855542198,9.623706755342331,1.7923013037394517,3.4504173300882024,2.403341548447573,0.15476190476190477,0.007220139507209637,0.572394481589855,0.41964285714285715,0.0,0.46912242686890576,0.2092207644223651,0.485292733539539,0.68,
sample_size,sample_size,ihdp,train_fraction,0.5,s_learner,10,336,75,0.20238095238095238,0.18943500518798828,0.8547246119008707,0.2684668332494313,0.6751242411580471,-0.2684668332494312,4.335689215411743,4.067222382162312,8.581004323616582,0.017943244460147056,8.59894756807673,0.9501166055044581,0.6066342941611387,0.9139409479693191,0.8928159583045477,0.20238095238095238,0.01782919755975491,0.6307018173474668,0.2916666666666667,0.0,0.5032923617208077,0.20245711329097774,0.513960541228915,0.56,
sample_size,sample_size,ihdp,train_fraction,0.5,s_learner,11,336,75,0.19047619047619047,0.1885969638824463,1.967415975611299,0.3288361723230162,1.5185611683055174,-0.3288361723230148,4.390080635994342,4.061244463671326,13.310144739823805,0.24077683697129793,13.550921576795103,2.8168293224607943,0.9492434431103298,1.4310005083483122,2.1079021458863783,0.19047619047619047,0.02226866171395199,0.5990986057553057,0.25297619047619047,0.0,0.3795955882352941,0.18475006623823198,0.4538430475090436,0.72,
sample_size,sample_size,ihdp,train_fraction,0.5,s_learner,12,336,75,0.1875,0.19778990745544434,24.092330285266403,7.967594163401339,16.046038457042766,7.967594163401333,8.167656931020298,16.135251094421637,83.80303228115179,0.8879439907273081,84.6909762718791,43.28472804619522,12.9657217180122,11.081047748413702,11.644426621571736,0.1875,0.015146741582122682,0.5825019266480898,0.3541666666666667,0.0,0.4810744810744811,0.20920381572769567,0.5544387423693254,0.68,
sample_size,sample_size,ihdp,train_fraction,0.5,s_learner,13,336,75,0.19642857142857142,0.1837782859802246,0.5136528873000076,0.13125239330328498,0.4263393375442533,0.13125239330328506,3.9256817327171536,4.056934126020439,6.247837970016093,0.0,6.247837970016093,0.584607755374224,0.4639283974957851,0.42570644625795434,0.5777235004159861,0.19642857142857142,0.0037858257106778326,0.6905566405133305,0.3244047619047619,0.0,0.4936026936026936,0.22139203872393445,0.647281750130686,0.68,
sample_size,sample_size,ihdp,train_fraction,0.5,s_learner,14,336,75,0.18452380952380953,0.17982912063598633,1.6993359527398666,0.31405815484014177,1.15177976001831,0.3140581548401413,3.9636861517499717,4.2777443065901135,10.454824202390894,0.09391549195213322,10.548739694343027,3.052605366438157,0.6652632380451581,0.8235383387516491,0.9915077407946623,0.18452380952380953,0.024180595905768307,0.5543340589090844,0.27976190476190477,0.0,0.4447845538026842,0.1707021419041717,0.4199303294095353,0.52,
sample_size,sample_size,ihdp,train_fraction,0.5,s_learner,15,336,75,0.19642857142857142,0.16770100593566895,0.759922469514331,0.13628857249549764,0.5532218235471709,-0.1362885724954998,4.488906434591061,4.352617862095563,8.900826912840778,0.0129099120055578,8.913736824846335,1.156353980237935,0.5172937545519967,0.5523835737474747,0.61947050392714,0.19642857142857142,0.024420673933544267,0.6019252797128556,0.24702380952380953,0.0,0.3811447811447811,0.17381335662560699,0.40809627947525734,0.68,
sample_size,sample_size,ihdp,train_fraction,0.5,s_learner,16,336,75,0.16964285714285715,0.17452096939086914,2.2226950914549324,0.08209792037324304,1.7363593656274108,0.08209792037324244,3.8251275537781826,3.9072254741514256,14.335873590427576,0.3994843503764667,14.735357940804043,3.4316397338019247,1.271146936828504,1.6679226618239071,1.8473184048341662,0.16964285714285715,0.007569229199793913,0.6213806590897585,0.43452380952380953,0.0,0.4966987360875307,0.2240980051302559,0.4806480280882645,0.84,
sample_size,sample_size,ihdp,train_fraction,0.5,s_learner,17,336,75,0.20238095238095238,0.16813302040100098,1.3928346718390108,0.14230477135169162,0.9500421391516383,0.1423047713516921,3.7452895448900776,3.887594316241769,12.402609321731035,0.14934040851371755,12.551949730244752,2.1979618603969433,1.0827937810566517,1.0675401330592844,0.7592337479283194,0.20238095238095238,0.011307791474153922,0.6827943882740785,0.28869047619047616,0.0,0.487928007023705,0.1876827100091776,0.48433644570156614,0.72,
sample_size,sample_size,ihdp,train_fraction,0.5,s_learner,18,336,75,0.18452380952380953,0.16423535346984863,1.9563995476767762,0.02115876229467517,1.310512954887177,0.021158762294675858,3.9330175940637546,3.95417635635843,10.941858694564027,0.32753791896854345,11.269396613532571,3.277179690433656,0.9956075467025274,1.542500819330164,1.0248267061428271,0.18452380952380953,0.01525780507443298,0.7685878242665563,0.31547619047619047,0.0,0.442665410878267,0.1892036234180631,0.5822606577956767,0.64,
sample_size,sample_size,ihdp,train_fraction,0.5,s_learner,19,336,75,0.18154761904761904,0.1644735336303711,0.8727133545649705,0.2924955387418384,0.6738457841368085,-0.2924955387418374,4.182856218826348,3.89036068008451,7.383558221117317,0.029765237765394303,7.4133234588827115,1.14312651391511,0.5345268190659875,0.7837047465655664,0.9026717244932205,0.18154761904761904,0.010410226166967398,0.6991986770875322,0.375,0.0,0.5123695976154993,0.21719136089876834,0.577172697732131,0.72,
sample_size,sample_size,ihdp,train_fraction,0.5,s_learner,20,336,75,0.17559523809523808,0.16486501693725586,2.9592754179950886,0.18082053760058603,2.0749791433690463,-0.1808205376005856,4.722805469184018,4.541984931583432,20.054408010746588,0.3762682783139901,20.430676289060578,4.781959266523351,2.2028055450609654,1.9545042073984256,1.8122214163085388,0.17559523809523808,0.013117043607475462,0.7094095001825598,0.38095238095238093,0.0,0.49917395826959554,0.21729348334016213,0.5368537530312045,0.72,
sample_size,sample_size,ihdp,train_fraction,0.5,s_learner,21,336,75,0.16964285714285715,0.16890525817871094,0.6841883766279487,0.26192086335245346,0.5141863816733084,-0.2619208633524519,4.107409742058923,3.84548887870647,7.2443085788416175,0.03228348489250976,7.276592063734127,1.0159871011438553,0.627043667663275,0.5916177775182138,0.30510016471563667,0.16964285714285715,0.0030699938466644825,0.7441709487223197,0.4166666666666667,0.0,0.5327296736464818,0.26295940723688643,0.6270011090850995,0.84,
sample_size,sample_size,ihdp,train_fraction,0.5,s_learner,22,336,75,0.16071428571428573,0.17586016654968262,1.557921993175331,0.040580516312762605,1.2244811131016002,-0.04058051631276412,4.623469641373431,4.582889125060668,11.064710324451184,0.0738837801426282,11.138594104593812,2.367802029778418,1.0551832543287372,1.2371601881184922,1.1785065432034867,0.16071428571428573,0.004711125827255675,0.6114218491025043,0.39880952380952384,0.0,0.48857368006304175,0.23396508612626263,0.45279188930296077,0.76,
sample_size,sample_size,ihdp,train_fraction,0.5,s_learner,23,336,75,0.20833333333333334,0.1717851161956787,5.319255430684016,1.6047019611984386,3.101735853170241,1.6047019611984383,2.019971662565434,3.6246736237638726,16.185752016750083,0.6003458348939965,16.78609785164408,10.129842831486023,1.7693690665841173,1.6239151806988308,1.863335455672157,0.20833333333333334,0.02009087393256405,0.6916157592977058,0.24107142857142858,0.0,0.37819548872180453,0.19083171742454227,0.41647825018904205,0.72,
sample_size,sample_size,ihdp,train_fraction,0.5,s_learner,24,336,75,0.17559523809523808,0.16800141334533691,2.6517966489979945,0.47958284555362773,1.223751933835105,0.4795828455536287,4.015211833260161,4.494794678813789,10.607481965531218,0.10068218344922109,10.708164148980439,5.135384532434117,0.47730878740423727,0.7926878448951427,0.7359578744531169,0.17559523809523808,0.013474212038301901,0.625884829660263,0.34226190476190477,0.0,0.4333965612188705,0.19928627489452527,0.4147398063649501,0.72,
sample_size,sample_size,ihdp,train_fraction,0.5,s_learner,25,336,75,0.15476190476190477,0.16715312004089355,9.307641200207197,2.8219503520322036,6.209018641281849,2.821950352032203,2.3657951812226976,5.187745533254901,35.66863771489703,0.8471860942437601,36.51582380914079,16.792686147406968,4.569380376159515,4.6994977488596374,4.255494475491616,0.15476190476190477,0.012561662831869007,0.7235238350121322,0.4226190476190476,0.0,0.47697724810400866,0.20863840630494593,0.5378131150457552,0.72,
sample_size,sample_size,ihdp,train_fraction,0.5,s_learner,26,336,75,0.19642857142857142,0.17352056503295898,0.9735873378153873,0.14269499700978994,0.6902066503976932,-0.14269499700978863,4.069120522463573,3.9264255254537828,8.951298012684298,0.0673988060131645,9.018696818697462,1.3282061636324922,0.5884409677632293,0.6522501863245671,1.1063457265406869,0.19642857142857142,0.017444857896176072,0.6080888618991217,0.28869047619047616,0.0,0.4430976430976431,0.20688568926510115,0.514367619261504,0.68,
sample_size,sample_size,ihdp,train_fraction,0.5,s_learner,27,336,75,0.20833333333333334,0.18282127380371094,40.597040895500704,11.094749651892675,21.66191907345997,11.094749651892673,-0.6684755489869564,10.426274102905719,80.94588690762791,1.901722694710429,82.84760960233834,77.83912226616876,10.379067045326506,11.862040655378504,14.284380153981674,0.20833333333333334,0.02065716631734581,0.7345259546793348,0.28273809523809523,0.0,0.4857142857142857,0.18982150041334722,0.4233728169609513,0.68,
sample_size,sample_size,ihdp,train_fraction,0.5,s_learner,28,336,75,0.17857142857142858,0.18033504486083984,1.293355192933717,0.02730762109781182,0.9497851314390688,-0.027307621097810545,3.7867168106442683,3.7594091895464565,9.991803556456059,0.06268923697572859,10.054492793431788,1.8835782727137418,1.3888602812415722,0.9403785519053163,0.765342894396123,0.17857142857142858,0.01623449830235732,0.5823717052746913,0.31845238095238093,0.0,0.4782608695652174,0.18458334454629358,0.5067814868559523,0.64,
sample_size,sample_size,ihdp,train_fraction,0.5,s_learner,29,336,75,0.17261904761904762,0.17052006721496582,1.3452232561717092,0.239601685125864,1.0251257291335316,-0.23960168512586327,5.052511980262755,4.812910295136891,11.344938263210697,0.02716936678371873,11.372107629994415,1.8302543829361562,1.2711194843504607,1.2012789926966863,0.9053458519581353,0.17261904761904762,0.01967609864454471,0.6170971633742388,0.35119047619047616,0.0,0.4398412304639047,0.211562987299741,0.4931059523442824,0.8,
sample_size,sample_size,ihdp,train_fraction,0.5,t_learner,0,336,75,0.18452380952380953,0.2782599925994873,0.9154971427960301,0.04488148130051073,0.717281396132823,0.044881481300510985,4.05634575318767,4.101227234488181,6.44088717118196,0.0,6.44088717118196,1.0393971712677592,0.8811595321059912,0.8644398735522423,0.8632775820213616,0.18452380952380953,0.005423674724999885,0.7791818562216066,0.375,0.0,0.5655757004944667,0.24461393340247034,0.4378365256105224,0.84,
sample_size,sample_size,ihdp,train_fraction,0.5,t_learner,1,336,75,0.18452380952380953,0.2679934501647949,1.032474066230915,0.003262233634879763,0.861130944798555,0.0032622336348792896,4.2142477603062325,4.217509993941112,8.238802977146783,0.0,8.238802977146783,1.0731255199624248,0.9915695747853652,0.8617677296600562,1.1756704759043732,0.18452380952380953,0.022430234956892305,0.566332722180064,0.2857142857142857,0.0,0.3389451377442901,0.164354811154796,0.3504974669178377,0.6,
sample_size,sample_size,ihdp,train_fraction,0.5,t_learner,2,336,75,0.15773809523809523,0.24844050407409668,1.0376564375086512,0.487967853095276,0.8629339544903563,-0.487967853095276,4.064009157208732,3.5760413041134558,7.492020093452197,0.0,7.492020093452197,0.7029190161551114,0.7650109075347216,1.322853708180676,1.1791848450833584,0.15773809523809523,0.018804595206957847,0.5860038254458073,0.3869047619047619,0.0,0.4236949129941996,0.2012882815734428,0.5349689218388727,0.8,
sample_size,sample_size,ihdp,train_fraction,0.5,t_learner,3,336,75,0.21428571428571427,0.2748758792877197,1.0914509512107546,0.05624933504208851,0.8288278088952316,0.05624933504208752,4.011240467092333,4.067489802134421,12.4062707271931,0.05300147535520239,12.459272202548302,1.5649803613921653,0.8207846223157205,1.0065840827703996,0.7757301954969033,0.21428571428571427,0.025396670497540637,0.692635223657146,0.2708333333333333,0.0,0.3952020202020202,0.19729372793299838,0.41260117256692924,0.64,
sample_size,sample_size,ihdp,train_fraction,0.5,t_learner,4,336,75,0.19940476190476192,0.29167604446411133,1.2363807528985966,0.10500449396511957,0.9526865562909531,0.1050044939651195,4.163696052943034,4.268700546908153,11.293167496177563,0.08885531747307418,11.382022813650638,1.925563590272637,0.8168748080279997,0.8212063908986719,1.0098294767051816,0.19940476190476192,0.02093751820952451,0.6773660185831204,0.3005952380952381,0.0,0.4566387393885591,0.2066209025824394,0.4543731431255456,0.76,
sample_size,sample_size,ihdp,train_fraction,0.5,t_learner,5,336,75,0.19642857142857142,0.26789045333862305,1.0744004913324907,0.09632205772860303,0.8067799130935425,-0.09632205772860222,3.9331437410854035,3.8368216833568005,6.322500024723854,0.06099158107694347,6.383491605800797,1.5124287833832946,0.9814698840807597,0.925048518930127,0.7077086311799927,0.19642857142857142,0.012094288792941759,0.7920217765469417,0.2976190476190476,0.0,0.46734006734006733,0.21056525964615255,0.583568916048615,0.56,
sample_size,sample_size,ihdp,train_fraction,0.5,t_learner,6,336,75,0.19940476190476192,0.2646157741546631,1.1164144789897261,0.1318833747031838,0.8735869956910318,-0.13188337470318426,4.016693170673207,3.8848097959700234,5.467977141813069,0.0,5.467977141813069,1.0154602167753084,1.4266172921211435,0.9510174012529262,1.0277224451919267,0.19940476190476192,0.011120751578651727,0.6247193029489533,0.30952380952380953,0.0,0.44959218776008436,0.20237841472338267,0.5637195861633044,0.68,
sample_size,sample_size,ihdp,train_fraction,0.5,t_learner,7,336,75,0.1875,0.26401662826538086,1.3844268943726292,0.10329323681056701,1.0433287206179709,-0.1032932368105668,3.5578866081987015,3.4545933713881345,8.384374403045593,0.1283869027079625,8.512761305753555,1.8473898618901512,1.1143893235271205,0.9507141508676205,1.4787592816282935,0.1875,0.010242214478161414,0.6062390958168126,0.2916666666666667,0.0,0.42735042735042733,0.20622279498870646,0.5117002886002502,0.8,
sample_size,sample_size,ihdp,train_fraction,0.5,t_learner,8,336,75,0.19345238095238096,0.24491262435913086,17.468183990247216,1.2521049116237393,8.03333350462075,1.25210491162374,10.668346257956449,11.920451169580188,57.46452395164147,0.5967921411199271,58.061316092761395,33.356227978701654,6.296044327161417,5.801927017444063,4.542663368772474,0.19345238095238096,0.01343790837666867,0.6512275358047451,0.2708333333333333,0.0,0.42304853817768945,0.19537614691807928,0.4617273891387834,0.72,
sample_size,sample_size,ihdp,train_fraction,0.5,t_learner,9,336,75,0.15476190476190477,0.25287771224975586,2.497688571106554,0.36717493166525994,1.7711458923429286,0.36717493166525955,5.304671650267495,5.671846581932755,26.478502245335015,0.10959861020718265,26.588100855542198,3.8286339327235925,2.60851918552061,1.3270296387089933,1.4741547903387304,0.15476190476190477,0.007220139507209637,0.572394481589855,0.41964285714285715,0.0,0.46912242686890576,0.2092207644223651,0.485292733539539,0.68,
sample_size,sample_size,ihdp,train_fraction,0.5,t_learner,10,336,75,0.20238095238095238,0.2535247802734375,0.9410533607438901,0.04905495732009957,0.7456248787349015,0.049054957320100186,4.335689215411743,4.384744172731843,8.581004323616582,0.017943244460147056,8.59894756807673,0.9540105523469459,0.8263599770002082,0.9631147785054209,1.0055146488827997,0.20238095238095238,0.01782919755975491,0.6307018173474668,0.2916666666666667,0.0,0.5032923617208077,0.20245711329097774,0.513960541228915,0.56,
sample_size,sample_size,ihdp,train_fraction,0.5,t_learner,11,336,75,0.19047619047619047,0.24325847625732422,1.8679848428534673,0.7800649292338089,1.4570593442491988,-0.7800649292338083,4.390080635994342,3.610015706760533,13.465794170886856,0.08512740590824741,13.550921576795103,2.2289672461996535,1.7165076728251902,1.369577384573115,2.034319640656015,0.19047619047619047,0.02226866171395199,0.5990986057553057,0.25297619047619047,0.0,0.3795955882352941,0.18475006623823198,0.4538430475090436,0.72,
sample_size,sample_size,ihdp,train_fraction,0.5,t_learner,12,336,75,0.1875,0.2438364028930664,16.196482668411587,2.8508812863375574,10.151326055469527,2.8508812863375557,8.167656931020298,11.018538217357856,84.42081468351812,0.2701615883609776,84.6909762718791,27.85309633285905,10.921126751894244,10.299575625389343,6.37398993497741,0.1875,0.015146741582122682,0.5825019266480898,0.3541666666666667,0.0,0.4810744810744811,0.20920381572769567,0.5544387423693254,0.68,
sample_size,sample_size,ihdp,train_fraction,0.5,t_learner,13,336,75,0.19642857142857142,0.24410271644592285,1.17711931923171,0.39990007701186325,0.9132748590224777,0.39990007701186353,3.9256817327171536,4.325581809729017,6.247837970016093,0.0,6.247837970016093,1.169096429678523,1.1705255420158454,0.894662037490411,1.4879533954845385,0.19642857142857142,0.0037858257106778326,0.6905566405133305,0.3244047619047619,0.0,0.4936026936026936,0.22139203872393445,0.647281750130686,0.68,
sample_size,sample_size,ihdp,train_fraction,0.5,t_learner,14,336,75,0.18452380952380953,0.24551725387573242,1.2612028124410164,0.4931728654967982,0.9743242965429768,0.4931728654967977,3.9636861517499717,4.45685901724677,10.454824202390894,0.09391549195213322,10.548739694343027,1.8534801235757246,0.6690934545752719,0.9650177984189136,1.219852895911945,0.18452380952380953,0.024180595905768307,0.5543340589090844,0.27976190476190477,0.0,0.4447845538026842,0.1707021419041717,0.4199303294095353,0.52,
sample_size,sample_size,ihdp,train_fraction,0.5,t_learner,15,336,75,0.19642857142857142,0.2517673969268799,0.9320478026320351,0.11897547741104209,0.7381562699963641,0.11897547741104049,4.488906434591061,4.607881912002103,8.900826912840778,0.0129099120055578,8.913736824846335,1.1805936617821857,0.8124883906384649,0.8797470266248122,0.7974842606572706,0.19642857142857142,0.024420673933544267,0.6019252797128556,0.24702380952380953,0.0,0.3811447811447811,0.17381335662560699,0.40809627947525734,0.68,
sample_size,sample_size,ihdp,train_fraction,0.5,t_learner,16,336,75,0.16964285714285715,0.25372791290283203,1.6327194505355047,0.14026893529646722,1.2702534258682898,-0.14026893529646609,3.8251275537781826,3.6848586184817154,14.68591758031282,0.049440360491223245,14.735357940804043,2.0377138007402262,1.2798645079050508,1.7695928712153317,1.298926898169543,0.16964285714285715,0.007569229199793913,0.6213806590897585,0.43452380952380953,0.0,0.4966987360875307,0.2240980051302559,0.4806480280882645,0.84,
sample_size,sample_size,ihdp,train_fraction,0.5,t_learner,17,336,75,0.20238095238095238,0.2675654888153076,1.4019378274582586,0.17921369172073653,1.053173647775683,0.17921369172073767,3.7452895448900776,3.924503236610814,12.548923677692672,0.003026052552080216,12.551949730244752,1.8559490996794374,0.8501855741531228,1.4589520401332723,1.2249140036672874,0.20238095238095238,0.011307791474153922,0.6827943882740785,0.28869047619047616,0.0,0.487928007023705,0.1876827100091776,0.48433644570156614,0.72,
sample_size,sample_size,ihdp,train_fraction,0.5,t_learner,18,336,75,0.18452380952380953,0.25199198722839355,1.4314967860685543,0.08484664906034256,1.0722492638574266,0.08484664906034363,3.9330175940637546,4.017864243124097,11.199333046760412,0.07006356677215919,11.269396613532571,2.3137402076463696,0.9355614985200214,1.018444830728448,0.9322277819539332,0.18452380952380953,0.01525780507443298,0.7685878242665563,0.31547619047619047,0.0,0.442665410878267,0.1892036234180631,0.5822606577956767,0.64,
sample_size,sample_size,ihdp,train_fraction,0.5,t_learner,19,336,75,0.18154761904761904,0.25479626655578613,0.9726678972823027,0.13130087513122923,0.7360150432438466,0.1313008751312302,4.182856218826348,4.3141570939575775,7.383558221117317,0.029765237765394303,7.4133234588827115,1.3603210018584542,0.8576826040690343,0.6706592730069036,0.858707048559859,0.18154761904761904,0.010410226166967398,0.6991986770875322,0.375,0.0,0.5123695976154993,0.21719136089876834,0.577172697732131,0.72,
sample_size,sample_size,ihdp,train_fraction,0.5,t_learner,20,336,75,0.17559523809523808,0.27201390266418457,3.0419985664967033,0.9014614625436366,1.8712407597688197,-0.9014614625436373,4.722805469184018,3.8213440066403814,20.346670068091125,0.08400622096945298,20.430676289060578,4.993205042783335,2.8479084327730613,1.4384027664082666,1.3576349154678689,0.17559523809523808,0.013117043607475462,0.7094095001825598,0.38095238095238093,0.0,0.49917395826959554,0.21729348334016213,0.5368537530312045,0.72,
sample_size,sample_size,ihdp,train_fraction,0.5,t_learner,21,336,75,0.16964285714285715,0.2657322883605957,0.9939902413467979,0.16173057454521267,0.7725983857377938,-0.161730574545212,4.107409742058923,3.9456791675137106,7.24245704398395,0.03413501975017752,7.276592063734127,1.3922873927131578,0.9395953280218079,0.8485837849523332,0.6365003943511401,0.16964285714285715,0.0030699938466644825,0.7441709487223197,0.4166666666666667,0.0,0.5327296736464818,0.26295940723688643,0.6270011090850995,0.84,
sample_size,sample_size,ihdp,train_fraction,0.5,t_learner,22,336,75,0.16071428571428573,0.280653715133667,1.2086037287642668,0.1362503916229434,0.9600036843479272,0.13625039162294247,4.623469641373431,4.759720032996374,11.132463157384128,0.006130947209683768,11.138594104593812,1.5921782874807102,1.1880544727937798,0.849252497741914,1.0828503484587952,0.16071428571428573,0.004711125827255675,0.6114218491025043,0.39880952380952384,0.0,0.48857368006304175,0.23396508612626263,0.45279188930296077,0.76,
sample_size,sample_size,ihdp,train_fraction,0.5,t_learner,23,336,75,0.20833333333333334,0.27585530281066895,2.7458863763969523,0.6668183155697176,1.6236226270585916,0.6668183155697185,2.019971662565434,2.6867899781351516,16.66953632109343,0.11656153055064777,16.78609785164408,4.961325075936032,1.4471026965037685,1.3702424075587611,1.1342533603297775,0.20833333333333334,0.02009087393256405,0.6916157592977058,0.24107142857142858,0.0,0.37819548872180453,0.19083171742454227,0.41647825018904205,0.72,
sample_size,sample_size,ihdp,train_fraction,0.5,t_learner,24,336,75,0.17559523809523808,0.26172924041748047,2.0394098465051975,0.3256395566394774,1.1949872931020429,0.325639556639477,4.015211833260161,4.340851389899639,10.659587084781371,0.048577064199067266,10.708164148980439,3.746136095293053,0.9689599510841911,0.9465093066112651,0.7739387797752448,0.17559523809523808,0.013474212038301901,0.625884829660263,0.34226190476190477,0.0,0.4333965612188705,0.19928627489452527,0.4147398063649501,0.72,
sample_size,sample_size,ihdp,train_fraction,0.5,t_learner,25,336,75,0.15476190476190477,0.2622249126434326,6.541044337602841,0.07067159557116653,4.438605446108888,0.07067159557116626,2.3657951812226976,2.436466776793864,36.24188726239856,0.27393654674222745,36.51582380914079,10.472869531838185,7.173476513729129,1.8030610009931074,2.6845397805339224,0.15476190476190477,0.012561662831869007,0.7235238350121322,0.4226190476190476,0.0,0.47697724810400866,0.20863840630494593,0.5378131150457552,0.72,
sample_size,sample_size,ihdp,train_fraction,0.5,t_learner,26,336,75,0.19642857142857142,0.2717728614807129,1.2045462934177997,0.023232116228426136,0.8437684512041959,-0.02323211622842484,4.069120522463573,4.045888406235147,8.941995246446925,0.07670157225053664,9.018696818697462,1.7738990265764962,1.1591865226311897,0.7577740560891785,0.8564060652286819,0.19642857142857142,0.017444857896176072,0.6080888618991217,0.28869047619047616,0.0,0.4430976430976431,0.20688568926510115,0.514367619261504,0.68,
sample_size,sample_size,ihdp,train_fraction,0.5,t_learner,27,336,75,0.20833333333333334,0.2697772979736328,27.51943511941302,6.222570351795131,13.841401239480396,6.222570351795132,-0.6684755489869564,5.554094802808175,82.056272245688,0.791337356650331,82.84760960233834,51.858645155894365,11.657971980519235,10.25169447041114,8.13921172577075,0.20833333333333334,0.02065716631734581,0.7345259546793348,0.28273809523809523,0.0,0.4857142857142857,0.18982150041334722,0.4233728169609513,0.68,
sample_size,sample_size,ihdp,train_fraction,0.5,t_learner,28,336,75,0.17857142857142858,0.2549304962158203,1.2739964433082376,0.00658669674550616,0.9878121087197129,0.006586696745506275,3.7867168106442683,3.7933035073897745,9.986637438057803,0.06785535537398424,10.054492793431788,1.7694706931482471,1.2917034346957819,0.9330001181711278,0.9848459677244471,0.17857142857142858,0.01623449830235732,0.5823717052746913,0.31845238095238093,0.0,0.4782608695652174,0.18458334454629358,0.5067814868559523,0.64,
sample_size,sample_size,ihdp,train_fraction,0.5,t_learner,29,336,75,0.17261904761904762,0.2515227794647217,0.9233837208006666,0.05349201094657996,0.7349066887613689,-0.05349201094658123,5.052511980262755,4.999019969316175,11.356585719306167,0.015521910688248042,11.372107629994415,1.0796488024956294,0.9118016581746856,0.734892103087212,0.933992014515077,0.17261904761904762,0.01967609864454471,0.6170971633742388,0.35119047619047616,0.0,0.4398412304639047,0.211562987299741,0.4931059523442824,0.8,
sample_size,sample_size,ihdp,train_fraction,0.5,x_learner,0,336,75,0.18452380952380953,0.4967226982116699,0.9584751395559619,0.26311808517141966,0.6991772954669876,0.2631180851714196,4.05634575318767,4.3194638383590895,6.437065841667993,0.0038213295139675196,6.44088717118196,1.2496469638461056,0.9345403633185323,0.6562757254129113,0.8981272965577138,0.18452380952380953,0.005423674724999885,0.7791818562216066,0.375,0.0,0.5655757004944667,0.24461393340247034,0.4378365256105224,0.84,
sample_size,sample_size,ihdp,train_fraction,0.5,x_learner,1,336,75,0.18452380952380953,0.5270133018493652,0.7803926225505974,0.1970346162694545,0.6294559638575986,-0.1970346162694525,4.2142477603062325,4.017213144036778,8.238802977146783,0.0,8.238802977146783,0.695205932793666,0.8160035346051275,0.7492202523860136,0.8535447242963724,0.18452380952380953,0.022430234956892305,0.566332722180064,0.2857142857142857,0.0,0.3389451377442901,0.164354811154796,0.3504974669178377,0.6,
sample_size,sample_size,ihdp,train_fraction,0.5,x_learner,2,336,75,0.15773809523809523,0.5263025760650635,1.3365816407879096,0.7193084607251916,1.0191115092594387,-0.7193084607251912,4.064009157208732,3.34470069648354,7.462933979593411,0.0290861138587859,7.492020093452197,1.3945105834712463,1.1422332649798312,1.3331591325699472,1.4383678435396878,0.15773809523809523,0.018804595206957847,0.5860038254458073,0.3869047619047619,0.0,0.4236949129941996,0.2012882815734428,0.5349689218388727,0.8,
sample_size,sample_size,ihdp,train_fraction,0.5,x_learner,3,336,75,0.21428571428571427,0.5088832378387451,1.3071329064504547,0.015397121627603205,0.9898381117473521,0.015397121627602471,4.011240467092333,4.026637588719936,12.371627322290355,0.08764488025794748,12.459272202548302,1.8198423259879548,1.0505886119291918,0.8128319067859417,1.3138846112990683,0.21428571428571427,0.025396670497540637,0.692635223657146,0.2708333333333333,0.0,0.3952020202020202,0.19729372793299838,0.41260117256692924,0.64,
sample_size,sample_size,ihdp,train_fraction,0.5,x_learner,4,336,75,0.19940476190476192,0.50850510597229,1.7436979725556405,0.23252455619590506,1.19513233637409,-0.23252455619590492,4.163696052943034,3.9311714967471287,11.267101011514551,0.11492180213608627,11.382022813650638,2.580123348112372,1.1013818721258681,1.6306042236547802,1.23967767597302,0.19940476190476192,0.02093751820952451,0.6773660185831204,0.3005952380952381,0.0,0.4566387393885591,0.2066209025824394,0.4543731431255456,0.76,
sample_size,sample_size,ihdp,train_fraction,0.5,x_learner,5,336,75,0.19642857142857142,0.5119583606719971,0.8606926317813305,0.24598849770428544,0.6258106267805904,-0.24598849770428619,3.9331437410854035,3.687155243381118,6.383491605800797,0.0,6.383491605800797,0.9205201517872983,0.7653040771114616,0.8594853631857996,0.8850091639148866,0.19642857142857142,0.012094288792941759,0.7920217765469417,0.2976190476190476,0.0,0.46734006734006733,0.21056525964615255,0.583568916048615,0.56,
sample_size,sample_size,ihdp,train_fraction,0.5,x_learner,6,336,75,0.19940476190476192,0.49642419815063477,1.069190174883954,0.24058847814562778,0.8388142951801645,-0.24058847814562714,4.016693170673207,3.7761046925275794,5.467977141813069,0.0,5.467977141813069,1.060076817265248,1.1337762680041863,0.7779541004526982,1.2512933017218244,0.19940476190476192,0.011120751578651727,0.6247193029489533,0.30952380952380953,0.0,0.44959218776008436,0.20237841472338267,0.5637195861633044,0.68,
sample_size,sample_size,ihdp,train_fraction,0.5,x_learner,7,336,75,0.1875,0.49186253547668457,1.3396056674083887,0.06330758986583396,0.9019676728309548,0.06330758986583501,3.5578866081987015,3.6211941980645355,8.342840527665828,0.169920778087727,8.512761305753555,2.323466030133366,0.843896353753259,0.7141958104925796,0.8643632951388693,0.1875,0.010242214478161414,0.6062390958168126,0.2916666666666667,0.0,0.42735042735042733,0.20622279498870646,0.5117002886002502,0.8,
sample_size,sample_size,ihdp,train_fraction,0.5,x_learner,8,336,75,0.19345238095238096,0.48647642135620117,20.05496594295298,2.1664033740821598,10.169323561035236,2.166403374082161,10.668346257956449,12.834749632038609,57.68212116088336,0.37919493187803255,58.061316092761395,38.01649263077874,7.059152596262146,6.849776417854116,6.946658252605592,0.19345238095238096,0.01343790837666867,0.6512275358047451,0.2708333333333333,0.0,0.42304853817768945,0.19537614691807928,0.4617273891387834,0.72,
sample_size,sample_size,ihdp,train_fraction,0.5,x_learner,9,336,75,0.15476190476190477,0.5113131999969482,5.227592637052783,0.38829859381471366,3.393692973905929,0.3882985938147116,5.304671650267495,5.6929702440822085,26.351194154662704,0.23690670087949428,26.588100855542198,9.170880625598338,2.596584799393773,3.922592218929537,2.4627516483605465,0.15476190476190477,0.007220139507209637,0.572394481589855,0.41964285714285715,0.0,0.46912242686890576,0.2092207644223651,0.485292733539539,0.68,
sample_size,sample_size,ihdp,train_fraction,0.5,x_learner,10,336,75,0.20238095238095238,0.4983479976654053,1.0127695913791395,0.1944771540874468,0.7882585693588107,-0.1944771540874457,4.335689215411743,4.141212061324296,8.581004323616582,0.017943244460147056,8.59894756807673,1.2603004988158863,0.8933543346412326,0.9979705476464125,0.8416914148011532,0.20238095238095238,0.01782919755975491,0.6307018173474668,0.2916666666666667,0.0,0.5032923617208077,0.20245711329097774,0.513960541228915,0.56,
sample_size,sample_size,ihdp,train_fraction,0.5,x_learner,11,336,75,0.19047619047619047,0.50258469581604,2.0922088837601955,0.6283515441689613,1.7090419329342785,-0.6283515441689621,4.390080635994342,3.7617290918253805,13.35929151513512,0.19163006165998375,13.550921576795103,2.3337886029436974,1.0220894548587733,1.7075619842970657,2.815482956922461,0.19047619047619047,0.02226866171395199,0.5990986057553057,0.25297619047619047,0.0,0.3795955882352941,0.18475006623823198,0.4538430475090436,0.72,
sample_size,sample_size,ihdp,train_fraction,0.5,x_learner,12,336,75,0.1875,0.48648810386657715,22.005791925186635,1.6415911814523803,14.75979980308784,1.641591181452377,8.167656931020298,9.809248112472678,83.45475101041963,1.2362252614594667,84.6909762718791,33.76034389680864,16.798398522368633,19.232252412123813,11.599904019539133,0.1875,0.015146741582122682,0.5825019266480898,0.3541666666666667,0.0,0.4810744810744811,0.20920381572769567,0.5544387423693254,0.68,
sample_size,sample_size,ihdp,train_fraction,0.5,x_learner,13,336,75,0.19642857142857142,0.5073695182800293,0.9176954493580807,0.3575030227364593,0.7410112334789305,0.35750302273645823,3.9256817327171536,4.283184755453613,6.247837970016093,0.0,6.247837970016093,1.0274196480728515,0.9589226580587565,0.8370201980912989,0.8859031921840167,0.19642857142857142,0.0037858257106778326,0.6905566405133305,0.3244047619047619,0.0,0.4936026936026936,0.22139203872393445,0.647281750130686,0.68,
sample_size,sample_size,ihdp,train_fraction,0.5,x_learner,14,336,75,0.18452380952380953,0.487224817276001,1.5995183503109127,0.3384688879305786,1.0735687445432474,0.3384688879305772,3.9636861517499717,4.30215503968055,10.454824202390894,0.09391549195213322,10.548739694343027,2.798396625180417,0.6919964658241348,0.7752943210201203,1.1015530508343852,0.18452380952380953,0.024180595905768307,0.5543340589090844,0.27976190476190477,0.0,0.4447845538026842,0.1707021419041717,0.4199303294095353,0.52,
sample_size,sample_size,ihdp,train_fraction,0.5,x_learner,15,336,75,0.19642857142857142,0.5428462028503418,0.949509035620786,0.03415402591712713,0.7176142177186481,0.034154025917125005,4.488906434591061,4.523060460508188,8.900826912840778,0.0129099120055578,8.913736824846335,1.2487669410044486,0.707401414569517,0.9687572895804266,0.7660483813300313,0.19642857142857142,0.024420673933544267,0.6019252797128556,0.24702380952380953,0.0,0.3811447811447811,0.17381335662560699,0.40809627947525734,0.68,
sample_size,sample_size,ihdp,train_fraction,0.5,x_learner,16,336,75,0.16964285714285715,0.5236096382141113,2.27957851471463,0.1993969041127026,1.7998684949914907,-0.1993969041127022,3.8251275537781826,3.62573064966548,14.44921032860928,0.2861476121947639,14.735357940804043,3.176252222193127,1.7701259189356917,1.7138403129434738,2.1255950543724156,0.16964285714285715,0.007569229199793913,0.6213806590897585,0.43452380952380953,0.0,0.4966987360875307,0.2240980051302559,0.4806480280882645,0.84,
sample_size,sample_size,ihdp,train_fraction,0.5,x_learner,17,336,75,0.20238095238095238,0.47974061965942383,1.4912664968449303,0.2881442455523322,1.0929542367765641,0.28814424555233326,3.7452895448900776,4.03343379044241,12.521479646995996,0.030470083248756552,12.551949730244752,2.0279851118463976,1.1645491306935796,1.418467842375378,1.1699937045439217,0.20238095238095238,0.011307791474153922,0.6827943882740785,0.28869047619047616,0.0,0.487928007023705,0.1876827100091776,0.48433644570156614,0.72,
sample_size,sample_size,ihdp,train_fraction,0.5,x_learner,18,336,75,0.18452380952380953,0.5110611915588379,2.310285901563512,0.3013711721382131,1.5443754183721976,0.30137117213821407,3.9330175940637546,4.234388766201968,10.900875789858533,0.3685208236740376,11.269396613532571,4.052751854986647,1.4989707810643647,1.0554661764862845,1.1837675640719656,0.18452380952380953,0.01525780507443298,0.7685878242665563,0.31547619047619047,0.0,0.442665410878267,0.1892036234180631,0.5822606577956767,0.64,
sample_size,sample_size,ihdp,train_fraction,0.5,x_learner,19,336,75,0.18154761904761904,0.48773837089538574,1.1047875503961193,0.006704458399708457,0.8233136972185799,0.006704458399709203,4.182856218826348,4.189560677226057,7.383558221117317,0.029765237765394303,7.4133234588827115,1.515406619458596,0.7094661132738578,1.1682497119721855,0.824540645729502,0.18154761904761904,0.010410226166967398,0.6991986770875322,0.375,0.0,0.5123695976154993,0.21719136089876834,0.577172697732131,0.72,
sample_size,sample_size,ihdp,train_fraction,0.5,x_learner,20,336,75,0.17559523809523808,0.5350337028503418,4.1837602311636015,0.3479369434809634,2.8816172930168955,-0.34793694348096343,4.722805469184018,4.374868525703055,19.965563752067762,0.46511253699281596,20.430676289060578,5.953451936744247,4.686649078922622,2.9523183695929904,2.0311882979898233,0.17559523809523808,0.013117043607475462,0.7094095001825598,0.38095238095238093,0.0,0.49917395826959554,0.21729348334016213,0.5368537530312045,0.72,
sample_size,sample_size,ihdp,train_fraction,0.5,x_learner,21,336,75,0.16964285714285715,0.49551820755004883,1.017965383510243,0.3096202139799602,0.8033520143459257,-0.3096202139799598,4.107409742058923,3.797789528078963,7.2443085788416175,0.03228348489250976,7.276592063734127,1.3266886166822778,0.7326858329304765,0.9247520947759935,0.9831738961083527,0.16964285714285715,0.0030699938466644825,0.7441709487223197,0.4166666666666667,0.0,0.5327296736464818,0.26295940723688643,0.6270011090850995,0.84,
sample_size,sample_size,ihdp,train_fraction,0.5,x_learner,22,336,75,0.16071428571428573,0.4874732494354248,1.5631979556966193,0.11319956500759165,1.2595447054324909,-0.1131995650075933,4.623469641373431,4.510270076365839,11.101732120473097,0.03686198412071562,11.138594104593812,2.012521798938141,1.5305181274514554,1.56567448067714,0.9617504468298136,0.16071428571428573,0.004711125827255675,0.6114218491025043,0.39880952380952384,0.0,0.48857368006304175,0.23396508612626263,0.45279188930296077,0.76,
sample_size,sample_size,ihdp,train_fraction,0.5,x_learner,23,336,75,0.20833333333333334,0.5049343109130859,5.087009353397746,1.0008250606317537,3.1115531368858416,1.0008250606317541,2.019971662565434,3.0207967231971877,16.290445147670574,0.495652703973505,16.78609785164408,9.056075006026212,2.238400825605823,3.524221845896442,1.7231683634016595,0.20833333333333334,0.02009087393256405,0.6916157592977058,0.24107142857142858,0.0,0.37819548872180453,0.19083171742454227,0.41647825018904205,0.72,
sample_size,sample_size,ihdp,train_fraction,0.5,x_learner,24,336,75,0.17559523809523808,0.4937403202056885,2.427598545252223,0.5554546153111666,1.100797067522991,0.5554546153111677,4.015211833260161,4.570666448571328,10.474292629875107,0.23387151910533177,10.708164148980439,4.642255652372548,0.8829673113370721,0.647548788975744,0.7445223410666147,0.17559523809523808,0.013474212038301901,0.625884829660263,0.34226190476190477,0.0,0.4333965612188705,0.19928627489452527,0.4147398063649501,0.72,
sample_size,sample_size,ihdp,train_fraction,0.5,x_learner,25,336,75,0.15476190476190477,0.5183868408203125,8.117969617144496,0.7941727841081199,5.8754819204877045,0.79417278410812,2.3657951812226976,3.1599679653308175,35.769345152871985,0.7464786562688062,36.51582380914079,13.599002735866684,5.852882746393667,5.263521805998099,3.8789705624131425,0.15476190476190477,0.012561662831869007,0.7235238350121322,0.4226190476190476,0.0,0.47697724810400866,0.20863840630494593,0.5378131150457552,0.72,
sample_size,sample_size,ihdp,train_fraction,0.5,x_learner,26,336,75,0.19642857142857142,0.48900437355041504,1.054580575798187,0.0192116361325807,0.7118677726955757,0.019211636132581228,4.069120522463573,4.088332158596153,8.988753331461467,0.029943487235994937,9.018696818697462,1.5066407343331358,0.7932572065027834,0.87443005687561,0.8713751408008944,0.19642857142857142,0.017444857896176072,0.6080888618991217,0.28869047619047616,0.0,0.4430976430976431,0.20688568926510115,0.514367619261504,0.68,
sample_size,sample_size,ihdp,train_fraction,0.5,x_learner,27,336,75,0.20833333333333334,0.5258388519287109,33.750286932925455,5.065443295153082,20.923334660396005,5.065443295153082,-0.6684755489869564,4.396967746166125,81.1855378898492,1.662071712489137,82.84760960233834,61.21782857574239,16.637436934793673,16.251948161917984,14.912805919211387,0.20833333333333334,0.02065716631734581,0.7345259546793348,0.28273809523809523,0.0,0.4857142857142857,0.18982150041334722,0.4233728169609513,0.68,
sample_size,sample_size,ihdp,train_fraction,0.5,x_learner,28,336,75,0.17857142857142858,0.5098426342010498,1.2862136687424408,0.1732586038302073,0.9874380938204895,-0.1732586038302071,3.7867168106442683,3.613458206814061,10.019343060602052,0.035149732829735214,10.054492793431788,1.5533587113400387,1.6293870385195113,1.1700417295661116,0.702851569487192,0.17857142857142858,0.01623449830235732,0.5823717052746913,0.31845238095238093,0.0,0.4782608695652174,0.18458334454629358,0.5067814868559523,0.64,
sample_size,sample_size,ihdp,train_fraction,0.5,x_learner,29,336,75,0.17261904761904762,0.6167547702789307,1.3888838219752413,0.3676568927970001,1.1143906757735806,-0.3676568927970008,5.052511980262755,4.684855087465755,11.356585719306167,0.015521910688248042,11.372107629994415,1.8285086082253985,1.3932355738451823,1.227186303826843,0.962338287886273,0.17261904761904762,0.01967609864454471,0.6170971633742388,0.35119047619047616,0.0,0.4398412304639047,0.211562987299741,0.4931059523442824,0.8,
sample_size,sample_size,ihdp,train_fraction,0.5,neural_rep,0,336,75,0.18452380952380953,0.8533329963684082,1.0137797362397685,0.4730931167619219,0.8591440211399407,-0.4730931167619218,4.05634575318767,3.583252636425748,6.437065841667993,0.0038213295139675196,6.44088717118196,1.1436067329771489,1.0877993524287755,0.8698789009725535,0.9334621515989742,0.18452380952380953,0.005423674724999885,0.7791818562216066,0.375,0.0,0.5655757004944667,0.24461393340247034,0.4378365256105224,0.84,
sample_size,sample_size,ihdp,train_fraction,0.5,neural_rep,1,336,75,0.18452380952380953,0.5199508666992188,0.7582590665048041,0.050997783241086836,0.5935308545376676,-0.05099778324108585,4.2142477603062325,4.163249977065146,8.238802977146783,0.0,8.238802977146783,0.78202381144754,0.6489515227389322,0.5923678648631663,0.9529598717128885,0.18452380952380953,0.022430234956892305,0.566332722180064,0.2857142857142857,0.0,0.3389451377442901,0.164354811154796,0.3504974669178377,0.6,
sample_size,sample_size,ihdp,train_fraction,0.5,neural_rep,2,336,75,0.15773809523809523,0.5073683261871338,1.0012749814605388,0.22586297790003096,0.7672435828877845,-0.22586297790003054,4.064009157208732,3.838146179308701,7.462933979593411,0.0290861138587859,7.492020093452197,1.4263983824273365,0.9456669737543988,0.7316883711859412,0.7477515311763058,0.15773809523809523,0.018804595206957847,0.5860038254458073,0.3869047619047619,0.0,0.4236949129941996,0.2012882815734428,0.5349689218388727,0.8,
sample_size,sample_size,ihdp,train_fraction,0.5,neural_rep,3,336,75,0.21428571428571427,0.7215008735656738,1.1965055892655927,0.04606975906631172,0.9016575289504274,-0.046069759066311645,4.011240467092333,3.965170708026021,12.371627322290355,0.08764488025794748,12.459272202548302,1.6946288769537565,1.0373655677505618,0.9978494526606964,0.8741820071288895,0.21428571428571427,0.025396670497540637,0.692635223657146,0.2708333333333333,0.0,0.3952020202020202,0.19729372793299838,0.41260117256692924,0.64,
sample_size,sample_size,ihdp,train_fraction,0.5,neural_rep,4,336,75,0.19940476190476192,1.2695419788360596,1.1361918404337301,0.15705141938964928,0.8913590555155763,-0.15705141938964995,4.163696052943034,4.0066446335533845,11.347019188321205,0.03500362532943235,11.382022813650638,1.6548814576479196,1.070966712631443,0.840557110132357,0.7510073511096149,0.19940476190476192,0.02093751820952451,0.6773660185831204,0.3005952380952381,0.0,0.4566387393885591,0.2066209025824394,0.4543731431255456,0.76,
sample_size,sample_size,ihdp,train_fraction,0.5,neural_rep,5,336,75,0.19642857142857142,0.5622096061706543,0.7441603477330572,0.07689572951085077,0.5925125649241169,0.07689572951085118,3.9331437410854035,4.010039470596254,6.383491605800797,0.0,6.383491605800797,1.0039456517146728,0.751372106568103,0.474127022704877,0.6468406283007319,0.19642857142857142,0.012094288792941759,0.7920217765469417,0.2976190476190476,0.0,0.46734006734006733,0.21056525964615255,0.583568916048615,0.56,
sample_size,sample_size,ihdp,train_fraction,0.5,neural_rep,6,336,75,0.19940476190476192,0.5836865901947021,0.9858473295547465,0.4338114862698008,0.861775512369843,-0.43381148626980065,4.016693170673207,3.5828816844034064,5.467977141813069,0.0,5.467977141813069,0.9243579233631074,1.0208401449985682,0.9106137912821196,1.079586008858674,0.19940476190476192,0.011120751578651727,0.6247193029489533,0.30952380952380953,0.0,0.44959218776008436,0.20237841472338267,0.5637195861633044,0.68,
sample_size,sample_size,ihdp,train_fraction,0.5,neural_rep,7,336,75,0.1875,0.605010986328125,1.205926640466291,0.03687077589171173,0.8480436369846981,-0.0368707758917109,3.5578866081987015,3.52101583230699,8.381534215985404,0.13122708976815112,8.512761305753555,2.0416460069706006,0.8200552131443111,0.7184266406737532,0.7764893235409266,0.1875,0.010242214478161414,0.6062390958168126,0.2916666666666667,0.0,0.42735042735042733,0.20622279498870646,0.5117002886002502,0.8,
sample_size,sample_size,ihdp,train_fraction,0.5,neural_rep,8,336,75,0.19345238095238096,1.2941036224365234,12.544184302266078,0.5292764943172354,5.279707846480567,0.5292764943172369,10.668346257956449,11.197622752273684,57.71683773167755,0.3444783610838442,58.061316092761395,24.025970015135826,5.585800383950351,2.3679698266896483,2.954792626664562,0.19345238095238096,0.01343790837666867,0.6512275358047451,0.2708333333333333,0.0,0.42304853817768945,0.19537614691807928,0.4617273891387834,0.72,
sample_size,sample_size,ihdp,train_fraction,0.5,neural_rep,9,336,75,0.15476190476190477,1.4449796676635742,2.1202890986282585,0.5281588414449541,1.5089865901136876,0.528158841444954,5.304671650267495,5.832830491712449,26.464230930884145,0.12386992465805235,26.588100855542198,3.4698159943915674,1.8488666480076104,0.7856976466143122,1.5179934851310277,0.15476190476190477,0.007220139507209637,0.572394481589855,0.41964285714285715,0.0,0.46912242686890576,0.2092207644223651,0.485292733539539,0.68,
sample_size,sample_size,ihdp,train_fraction,0.5,neural_rep,10,336,75,0.20238095238095238,0.7856988906860352,1.0480427500949574,0.4910674349139903,0.8244926710171194,-0.4910674349139894,4.335689215411743,3.8446217804977527,8.57418173997629,0.024765828100440146,8.59894756807673,1.024856202733405,0.7093488635094032,0.9952447671681953,1.3484172123914735,0.20238095238095238,0.01782919755975491,0.6307018173474668,0.2916666666666667,0.0,0.5032923617208077,0.20245711329097774,0.513960541228915,0.56,
sample_size,sample_size,ihdp,train_fraction,0.5,neural_rep,11,336,75,0.19047619047619047,1.2624354362487793,1.3919709043211015,0.33788692457855873,0.9907479057131803,-0.33788692457855785,4.390080635994342,4.052193711415783,13.463270314067007,0.08765126272809631,13.550921576795103,2.1628847406984093,1.2061548802995996,1.005193860976725,0.7626455090404941,0.19047619047619047,0.02226866171395199,0.5990986057553057,0.25297619047619047,0.0,0.3795955882352941,0.18475006623823198,0.4538430475090436,0.72,
sample_size,sample_size,ihdp,train_fraction,0.5,neural_rep,12,336,75,0.1875,1.1182849407196045,11.63040676284946,1.419465672587469,7.4373302832241945,1.4194656725874681,8.167656931020298,9.587122603607767,84.26487178477488,0.42610448710421167,84.6909762718791,18.838697218761283,11.17865829461094,4.816071810697538,6.121247448754227,0.1875,0.015146741582122682,0.5825019266480898,0.3541666666666667,0.0,0.4810744810744811,0.20920381572769567,0.5544387423693254,0.68,
sample_size,sample_size,ihdp,train_fraction,0.5,neural_rep,13,336,75,0.19642857142857142,0.5170514583587646,1.0372755688216835,0.29384238172064414,0.8715777713871249,-0.2938423817206452,3.9256817327171536,3.6318393509965095,6.247837970016093,0.0,6.247837970016093,1.1860859139799491,0.6551595206367944,1.0789732820990605,1.0247868638245514,0.19642857142857142,0.0037858257106778326,0.6905566405133305,0.3244047619047619,0.0,0.4936026936026936,0.22139203872393445,0.647281750130686,0.68,
sample_size,sample_size,ihdp,train_fraction,0.5,neural_rep,14,336,75,0.18452380952380953,1.259958267211914,1.5853170603172477,0.450866241495234,1.1840683741367144,0.4508662414952329,3.9636861517499717,4.414552393245206,10.442210645037525,0.106529049305502,10.548739694343027,1.8386340308950664,1.1153879961664475,0.9362999984038122,2.11773481030977,0.18452380952380953,0.024180595905768307,0.5543340589090844,0.27976190476190477,0.0,0.4447845538026842,0.1707021419041717,0.4199303294095353,0.52,
sample_size,sample_size,ihdp,train_fraction,0.5,neural_rep,15,336,75,0.19642857142857142,1.012883186340332,1.0022187916662795,0.0239353728350995,0.7958049721548223,-0.02393537283510082,4.488906434591061,4.4649710617559615,8.900826912840778,0.0129099120055578,8.913736824846335,1.2049517309474038,1.0843887152589766,0.7781839825487301,0.8907391172815762,0.19642857142857142,0.024420673933544267,0.6019252797128556,0.24702380952380953,0.0,0.3811447811447811,0.17381335662560699,0.40809627947525734,0.68,
sample_size,sample_size,ihdp,train_fraction,0.5,neural_rep,16,336,75,0.16964285714285715,1.4692835807800293,1.6279415038712832,0.26778757634621364,1.2319243225402257,0.267787576346214,3.8251275537781826,4.092915130124396,14.696279918457773,0.03907802234627056,14.735357940804043,1.6706085953816814,1.7666052580925014,1.3300894243074755,1.7159786660234335,0.16964285714285715,0.007569229199793913,0.6213806590897585,0.43452380952380953,0.0,0.4966987360875307,0.2240980051302559,0.4806480280882645,0.84,
sample_size,sample_size,ihdp,train_fraction,0.5,neural_rep,17,336,75,0.20238095238095238,1.4167563915252686,1.2491991435644374,0.12194373047139173,0.9890429363194467,-0.12194373047139095,3.7452895448900776,3.623345814418686,12.5147871099951,0.03716262024965289,12.551949730244752,1.5243251911541775,1.2814560486368054,1.29646957033813,0.7744418217345407,0.20238095238095238,0.011307791474153922,0.6827943882740785,0.28869047619047616,0.0,0.487928007023705,0.1876827100091776,0.48433644570156614,0.72,
sample_size,sample_size,ihdp,train_fraction,0.5,neural_rep,18,336,75,0.18452380952380953,1.3581395149230957,1.4563420332415158,0.22485584584197005,1.0878660055735057,0.22485584584197013,3.9330175940637546,4.157873439905725,11.198736981455397,0.07065963207717374,11.269396613532571,2.0253097405821285,0.7675043015010365,0.8345216939860837,1.7365871464269544,0.18452380952380953,0.01525780507443298,0.7685878242665563,0.31547619047619047,0.0,0.442665410878267,0.1892036234180631,0.5822606577956767,0.64,
sample_size,sample_size,ihdp,train_fraction,0.5,neural_rep,19,336,75,0.18154761904761904,0.6349339485168457,1.0206462676743446,0.16839944240002858,0.7692194548589731,-0.1683994424000276,4.182856218826348,4.01445677642632,7.383558221117317,0.029765237765394303,7.4133234588827115,1.1890963347955767,1.0797336698243245,0.8855887152759798,0.8996470671838052,0.18154761904761904,0.010410226166967398,0.6991986770875322,0.375,0.0,0.5123695976154993,0.21719136089876834,0.577172697732131,0.72,
sample_size,sample_size,ihdp,train_fraction,0.5,neural_rep,20,336,75,0.17559523809523808,1.0336887836456299,2.0481526344805303,0.4157387123141154,1.6240508466177754,-0.41573871231411585,4.722805469184018,4.307066756869903,20.296101631753817,0.13457465730676077,20.430676289060578,2.458757357795166,2.455499439558836,1.7406993872605014,1.3308915922574442,0.17559523809523808,0.013117043607475462,0.7094095001825598,0.38095238095238093,0.0,0.49917395826959554,0.21729348334016213,0.5368537530312045,0.72,
sample_size,sample_size,ihdp,train_fraction,0.5,neural_rep,21,336,75,0.16964285714285715,0.3886876106262207,1.030471935414022,0.08332900011802735,0.8043662482769336,0.08332900011802712,4.107409742058923,4.190738742176951,7.261635277895863,0.01495678583826443,7.276592063734127,1.1100053708499062,0.9520171990971857,1.0067921762252554,1.0427005295929326,0.16964285714285715,0.0030699938466644825,0.7441709487223197,0.4166666666666667,0.0,0.5327296736464818,0.26295940723688643,0.6270011090850995,0.84,
sample_size,sample_size,ihdp,train_fraction,0.5,neural_rep,22,336,75,0.16071428571428573,0.8530316352844238,1.14132702173315,0.20217039879067578,0.8889856585094608,-0.20217039879067725,4.623469641373431,4.421299242582755,11.102344556609635,0.0362495479841769,11.138594104593812,1.271468766894081,1.5230126920905096,0.9080366906249644,0.7094374802050469,0.16071428571428573,0.004711125827255675,0.6114218491025043,0.39880952380952384,0.0,0.48857368006304175,0.23396508612626263,0.45279188930296077,0.76,
sample_size,sample_size,ihdp,train_fraction,0.5,neural_rep,23,336,75,0.20833333333333334,0.8690640926361084,3.1618191904898776,0.1824449990768695,2.041036655656676,-0.18244499907686942,2.019971662565434,1.8375266634885645,16.558955077708962,0.2271427739351175,16.78609785164408,5.442876556561108,2.4511773651349325,1.8392202097183614,0.8732452582111737,0.20833333333333334,0.02009087393256405,0.6916157592977058,0.24107142857142858,0.0,0.37819548872180453,0.19083171742454227,0.41647825018904205,0.72,
sample_size,sample_size,ihdp,train_fraction,0.5,neural_rep,24,336,75,0.17559523809523808,1.125896692276001,1.9680526474313003,0.07933220144269626,1.1862178391776133,0.07933220144269729,4.015211833260161,4.094544034702857,10.681666985159229,0.026497163821209924,10.708164148980439,3.496019155249154,1.0931906047964886,0.9661703873534448,1.0006337803201717,0.17559523809523808,0.013474212038301901,0.625884829660263,0.34226190476190477,0.0,0.4333965612188705,0.19928627489452527,0.4147398063649501,0.72,
sample_size,sample_size,ihdp,train_fraction,0.5,neural_rep,25,336,75,0.15476190476190477,1.6276772022247314,5.626651563093667,0.21432472749129738,4.138660065837657,-0.21432472749129705,2.3657951812226976,2.1514704537314002,36.153372520489796,0.36245128865099474,36.51582380914079,7.642612327274061,7.434885022070046,3.136913901559342,2.086296422452789,0.15476190476190477,0.012561662831869007,0.7235238350121322,0.4226190476190476,0.0,0.47697724810400866,0.20863840630494593,0.5378131150457552,0.72,
sample_size,sample_size,ihdp,train_fraction,0.5,neural_rep,26,336,75,0.19642857142857142,0.7523071765899658,0.9262955587858813,0.29450989375913306,0.7289015065255834,-0.2945098937591315,4.069120522463573,3.7746106287044396,8.988753331461467,0.029943487235994937,9.018696818697462,0.8917898809732907,1.0157082871255034,0.8126262349335331,0.976687705965058,0.19642857142857142,0.017444857896176072,0.6080888618991217,0.28869047619047616,0.0,0.4430976430976431,0.20688568926510115,0.514367619261504,0.68,
sample_size,sample_size,ihdp,train_fraction,0.5,neural_rep,27,336,75,0.20833333333333334,1.7538530826568604,20.35736442436718,2.6987733244704466,8.956563712032649,2.6987733244704466,-0.6684755489869564,2.0302977754834903,82.77253815959322,0.0750714427451129,82.84760960233834,39.08424256527963,7.420128381958111,4.960142308553062,5.615684967687341,0.20833333333333334,0.02065716631734581,0.7345259546793348,0.28273809523809523,0.0,0.4857142857142857,0.18982150041334722,0.4233728169609513,0.68,
sample_size,sample_size,ihdp,train_fraction,0.5,neural_rep,28,336,75,0.17857142857142858,0.7358274459838867,1.0058662419131583,0.17303569667688512,0.8018656031762109,-0.17303569667688515,3.7867168106442683,3.6136811139673832,10.034451640518476,0.020041152913311322,10.054492793431788,1.3668449965545217,1.0619497309716996,0.6859803880543772,0.8149725663098415,0.17857142857142858,0.01623449830235732,0.5823717052746913,0.31845238095238093,0.0,0.4782608695652174,0.18458334454629358,0.5067814868559523,0.64,
sample_size,sample_size,ihdp,train_fraction,0.5,neural_rep,29,336,75,0.17261904761904762,0.9644045829772949,0.9170789584503135,0.2714213202869171,0.6975017361880392,0.2714213202869152,5.052511980262755,5.3239333005496725,11.356585719306167,0.015521910688248042,11.372107629994415,1.2877492824224195,0.7251574684667528,0.6783176488602268,0.8386181595667611,0.17261904761904762,0.01967609864454471,0.6170971633742388,0.35119047619047616,0.0,0.4398412304639047,0.211562987299741,0.4931059523442824,0.8,
sample_size,sample_size,ihdp,train_fraction,0.75,s_learner,0,504,75,0.1865079365079365,0.21339917182922363,0.5435230716028184,0.04972598457886157,0.43225131200460853,-0.04972598457886236,4.05634575318767,4.006619768608808,6.44088717118196,0.0,6.44088717118196,0.5797855500060035,0.4870672882098542,0.4798081695216768,0.6123768111037236,0.1865079365079365,0.01339370991938694,0.5687674067789869,0.3392857142857143,0.0,0.4160352880124546,0.19846638867980093,0.48771119602829544,0.72,
sample_size,sample_size,ihdp,train_fraction,0.75,s_learner,1,504,75,0.1984126984126984,0.21369242668151855,0.45864306643963926,0.11548677980913613,0.3621894133234606,-0.11548677980913498,4.2142477603062325,4.098760980497096,8.238802977146783,0.0,8.238802977146783,0.5127636495538336,0.2426197067807202,0.4919622582433595,0.5192523384333906,0.1984126984126984,0.013157755066803814,0.6728749156430561,0.31547619047619047,0.0,0.4089108910891089,0.18316647335649416,0.39030496927127345,0.6,
sample_size,sample_size,ihdp,train_fraction,0.75,s_learner,2,504,75,0.18055555555555555,0.21050786972045898,0.7026615575925025,0.2414901315724789,0.48772402478350474,-0.24149013157247842,4.064009157208732,3.822519025636253,7.462933979593411,0.0290861138587859,7.492020093452197,1.0472434804493276,0.36529449251835083,0.4136576897107603,0.7434486067862667,0.18055555555555555,0.018843005908755765,0.5977794491263272,0.35714285714285715,0.0,0.45036319612590797,0.19572238352578836,0.4930392267618961,0.72,
sample_size,sample_size,ihdp,train_fraction,0.75,s_learner,3,504,75,0.19047619047619047,0.2106633186340332,1.1180468630251672,0.029949198914215103,0.7796016764217174,-0.029949198914215755,4.011240467092333,3.9812912681781176,12.371627322290355,0.08764488025794748,12.459272202548302,1.7151855881877787,0.5197571730681242,0.6079170567202261,1.1691750016917493,0.19047619047619047,0.015514222347341414,0.5768745279716445,0.2916666666666667,0.0,0.4375,0.18639167921055705,0.3826589165097853,0.76,
sample_size,sample_size,ihdp,train_fraction,0.75,s_learner,4,504,75,0.18253968253968253,0.21370339393615723,1.5027799303277478,0.03438073318968815,1.0517670200898355,0.0343807331896872,4.163696052943034,4.198076786132722,11.249368298404912,0.1326545152457257,11.382022813650638,2.3913335784686156,1.1812400852768368,1.1450647114442296,0.7503268537006601,0.18253968253968253,0.015653527537944377,0.6081139301464525,0.30753968253968256,0.0,0.38518362178134236,0.18727081196861575,0.41081677919276033,0.64,
sample_size,sample_size,ihdp,train_fraction,0.75,s_learner,5,504,75,0.19246031746031747,0.21590399742126465,0.6790793486464283,0.1353759531835439,0.4977593395441348,0.13537595318354392,3.9331437410854035,4.068519694268947,6.383491605800797,0.0,6.383491605800797,1.0346090721143402,0.6038639517594759,0.5790360558981152,0.2629940959049669,0.19246031746031747,0.022630225368402892,0.6343943834845093,0.26785714285714285,0.0,0.4003140910357405,0.1687896454804506,0.3598419692412319,0.68,
sample_size,sample_size,ihdp,train_fraction,0.75,s_learner,6,504,75,0.20436507936507936,0.2190535068511963,0.5914551025727406,0.23336842564662064,0.4641764576394918,-0.2333684256466203,4.016693170673207,3.7833247450265866,5.467977141813069,0.0,5.467977141813069,0.7155533060413355,0.5513938648101488,0.6393784801918162,0.41474124860424627,0.20436507936507936,0.013346323695284308,0.6275107928164273,0.2896825396825397,0.0,0.4331888724789967,0.18109952888142777,0.499050670054164,0.64,
sample_size,sample_size,ihdp,train_fraction,0.75,s_learner,7,504,75,0.19047619047619047,0.2141401767730713,1.0948265412045057,0.02339048707984448,0.6506622632048908,0.023390487079845007,3.5578866081987015,3.581277095278546,8.381534215985404,0.13122708976815112,8.512761305753555,2.0211809498481133,0.40878898671485414,0.5888211310413638,0.5895014143339339,0.19047619047619047,0.01654549616125753,0.5427252772608859,0.25396825396825395,0.0,0.3909313725490196,0.1687236535724618,0.3870724153082086,0.64,
sample_size,sample_size,ihdp,train_fraction,0.75,s_learner,8,504,75,0.1865079365079365,0.21411633491516113,22.177170720874592,0.5430120585549041,10.19464061475093,0.5430120585549034,10.668346257956449,11.211358316511353,57.671807191012064,0.3895089017493305,58.061316092761395,41.88362637014969,7.905772585795891,8.13794273751267,7.857862764029671,0.1865079365079365,0.01550230017123148,0.672211711142273,0.3134920634920635,0.0,0.4071613907628438,0.19342473472579208,0.3747659367493181,0.8,
sample_size,sample_size,ihdp,train_fraction,0.75,s_learner,9,504,75,0.17063492063492064,0.21055221557617188,3.147613122862633,0.23334222623600986,2.2535150195879416,-0.23334222623601084,5.304671650267495,5.071329424031485,26.53915025809739,0.0489505974448079,26.588100855542198,5.2654561338021235,2.2424932129939767,2.2894056186856373,1.603888276209861,0.17063492063492064,0.01462154724137935,0.6070869232011104,0.35119047619047616,0.0,0.38806053187938133,0.18088695218792877,0.49892272857254405,0.64,
sample_size,sample_size,ihdp,train_fraction,0.75,s_learner,10,504,75,0.16666666666666666,0.21561789512634277,0.6896891073181498,0.0327013610423359,0.5000679917687121,0.0327013610423363,4.335689215411743,4.368390576454079,8.581004323616582,0.017943244460147056,8.59894756807673,0.8904661336109709,0.5023867130062306,0.49319296473621,0.7761257023565453,0.16666666666666666,0.014313393691125829,0.5567146133918911,0.3353174603174603,0.0,0.3880952380952381,0.18796519151747632,0.36387265397712404,0.72,
sample_size,sample_size,ihdp,train_fraction,0.75,s_learner,11,504,75,0.19246031746031747,0.21689105033874512,1.6798482195181175,0.37917077419901446,1.3285539657034602,-0.3791707741990136,4.390080635994342,4.010909861795327,13.454444253580629,0.096477323214474,13.550921576795103,2.2141381410499474,0.9997953106808402,1.6238275232431119,1.628752735308274,0.19246031746031747,0.025864891177869043,0.657062700799705,0.2896825396825397,0.0,0.42617594163985917,0.18301299966799703,0.4461006167921997,0.72,
sample_size,sample_size,ihdp,train_fraction,0.75,s_learner,12,504,75,0.18253968253968253,0.21449732780456543,23.148395856667246,4.980498972034367,16.1743930401021,4.980498972034364,8.167656931020298,13.148155903054665,84.04185860975778,0.6491176621213128,84.6909762718791,40.151579538705704,12.328029483490702,12.103858275383052,14.579311117904105,0.18253968253968253,0.0054633628334323624,0.6575738507245277,0.36507936507936506,0.0,0.46601941747572817,0.20789606246886436,0.41182248864143184,0.64,
sample_size,sample_size,ihdp,train_fraction,0.75,s_learner,13,504,75,0.17857142857142858,0.21566152572631836,0.42749724811095924,0.18755828757073134,0.3305434280454877,-0.187558287570732,3.9256817327171536,3.7381234451464223,6.247837970016093,0.0,6.247837970016093,0.49033442554567536,0.4553037890514578,0.39753083577410864,0.3826791030190154,0.17857142857142858,0.015554454360682004,0.6232060247874134,0.37896825396825395,0.0,0.45603864734299515,0.20832438251806523,0.4689297769543259,0.72,
sample_size,sample_size,ihdp,train_fraction,0.75,s_learner,14,504,75,0.19642857142857142,0.21496272087097168,1.631765198321927,0.36983725334194073,1.0808971187022285,0.36983725334194,3.9636861517499717,4.3335234050919125,10.454824202390894,0.09391549195213322,10.548739694343027,2.9279150983726896,0.6969884435786513,0.852915336678946,0.8660915277333414,0.19642857142857142,0.022780617041471954,0.691756375460892,0.2638888888888889,0.0,0.4204264870931538,0.17420935436688245,0.37186139666200096,0.64,
sample_size,sample_size,ihdp,train_fraction,0.75,s_learner,15,504,75,0.19047619047619047,0.2117481231689453,0.7485581439352655,0.18223549948776885,0.5793716758775245,-0.18223549948777043,4.488906434591061,4.306670935103292,8.900826912840778,0.0129099120055578,8.913736824846335,1.0001214830681842,0.42951940392600035,0.7261893507894243,0.7137889064263719,0.19047619047619047,0.012161595910968756,0.6106716229502437,0.2857142857142857,0.0,0.3805147058823529,0.18389371534141333,0.40773533214758756,0.68,
sample_size,sample_size,ihdp,train_fraction,0.75,s_learner,16,504,75,0.16666666666666666,0.20563220977783203,2.0015251847544793,0.0042465546752823435,1.5507495042211443,-0.004246554675281609,3.8251275537781826,3.8208809991029002,14.438824751157833,0.29653318964621,14.735357940804043,3.1084439188407837,1.0557569846043624,1.780351380889577,1.387635270153168,0.16666666666666666,0.011830403829948984,0.6547312662335052,0.4007936507936508,0.0,0.4738095238095238,0.2255636643612331,0.38645267802242783,0.8,
sample_size,sample_size,ihdp,train_fraction,0.75,s_learner,17,504,75,0.19444444444444445,0.21005487442016602,1.3934342151373647,0.05870270052643489,0.9527346167881747,-0.05870270052643398,3.7452895448900776,3.6865868443636427,12.355780777937273,0.19616895230747922,12.551949730244752,2.263770416571899,1.0184107636867417,0.9869059431119486,0.7636950596508418,0.19444444444444445,0.01951925420451246,0.568776264294735,0.2718253968253968,0.0,0.3958479943701619,0.17474062518057512,0.3599365106265288,0.72,
sample_size,sample_size,ihdp,train_fraction,0.75,s_learner,18,504,75,0.1884920634920635,0.20432734489440918,1.7346117249453532,0.2162468297803284,1.0409842819017738,0.21624682978032833,3.9330175940637546,4.149264423844083,11.096316337420133,0.17308027611243837,11.269396613532571,3.187501202818421,0.6793028514469414,0.9047237966777495,0.6791869331664677,0.1884920634920635,0.01096026341571119,0.6395061445740188,0.34523809523809523,0.0,0.44187363273709945,0.2005542649953597,0.5349983069180524,0.68,
sample_size,sample_size,ihdp,train_fraction,0.75,s_learner,19,504,75,0.18055555555555555,0.21231293678283691,0.8179165051965489,0.13758829039237153,0.577400878287636,-0.13758829039237153,4.182856218826348,4.045267928433977,7.383558221117317,0.029765237765394303,7.4133234588827115,1.16993531297148,0.5431244017205189,0.6774380580363092,0.730486262193435,0.18055555555555555,0.017569359647515544,0.6170422716265037,0.35119047619047616,0.0,0.43322778915999255,0.19276383056071503,0.48647008087007104,0.64,
sample_size,sample_size,ihdp,train_fraction,0.75,s_learner,20,504,75,0.18253968253968253,0.219069242477417,3.1303389755637823,1.0297098665889681,2.3800774612783444,-1.029709866588969,4.722805469184018,3.69309560259505,20.19624266937718,0.23443361968339715,20.430676289060578,4.140604466539335,2.9117566724063866,2.9198605808353904,2.231156663217493,0.18253968253968253,0.013945477643991648,0.5868734111999733,0.30753968253968256,0.0,0.41821443647108486,0.1745741750716045,0.3992342305163028,0.64,
sample_size,sample_size,ihdp,train_fraction,0.75,s_learner,21,504,75,0.1865079365079365,0.21616411209106445,0.6402830210617493,0.20473089678920164,0.5075992979931107,-0.204730896789201,4.107409742058923,3.9026788452697216,7.276592063734127,0.0,7.276592063734127,0.9141855170681608,0.6363028941625369,0.4392251482069776,0.4539236775103596,0.1865079365079365,0.01452804336169621,0.5874641636698148,0.29365079365079366,0.0,0.43201868188894654,0.17587530572969187,0.3619030985020951,0.68,
sample_size,sample_size,ihdp,train_fraction,0.75,s_learner,22,504,75,0.17857142857142858,0.2138042449951172,1.3673406537679516,0.04552046860803394,1.0512973690812912,-0.045520468608035144,4.623469641373431,4.577949172765397,11.064710324451184,0.0738837801426282,11.138594104593812,2.102288952577791,0.8695008772026281,1.068771095049823,1.049737897590941,0.17857142857142858,0.008767683283225788,0.652438179353656,0.32936507936507936,0.0,0.3927536231884058,0.18750047587793361,0.40496040755953683,0.68,
sample_size,sample_size,ihdp,train_fraction,0.75,s_learner,23,504,75,0.1765873015873016,0.21264934539794922,4.965436173050362,1.2454096310377967,3.033086913537571,1.2454096310377964,2.019971662565434,3.2653812936032307,16.02562829143617,0.760469560207909,16.78609785164408,9.329260634884562,1.6139056165482708,1.5184839892901034,2.34863039905683,0.1765873015873016,0.014486605700680364,0.5942556977406361,0.3492063492063492,0.0,0.46522268850683635,0.20476486201346356,0.4866596133965334,0.72,
sample_size,sample_size,ihdp,train_fraction,0.75,s_learner,24,504,75,0.18253968253968253,0.21122121810913086,2.9029658104448144,0.5833853502720681,1.2395260440840776,0.5833853502720687,4.015211833260161,4.598597183532229,10.109140778969628,0.5990233700108103,10.708164148980439,5.647104501221477,0.6133970180252115,0.6001454311646234,0.8117190684575611,0.18253968253968253,0.011855718267687151,0.6282254354666971,0.38293650793650796,0.0,0.465913887716336,0.2048706828717531,0.5278763369951824,0.68,
sample_size,sample_size,ihdp,train_fraction,0.75,s_learner,25,504,75,0.17063492063492064,0.21229934692382812,8.404757707198293,1.7350342308823858,5.641417523300164,1.7350342308823856,2.3657951812226976,4.1008294121050834,35.82665862551468,0.689165183626109,36.51582380914079,15.008542191930415,4.551078018459926,4.4036394533558525,3.817243455214456,0.17063492063492064,0.01172036464690853,0.6035024901039652,0.3472222222222222,0.0,0.3783798820518527,0.18301026598584944,0.3860640435553949,0.64,
sample_size,sample_size,ihdp,train_fraction,0.75,s_learner,26,504,75,0.1884920634920635,0.2139451503753662,0.7768642159924959,0.05103483742266057,0.5290093210715193,0.0510348374226615,4.069120522463573,4.120155359886233,8.988753331461467,0.029943487235994937,9.018696818697462,1.1396409012286797,0.5700193951775518,0.43415910023091003,0.7662972526047508,0.1884920634920635,0.012777972309623097,0.5918334501358344,0.2876984126984127,0.0,0.4016728863724102,0.18302718616199354,0.3851854838213122,0.72,
sample_size,sample_size,ihdp,train_fraction,0.75,s_learner,27,504,75,0.18253968253968253,0.20847010612487793,39.277118726603156,9.285184897332723,21.233592499164377,9.285184897332723,-0.6684755489869564,8.616709348345767,80.9897188362445,1.8578907660938313,82.84760960233834,75.19024771378321,9.365691282822338,11.381413626545685,14.945382003728755,0.18253968253968253,0.009676163936568765,0.5564333589505771,0.2698412698412698,0.0,0.3957365977205572,0.1811596967924908,0.34346019969975783,0.64,
sample_size,sample_size,ihdp,train_fraction,0.75,s_learner,28,504,75,0.1746031746031746,0.22139358520507812,1.189834390676679,0.14728713912338343,0.8320205253790526,0.14728713912338454,3.7867168106442683,3.9340039497676518,9.926223984535984,0.12826880889580394,10.054492793431788,2.014640096439308,1.077716292623646,0.5731284239545981,0.5824085380297565,0.1746031746031746,0.01009429493653357,0.6407029930350715,0.32341269841269843,0.0,0.38636363636363635,0.18405900131372924,0.3669631940985071,0.68,
sample_size,sample_size,ihdp,train_fraction,0.75,s_learner,29,504,75,0.18452380952380953,0.2141263484954834,1.2917120422573887,0.30045189211684065,1.0176584136901023,-0.3004518921168405,5.052511980262755,4.752060088145915,11.344938263210697,0.02716936678371873,11.372107629994415,1.606171806923735,1.248153739592296,1.2612261237346483,0.9694793884567803,0.18452380952380953,0.010072459449040614,0.6641795166067139,0.31746031746031744,0.0,0.4260262145828428,0.19946970885760704,0.4172373109600693,0.72,
sample_size,sample_size,ihdp,train_fraction,0.75,t_learner,0,504,75,0.1865079365079365,0.2839841842651367,0.8797534575787013,0.08716370761164205,0.676920916556696,-0.08716370761164338,4.05634575318767,3.969182045576028,6.44088717118196,0.0,6.44088717118196,1.161553885439446,0.7362686063333574,0.7430161431698055,0.800180464152375,0.1865079365079365,0.01339370991938694,0.5687674067789869,0.3392857142857143,0.0,0.4160352880124546,0.19846638867980093,0.48771119602829544,0.72,
sample_size,sample_size,ihdp,train_fraction,0.75,t_learner,1,504,75,0.1984126984126984,0.2879204750061035,0.8279929114639423,0.050361121013487775,0.6581508018574046,-0.0503611210134873,4.2142477603062325,4.163886639292745,8.238802977146783,0.0,8.238802977146783,0.783488014073353,0.8415787871962801,0.892048208090257,0.790964308703497,0.1984126984126984,0.013157755066803814,0.6728749156430561,0.31547619047619047,0.0,0.4089108910891089,0.18316647335649416,0.39030496927127345,0.6,
sample_size,sample_size,ihdp,train_fraction,0.75,t_learner,2,504,75,0.18055555555555555,0.29527997970581055,0.8682284500133189,0.09212697514089996,0.699154590499638,-0.09212697514089985,4.064009157208732,3.971882182067832,7.462933979593411,0.0290861138587859,7.492020093452197,1.1157506579102847,0.7617480075177027,0.6392837310680982,0.8839314926295313,0.18055555555555555,0.018843005908755765,0.5977794491263272,0.35714285714285715,0.0,0.45036319612590797,0.19572238352578836,0.4930392267618961,0.72,
sample_size,sample_size,ihdp,train_fraction,0.75,t_learner,3,504,75,0.19047619047619047,0.29057812690734863,0.9899253489800054,0.07630387262030247,0.7891987833749039,0.07630387262030217,4.011240467092333,4.087544339712635,12.394708781425134,0.06456342112316804,12.459272202548302,1.3829980646196656,0.936922255471015,0.7603226013341415,0.7388072577921554,0.19047619047619047,0.015514222347341414,0.5768745279716445,0.2916666666666667,0.0,0.4375,0.18639167921055705,0.3826589165097853,0.76,
sample_size,sample_size,ihdp,train_fraction,0.75,t_learner,4,504,75,0.18253968253968253,0.2970438003540039,1.335728992039018,0.23090721763372457,1.0418001109821007,0.23090721763372377,4.163696052943034,4.394603270576758,11.267101011514551,0.11492180213608627,11.382022813650638,1.825680946351526,0.9725804260644384,1.021941537614376,1.3301055383688711,0.18253968253968253,0.015653527537944377,0.6081139301464525,0.30753968253968256,0.0,0.38518362178134236,0.18727081196861575,0.41081677919276033,0.64,
sample_size,sample_size,ihdp,train_fraction,0.75,t_learner,5,504,75,0.19246031746031747,0.28986310958862305,1.0792842153250473,0.06406138945011808,0.7793449350372127,0.06406138945011847,3.9331437410854035,3.9972051305355216,6.354373864325561,0.02911774147523616,6.383491605800797,1.3058899335722138,1.1697942292119607,1.0161242258690775,0.750903503265658,0.19246031746031747,0.022630225368402892,0.6343943834845093,0.26785714285714285,0.0,0.4003140910357405,0.1687896454804506,0.3598419692412319,0.68,
sample_size,sample_size,ihdp,train_fraction,0.75,t_learner,6,504,75,0.20436507936507936,0.2886946201324463,0.8198532225054421,0.013598274544979638,0.6455411462509252,0.013598274544979047,4.016693170673207,4.030291445218187,5.467977141813069,0.0,5.467977141813069,0.7248361956406565,0.8214509432955814,1.002078665784581,0.6960204227154597,0.20436507936507936,0.013346323695284308,0.6275107928164273,0.2896825396825397,0.0,0.4331888724789967,0.18109952888142777,0.499050670054164,0.64,
sample_size,sample_size,ihdp,train_fraction,0.75,t_learner,7,504,75,0.19047619047619047,0.29750585556030273,1.2155008501443094,0.08404211771903514,0.9661702818094106,-0.08404211771903443,3.5578866081987015,3.4738444904796664,8.439001335615071,0.07375997013848412,8.512761305753555,1.747688623218824,0.8878990355658747,0.7327422989342464,1.2700694307457827,0.19047619047619047,0.01654549616125753,0.5427252772608859,0.25396825396825395,0.0,0.3909313725490196,0.1687236535724618,0.3870724153082086,0.64,
sample_size,sample_size,ihdp,train_fraction,0.75,t_learner,8,504,75,0.1865079365079365,0.2846090793609619,17.612403834088372,1.480327969076038,6.755245453839256,1.480327969076039,10.668346257956449,12.148674227032487,57.407212806866916,0.6541032858944789,58.061316092761395,33.6807219446063,5.2141890244048,7.2286247679429,3.47275837339226,0.1865079365079365,0.01550230017123148,0.672211711142273,0.3134920634920635,0.0,0.4071613907628438,0.19342473472579208,0.3747659367493181,0.8,
sample_size,sample_size,ihdp,train_fraction,0.75,t_learner,9,504,75,0.17063492063492064,0.29207730293273926,2.290110930479714,0.1981033125676781,1.545151074826476,0.19810331256767663,5.304671650267495,5.502774962835173,26.539455938115292,0.048644917426905465,26.588100855542198,3.0932181643770185,2.9972286776468353,1.159312991501665,1.1448118601999624,0.17063492063492064,0.01462154724137935,0.6070869232011104,0.35119047619047616,0.0,0.38806053187938133,0.18088695218792877,0.49892272857254405,0.64,
sample_size,sample_size,ihdp,train_fraction,0.75,t_learner,10,504,75,0.16666666666666666,0.2810709476470947,1.0315130743642233,0.2616495592552912,0.8181329626851992,0.2616495592552905,4.335689215411743,4.597338774667034,8.59894756807673,0.0,8.59894756807673,1.0036038617109226,0.8064006145981147,1.0759922646933153,1.1912343297316126,0.16666666666666666,0.014313393691125829,0.5567146133918911,0.3353174603174603,0.0,0.3880952380952381,0.18796519151747632,0.36387265397712404,0.72,
sample_size,sample_size,ihdp,train_fraction,0.75,t_learner,11,504,75,0.19246031746031747,0.27762341499328613,1.3405921711385318,0.407832789111815,1.0252742912009418,-0.407832789111814,4.390080635994342,3.982247846882527,13.481438256139835,0.06948332065526763,13.550921576795103,1.2263952137992886,1.1415044938860688,1.221085277598178,1.6925171613898964,0.19246031746031747,0.025864891177869043,0.657062700799705,0.2896825396825397,0.0,0.42617594163985917,0.18301299966799703,0.4461006167921997,0.72,
sample_size,sample_size,ihdp,train_fraction,0.75,t_learner,12,504,75,0.18253968253968253,0.2796313762664795,13.047729790587447,0.9485700514196793,9.946762196955303,0.948570051419679,8.167656931020298,9.116226982439978,84.4130650865036,0.2779111853755012,84.6909762718791,19.51628180194147,11.001952345444657,9.672862932868775,9.104451291543258,0.18253968253968253,0.0054633628334323624,0.6575738507245277,0.36507936507936506,0.0,0.46601941747572817,0.20789606246886436,0.41182248864143184,0.64,
sample_size,sample_size,ihdp,train_fraction,0.75,t_learner,13,504,75,0.17857142857142858,0.2813901901245117,0.8440583605644281,0.06275611827803074,0.6498146113103185,-0.06275611827803074,3.9256817327171536,3.862925614439123,6.247837970016093,0.0,6.247837970016093,0.9509688022650855,1.2024471881134178,0.5961279200438451,0.7456649086964071,0.17857142857142858,0.015554454360682004,0.6232060247874134,0.37896825396825395,0.0,0.45603864734299515,0.20832438251806523,0.4689297769543259,0.72,
sample_size,sample_size,ihdp,train_fraction,0.75,t_learner,14,504,75,0.19642857142857142,0.2805972099304199,1.3646350006018222,0.615715004948461,1.0704130431170757,0.615715004948461,3.9636861517499717,4.579401156698433,10.471961342054502,0.07677835228852459,10.548739694343027,1.8237201235258296,1.2767185753123464,1.2158874790205576,1.0011717880342939,0.19642857142857142,0.022780617041471954,0.691756375460892,0.2638888888888889,0.0,0.4204264870931538,0.17420935436688245,0.37186139666200096,0.64,
sample_size,sample_size,ihdp,train_fraction,0.75,t_learner,15,504,75,0.19047619047619047,0.29189133644104004,0.7656660497738863,0.13565623176464836,0.601013855982944,0.13565623176464722,4.488906434591061,4.624562666355709,8.900826912840778,0.0129099120055578,8.913736824846335,0.9971181531933883,0.6077618879889319,0.7114919223068187,0.6809727673121705,0.19047619047619047,0.012161595910968756,0.6106716229502437,0.2857142857142857,0.0,0.3805147058823529,0.18389371534141333,0.40773533214758756,0.68,
sample_size,sample_size,ihdp,train_fraction,0.75,t_learner,16,504,75,0.16666666666666666,0.2878265380859375,1.3992189222858264,0.10957794523598663,1.1110496180336902,0.10957794523598705,3.8251275537781826,3.934705499014169,14.722541602727057,0.0128163380769859,14.735357940804043,1.6131657331680962,1.4363709574705608,1.2979244069672844,1.219313750334081,0.16666666666666666,0.011830403829948984,0.6547312662335052,0.4007936507936508,0.0,0.4738095238095238,0.2255636643612331,0.38645267802242783,0.8,
sample_size,sample_size,ihdp,train_fraction,0.75,t_learner,17,504,75,0.19444444444444445,0.2841923236846924,1.0081394735574516,0.10184131202434843,0.8022887545971895,0.10184131202434843,3.7452895448900776,3.847130856914426,12.515003066714247,0.036946663530505575,12.551949730244752,1.1358414910619339,0.9344029894284211,0.9604709094420125,0.9859476837770483,0.19444444444444445,0.01951925420451246,0.568776264294735,0.2718253968253968,0.0,0.3958479943701619,0.17474062518057512,0.3599365106265288,0.72,
sample_size,sample_size,ihdp,train_fraction,0.75,t_learner,18,504,75,0.1884920634920635,0.28645825386047363,1.3816948784366472,0.15764818605029118,1.003266230742794,-0.1576481860502904,3.9330175940637546,3.7753694080134634,11.187388482728654,0.08200813080391711,11.269396613532571,2.224951019763607,0.978884481142758,1.0491748975286124,0.7595311322291933,0.1884920634920635,0.01096026341571119,0.6395061445740188,0.34523809523809523,0.0,0.44187363273709945,0.2005542649953597,0.5349983069180524,0.68,
sample_size,sample_size,ihdp,train_fraction,0.75,t_learner,19,504,75,0.18055555555555555,0.2777860164642334,0.9873003960088632,0.03417890217083919,0.8026113276558511,0.034178902170840644,4.182856218826348,4.2170351209971875,7.383558221117317,0.029765237765394303,7.4133234588827115,1.0938242507782732,0.9812590175590614,0.9610473166992259,0.9030446579626755,0.18055555555555555,0.017569359647515544,0.6170422716265037,0.35119047619047616,0.0,0.43322778915999255,0.19276383056071503,0.48647008087007104,0.64,
sample_size,sample_size,ihdp,train_fraction,0.75,t_learner,20,504,75,0.18253968253968253,0.28049659729003906,2.2910399524557086,0.614870313811104,1.4919389346100433,-0.6148703138111041,4.722805469184018,4.107935155372914,20.357876671399765,0.072799617660813,20.430676289060578,3.355371290884463,2.3057351347862682,1.5833557069244826,1.3845812491876737,0.18253968253968253,0.013945477643991648,0.5868734111999733,0.30753968253968256,0.0,0.41821443647108486,0.1745741750716045,0.3992342305163028,0.64,
sample_size,sample_size,ihdp,train_fraction,0.75,t_learner,21,504,75,0.1865079365079365,0.29050612449645996,0.9704694518195826,0.23109879641281728,0.7866621396213016,-0.23109879641281716,4.107409742058923,3.876310945646106,7.2443085788416175,0.03228348489250976,7.276592063734127,1.1370385372045357,0.9386263066667404,0.8187867745748403,0.9590393673822711,0.1865079365079365,0.01452804336169621,0.5874641636698148,0.29365079365079366,0.0,0.43201868188894654,0.17587530572969187,0.3619030985020951,0.68,
sample_size,sample_size,ihdp,train_fraction,0.75,t_learner,22,504,75,0.17857142857142858,0.2925429344177246,1.4232066538516266,0.07352828075346807,1.1442834130490078,0.073528280753467,4.623469641373431,4.696997922126899,11.089027935430334,0.049566169163478335,11.138594104593812,1.7782524000053626,1.1553727887815126,1.2339544363640569,1.4303874626853992,0.17857142857142858,0.008767683283225788,0.652438179353656,0.32936507936507936,0.0,0.3927536231884058,0.18750047587793361,0.40496040755953683,0.68,
sample_size,sample_size,ihdp,train_fraction,0.75,t_learner,23,504,75,0.1765873015873016,0.2852444648742676,2.2642512111067536,0.1542430738189382,1.4787231702868342,0.15424307381893884,2.019971662565434,2.1742147363843722,16.731008811534515,0.05508904010956428,16.78609785164408,3.856940990234437,1.1943064220940698,1.1668271075711456,1.6274906154848237,0.1765873015873016,0.014486605700680364,0.5942556977406361,0.3492063492063492,0.0,0.46522268850683635,0.20476486201346356,0.4866596133965334,0.72,
sample_size,sample_size,ihdp,train_fraction,0.75,t_learner,24,504,75,0.18253968253968253,0.2758827209472656,1.8932140645406685,0.45204400228907726,1.0704468574940054,0.4520440022890779,4.015211833260161,4.467255835549238,10.697062478406483,0.011101670573955502,10.708164148980439,3.477543548959404,0.7939708335959764,0.8297876523393262,0.8771116104182585,0.18253968253968253,0.011855718267687151,0.6282254354666971,0.38293650793650796,0.0,0.465913887716336,0.2048706828717531,0.5278763369951824,0.68,
sample_size,sample_size,ihdp,train_fraction,0.75,t_learner,25,504,75,0.17063492063492064,0.2886650562286377,5.24941554693626,0.2760086334604721,3.680199353665912,-0.27600863346047216,2.3657951812226976,2.0897865477622255,36.36837933339641,0.14744447574437913,36.51582380914079,8.53107551611917,5.177316137480385,2.542069109166141,2.0346795211913293,0.17063492063492064,0.01172036464690853,0.6035024901039652,0.3472222222222222,0.0,0.3783798820518527,0.18301026598584944,0.3860640435553949,0.64,
sample_size,sample_size,ihdp,train_fraction,0.75,t_learner,26,504,75,0.1884920634920635,0.28319692611694336,0.8759437193563723,0.0471764080181627,0.655061336899826,0.047176408018162835,4.069120522463573,4.116296930481735,8.988753331461467,0.029943487235994937,9.018696818697462,1.0945984712742314,0.7887980438456501,0.6396350930585736,0.9121364205238409,0.1884920634920635,0.012777972309623097,0.5918334501358344,0.2876984126984127,0.0,0.4016728863724102,0.18302718616199354,0.3851854838213122,0.72,
sample_size,sample_size,ihdp,train_fraction,0.75,t_learner,27,504,75,0.18253968253968253,0.3029606342315674,22.679213648514043,3.1290734028258793,10.820989784414873,3.1290734028258793,-0.6684755489869564,2.460597853838923,81.49063576323626,1.356973839102082,82.84760960233834,42.30332279017218,11.062266425888188,10.257236653079893,4.427302564411152,0.18253968253968253,0.009676163936568765,0.5564333589505771,0.2698412698412698,0.0,0.3957365977205572,0.1811596967924908,0.34346019969975783,0.64,
sample_size,sample_size,ihdp,train_fraction,0.75,t_learner,28,504,75,0.1746031746031746,0.28787779808044434,1.0135611129309179,0.05673703448087508,0.7928511893570329,0.05673703448087553,3.7867168106442683,3.8434538451251434,10.048400947307046,0.006091846124741451,10.054492793431788,1.2452721136985976,1.1104875986403675,0.9335469978913404,0.7532965819788288,0.1746031746031746,0.01009429493653357,0.6407029930350715,0.32341269841269843,0.0,0.38636363636363635,0.18405900131372924,0.3669631940985071,0.68,
sample_size,sample_size,ihdp,train_fraction,0.75,t_learner,29,504,75,0.18452380952380953,0.30073976516723633,0.9088375383442812,0.131538046531114,0.7465196450278423,-0.13153804653111503,5.052511980262755,4.920973933731641,11.356585719306167,0.015521910688248042,11.372107629994415,0.8683105216609144,0.7683969803010624,0.8983629346687833,1.0677509915920749,0.18452380952380953,0.010072459449040614,0.6641795166067139,0.31746031746031744,0.0,0.4260262145828428,0.19946970885760704,0.4172373109600693,0.72,
sample_size,sample_size,ihdp,train_fraction,0.75,x_learner,0,504,75,0.1865079365079365,0.6052854061126709,0.9227628765027734,0.1061236727024113,0.7031016977196061,0.10612367270241008,4.05634575318767,4.162469425890081,6.437065841667993,0.0038213295139675196,6.44088717118196,1.2387786737042172,0.532819843719026,0.714777268923896,1.0230912892869708,0.1865079365079365,0.01339370991938694,0.5687674067789869,0.3392857142857143,0.0,0.4160352880124546,0.19846638867980093,0.48771119602829544,0.72,
sample_size,sample_size,ihdp,train_fraction,0.75,x_learner,1,504,75,0.1984126984126984,0.6236636638641357,0.8225889090410936,0.001978320853557314,0.6864494167054742,0.001978320853557805,4.2142477603062325,4.21622608115979,8.238802977146783,0.0,8.238802977146783,0.7254533102487248,0.7787334203757346,0.8204541950877375,0.9471328183260452,0.1984126984126984,0.013157755066803814,0.6728749156430561,0.31547619047619047,0.0,0.4089108910891089,0.18316647335649416,0.39030496927127345,0.6,
sample_size,sample_size,ihdp,train_fraction,0.75,x_learner,2,504,75,0.18055555555555555,0.6008131504058838,0.8687486759371812,0.13984323027746104,0.622578190793483,-0.13984323027746026,4.064009157208732,3.9241659269312708,7.462933979593411,0.0290861138587859,7.492020093452197,1.168077989548883,0.7629480347438882,0.6155743731713033,0.8337120827219656,0.18055555555555555,0.018843005908755765,0.5977794491263272,0.35714285714285715,0.0,0.45036319612590797,0.19572238352578836,0.4930392267618961,0.72,
sample_size,sample_size,ihdp,train_fraction,0.75,x_learner,3,504,75,0.19047619047619047,0.5892951488494873,1.1774543912709845,0.1578538233205986,0.8383851621089546,0.1578538233205987,4.011240467092333,4.169094290412931,12.339480086958448,0.11979211558985448,12.459272202548302,1.8044448404496956,0.9197651991616015,0.7684040706057209,0.9081396517525866,0.19047619047619047,0.015514222347341414,0.5768745279716445,0.2916666666666667,0.0,0.4375,0.18639167921055705,0.3826589165097853,0.76,
sample_size,sample_size,ihdp,train_fraction,0.75,x_learner,4,504,75,0.18253968253968253,0.5977122783660889,1.5681355658707967,0.038041562426877285,1.0814568202325208,0.03804156242687696,4.163696052943034,4.201737615369911,11.255678855789785,0.12634395786085229,11.382022813650638,2.457769273732704,1.1990821335311788,1.2763684645032525,0.8215243916815324,0.18253968253968253,0.015653527537944377,0.6081139301464525,0.30753968253968256,0.0,0.38518362178134236,0.18727081196861575,0.41081677919276033,0.64,
sample_size,sample_size,ihdp,train_fraction,0.75,x_learner,5,504,75,0.19246031746031747,0.5939624309539795,1.074242724178971,0.20523067304349185,0.8149631375926777,0.20523067304349227,3.9331437410854035,4.138374414128895,6.383491605800797,0.0,6.383491605800797,1.6257555132593415,0.922819380693101,0.6516071121602036,0.825109331902579,0.19246031746031747,0.022630225368402892,0.6343943834845093,0.26785714285714285,0.0,0.4003140910357405,0.1687896454804506,0.3598419692412319,0.68,
sample_size,sample_size,ihdp,train_fraction,0.75,x_learner,6,504,75,0.20436507936507936,0.5944557189941406,0.7646083135514916,0.07156622382470346,0.5965249684873973,-0.07156622382470405,4.016693170673207,3.9451269468485037,5.467977141813069,0.0,5.467977141813069,0.6623628838233222,0.8946212939227633,0.6945464978295837,0.7927108947986096,0.20436507936507936,0.013346323695284308,0.6275107928164273,0.2896825396825397,0.0,0.4331888724789967,0.18109952888142777,0.499050670054164,0.64,
sample_size,sample_size,ihdp,train_fraction,0.75,x_learner,7,504,75,0.19047619047619047,0.5988261699676514,1.1273522940356493,0.12707779584992007,0.8479550037625746,-0.12707779584991952,3.5578866081987015,3.4308088123487814,8.465909507007353,0.04685179874620182,8.512761305753555,1.6545147977658454,1.021253660914961,0.9337216184152278,0.7132057654906209,0.19047619047619047,0.01654549616125753,0.5427252772608859,0.25396825396825395,0.0,0.3909313725490196,0.1687236535724618,0.3870724153082086,0.64,
sample_size,sample_size,ihdp,train_fraction,0.75,x_learner,8,504,75,0.1865079365079365,0.5821459293365479,20.828523178840705,0.46719481823737574,9.631693404502585,0.46719481823737796,10.668346257956449,11.135541076193824,57.32190312689552,0.7394129658658741,58.061316092761395,38.72657515391102,7.5560083776015725,9.738645312872027,7.987446502818907,0.1865079365079365,0.01550230017123148,0.672211711142273,0.3134920634920635,0.0,0.4071613907628438,0.19342473472579208,0.3747659367493181,0.8,
sample_size,sample_size,ihdp,train_fraction,0.75,x_learner,9,504,75,0.17063492063492064,0.5831451416015625,4.867961234016416,1.901900862465371,3.494759528114603,-1.9019008624653722,5.304671650267495,3.402770787802124,26.005817077883403,0.5822837776587946,26.588100855542198,5.48549471729306,5.019333679545088,4.763364855745226,4.141338459799483,0.17063492063492064,0.01462154724137935,0.6070869232011104,0.35119047619047616,0.0,0.38806053187938133,0.18088695218792877,0.49892272857254405,0.64,
sample_size,sample_size,ihdp,train_fraction,0.75,x_learner,10,504,75,0.16666666666666666,0.6031098365783691,0.8850808998495633,0.06579539507865562,0.7037708283821114,0.06579539507865562,4.335689215411743,4.401484610490399,8.59894756807673,0.0,8.59894756807673,1.034288477175752,0.987659026140892,0.767562199790715,0.71358860714207,0.16666666666666666,0.014313393691125829,0.5567146133918911,0.3353174603174603,0.0,0.3880952380952381,0.18796519151747632,0.36387265397712404,0.72,
sample_size,sample_size,ihdp,train_fraction,0.75,x_learner,11,504,75,0.19246031746031747,0.5871360301971436,2.043417268955557,0.8536722906735164,1.6077766257418606,-0.8536722906735152,4.390080635994342,3.5364083453208255,13.328502158424723,0.22241941837038048,13.550921576795103,1.7897516487443106,1.9252063705585813,2.075497120580472,2.336708457716701,0.19246031746031747,0.025864891177869043,0.657062700799705,0.2896825396825397,0.0,0.42617594163985917,0.18301299966799703,0.4461006167921997,0.72,
sample_size,sample_size,ihdp,train_fraction,0.75,x_learner,12,504,75,0.18253968253968253,0.588897705078125,20.372504248229713,2.6606587302665403,14.499481874003596,2.660658730266538,8.167656931020298,10.828315661286839,83.96141197939775,0.7295642924813421,84.6909762718791,32.828294830078256,14.73542581924764,12.614432507812364,13.99235437380227,0.18253968253968253,0.0054633628334323624,0.6575738507245277,0.36507936507936506,0.0,0.46601941747572817,0.20789606246886436,0.41182248864143184,0.64,
sample_size,sample_size,ihdp,train_fraction,0.75,x_learner,13,504,75,0.17857142857142858,0.5725781917572021,0.7722363879605831,0.009225220161038994,0.6394151439942094,0.009225220161038935,3.9256817327171536,3.9349069528781926,6.247837970016093,0.0,6.247837970016093,0.904443081174454,0.8844311523246202,0.7016131165229722,0.6413989682770906,0.17857142857142858,0.015554454360682004,0.6232060247874134,0.37896825396825395,0.0,0.45603864734299515,0.20832438251806523,0.4689297769543259,0.72,
sample_size,sample_size,ihdp,train_fraction,0.75,x_learner,14,504,75,0.19642857142857142,0.5796456336975098,1.4562516901952902,0.3037959336913705,1.0356699308741588,0.30379593369136926,3.9636861517499717,4.267482085441342,10.454824202390894,0.09391549195213322,10.548739694343027,2.393755653289095,0.9505902937670525,1.026214594969576,0.8554626831140859,0.19642857142857142,0.022780617041471954,0.691756375460892,0.2638888888888889,0.0,0.4204264870931538,0.17420935436688245,0.37186139666200096,0.64,
sample_size,sample_size,ihdp,train_fraction,0.75,x_learner,15,504,75,0.19047619047619047,0.605839729309082,0.9114098572553418,0.04497116781312549,0.7331177661701493,-0.04497116781312614,4.488906434591061,4.4439352667779355,8.900826912840778,0.0129099120055578,8.913736824846335,1.1961378120129824,0.7352346336813629,0.6863548837724772,0.930056309845858,0.19047619047619047,0.012161595910968756,0.6106716229502437,0.2857142857142857,0.0,0.3805147058823529,0.18389371534141333,0.40773533214758756,0.68,
sample_size,sample_size,ihdp,train_fraction,0.75,x_learner,16,504,75,0.16666666666666666,0.5808472633361816,1.605837066011932,0.4551377025186292,1.3346532920290246,-0.45513770251862895,3.8251275537781826,3.3699898512595534,14.655728513121995,0.07962942768204861,14.735357940804043,1.8361959548648359,1.275282298169295,1.4619614799202645,1.7690206948550653,0.16666666666666666,0.011830403829948984,0.6547312662335052,0.4007936507936508,0.0,0.4738095238095238,0.2255636643612331,0.38645267802242783,0.8,
sample_size,sample_size,ihdp,train_fraction,0.75,x_learner,17,504,75,0.19444444444444445,0.6324632167816162,1.4156938865601747,0.010746612660140542,0.9921654429178605,-0.010746612660138693,3.7452895448900776,3.734542932229937,12.359117152793463,0.19283257745128957,12.551949730244752,2.272417079666339,1.075810835531113,1.0139640837279473,0.7891867556347513,0.19444444444444445,0.01951925420451246,0.568776264294735,0.2718253968253968,0.0,0.3958479943701619,0.17474062518057512,0.3599365106265288,0.72,
sample_size,sample_size,ihdp,train_fraction,0.75,x_learner,18,504,75,0.1884920634920635,0.6151456832885742,1.9384358630201037,0.22326501290238054,1.391698624625511,-0.22326501290237957,3.9330175940637546,3.709752581161374,11.040799857858534,0.2285967556740367,11.269396613532571,3.0628071386666815,1.585341305880984,1.263831809050199,1.2137888228566844,0.1884920634920635,0.01096026341571119,0.6395061445740188,0.34523809523809523,0.0,0.44187363273709945,0.2005542649953597,0.5349983069180524,0.68,
sample_size,sample_size,ihdp,train_fraction,0.75,x_learner,19,504,75,0.18055555555555555,0.6057231426239014,0.8850826505854142,0.019546616386389992,0.6554512858565704,-0.01954661638638985,4.182856218826348,4.163309602439958,7.383558221117317,0.029765237765394303,7.4133234588827115,1.2688901656509943,0.7118581301189276,0.7468694933297227,0.6665489228918143,0.18055555555555555,0.017569359647515544,0.6170422716265037,0.35119047619047616,0.0,0.43322778915999255,0.19276383056071503,0.48647008087007104,0.64,
sample_size,sample_size,ihdp,train_fraction,0.75,x_learner,20,504,75,0.18253968253968253,0.5839414596557617,4.275565968639472,2.2245827700383907,3.213565552720661,-2.224582770038391,4.722805469184018,2.4982226991456273,19.931401545808026,0.4992747432525526,20.430676289060578,5.631565435404009,4.352302787597119,3.874467099858998,2.7364464833066466,0.18253968253968253,0.013945477643991648,0.5868734111999733,0.30753968253968256,0.0,0.41821443647108486,0.1745741750716045,0.3992342305163028,0.64,
sample_size,sample_size,ihdp,train_fraction,0.75,x_learner,21,504,75,0.1865079365079365,0.6259782314300537,0.918507507023391,0.23398089518738985,0.7565594468938057,-0.23398089518739024,4.107409742058923,3.8734288468715334,7.261635277895863,0.01495678583826443,7.276592063734127,0.9050284494109243,0.8015190825703651,0.7728995430217029,1.142431805180113,0.1865079365079365,0.01452804336169621,0.5874641636698148,0.29365079365079366,0.0,0.43201868188894654,0.17587530572969187,0.3619030985020951,0.68,
sample_size,sample_size,ihdp,train_fraction,0.75,x_learner,22,504,75,0.17857142857142858,0.6023013591766357,1.2790741925345277,0.010316246215140268,1.0124911926091271,-0.01031624621514149,4.623469641373431,4.613153395158291,11.119906920994477,0.018687183599334745,11.138594104593812,1.8176857783122526,0.9842340655882114,0.9572586973729117,1.148894628485922,0.17857142857142858,0.008767683283225788,0.652438179353656,0.32936507936507936,0.0,0.3927536231884058,0.18750047587793361,0.40496040755953683,0.68,
sample_size,sample_size,ihdp,train_fraction,0.75,x_learner,23,504,75,0.1765873015873016,0.5687615871429443,3.4185330998069876,0.2294663355924511,2.47435532632126,0.22946633559245147,2.019971662565434,2.249437998157885,16.63454878055059,0.15154907109349125,16.78609785164408,5.843359706080552,2.20804316252797,1.9155549085952546,1.9228487181077876,0.1765873015873016,0.014486605700680364,0.5942556977406361,0.3492063492063492,0.0,0.46522268850683635,0.20476486201346356,0.4866596133965334,0.72,
sample_size,sample_size,ihdp,train_fraction,0.75,x_learner,24,504,75,0.18253968253968253,0.5577244758605957,2.555008515571677,0.5276888170816214,1.1595583075066225,0.5276888170816221,4.015211833260161,4.542900650341783,10.551262309626631,0.1569018393538073,10.708164148980439,4.9319114274032545,0.7047210478865611,0.8462460155699275,0.5082475938539773,0.18253968253968253,0.011855718267687151,0.6282254354666971,0.38293650793650796,0.0,0.465913887716336,0.2048706828717531,0.5278763369951824,0.68,
sample_size,sample_size,ihdp,train_fraction,0.75,x_learner,25,504,75,0.17063492063492064,0.5747475624084473,7.207156243052429,0.590310870371952,5.111514611891254,0.5903108703719516,2.3657951812226976,2.9561060515946496,36.24954392544853,0.2662798836922633,36.51582380914079,11.493176350866152,6.84123261234189,4.547437023996896,2.815509688404085,0.17063492063492064,0.01172036464690853,0.6035024901039652,0.3472222222222222,0.0,0.3783798820518527,0.18301026598584944,0.3860640435553949,0.64,
sample_size,sample_size,ihdp,train_fraction,0.75,x_learner,26,504,75,0.1884920634920635,0.5654177665710449,0.8238432278572275,0.07083458287506783,0.6518808589762248,0.07083458287506772,4.069120522463573,4.1399551053386405,9.006432622945262,0.01226419575220028,9.018696818697462,1.1125500621998705,0.7813178428488657,0.5806399875296921,0.7251965335840884,0.1884920634920635,0.012777972309623097,0.5918334501358344,0.2876984126984127,0.0,0.4016728863724102,0.18302718616199354,0.3851854838213122,0.72,
sample_size,sample_size,ihdp,train_fraction,0.75,x_learner,27,504,75,0.18253968253968253,0.5654263496398926,30.621373693623358,3.047163443157155,16.38454742754465,3.0471634431571526,-0.6684755489869564,2.3786878941701985,81.8074515459841,1.0401580563542439,82.84760960233834,57.09105960705498,12.19709858838061,9.549030250428615,14.484847645543043,0.18253968253968253,0.009676163936568765,0.5564333589505771,0.2698412698412698,0.0,0.3957365977205572,0.1811596967924908,0.34346019969975783,0.64,
sample_size,sample_size,ihdp,train_fraction,0.75,x_learner,28,504,75,0.1746031746031746,0.5665287971496582,1.2717376803226426,0.21183976632961832,0.9522453309330986,-0.211839766329617,3.7867168106442683,3.57487704431465,10.044243397045234,0.010249396386553755,10.054492793431788,1.4820396951695003,1.8471362776037838,0.9326834543513843,0.6068593433082322,0.1746031746031746,0.01009429493653357,0.6407029930350715,0.32341269841269843,0.0,0.38636363636363635,0.18405900131372924,0.3669631940985071,0.68,
sample_size,sample_size,ihdp,train_fraction,0.75,x_learner,29,504,75,0.18452380952380953,0.5505385398864746,1.2529550993176257,0.1397993596418159,0.9459575826852649,-0.1397993596418157,5.052511980262755,4.9127126206209395,11.32524262701411,0.04686500298030616,11.372107629994415,1.6875221398871922,1.043570675474364,0.7587292759757284,1.3197866620537138,0.18452380952380953,0.010072459449040614,0.6641795166067139,0.31746031746031744,0.0,0.4260262145828428,0.19946970885760704,0.4172373109600693,0.72,
sample_size,sample_size,ihdp,train_fraction,0.75,neural_rep,0,504,75,0.1865079365079365,1.1564977169036865,0.7739973188556973,0.09262267520355927,0.6078749784458075,-0.09262267520355906,4.05634575318767,3.9637230779841106,6.437065841667993,0.0038213295139675196,6.44088717118196,1.1585942599293837,0.6955221910648629,0.5380416677714897,0.5240584629070946,0.1865079365079365,0.01339370991938694,0.5687674067789869,0.3392857142857143,0.0,0.4160352880124546,0.19846638867980093,0.48771119602829544,0.72,
sample_size,sample_size,ihdp,train_fraction,0.75,neural_rep,1,504,75,0.1984126984126984,0.8224983215332031,0.6149576672398572,0.02936616090778088,0.4890607367167513,0.029366160907780145,4.2142477603062325,4.243613921214013,8.238802977146783,0.0,8.238802977146783,0.6585350207749051,0.4581369165393609,0.6610417960238136,0.6506155852680299,0.1984126984126984,0.013157755066803814,0.6728749156430561,0.31547619047619047,0.0,0.4089108910891089,0.18316647335649416,0.39030496927127345,0.6,
sample_size,sample_size,ihdp,train_fraction,0.75,neural_rep,2,504,75,0.18055555555555555,0.6354312896728516,1.0539618670928943,0.4370652692009407,0.807028504072237,-0.4370652692009414,4.064009157208732,3.626943888007791,7.462933979593411,0.0290861138587859,7.492020093452197,1.314935931418816,0.9782460813733438,0.9933656200453276,0.8722831775958181,0.18055555555555555,0.018843005908755765,0.5977794491263272,0.35714285714285715,0.0,0.45036319612590797,0.19572238352578836,0.4930392267618961,0.72,
sample_size,sample_size,ihdp,train_fraction,0.75,neural_rep,3,504,75,0.19047619047619047,0.9807958602905273,0.9667366920114724,0.023507634900597818,0.7845361570131221,-0.023507634900597926,4.011240467092333,3.987732832191735,12.4062707271931,0.05300147535520239,12.459272202548302,1.1828934790814858,0.7955293274978824,0.8759576807823517,0.9607465571271909,0.19047619047619047,0.015514222347341414,0.5768745279716445,0.2916666666666667,0.0,0.4375,0.18639167921055705,0.3826589165097853,0.76,
sample_size,sample_size,ihdp,train_fraction,0.75,neural_rep,4,504,75,0.18253968253968253,0.9983596801757812,0.9077812587120969,0.4204247740290814,0.715263175185874,-0.4204247740290824,4.163696052943034,3.7432712789139524,11.368547627705679,0.013475185944958668,11.382022813650638,1.0533751620539913,0.9896704754389534,0.8799190292817128,0.6641843218171416,0.18253968253968253,0.015653527537944377,0.6081139301464525,0.30753968253968256,0.0,0.38518362178134236,0.18727081196861575,0.41081677919276033,0.64,
sample_size,sample_size,ihdp,train_fraction,0.75,neural_rep,5,504,75,0.19246031746031747,0.7624156475067139,0.8278849861639667,0.21361027054929727,0.602824998806741,0.21361027054929674,3.9331437410854035,4.146754011634701,6.383491605800797,0.0,6.383491605800797,1.3037228172412065,0.8244031923037667,0.3450776010428578,0.4928073226144913,0.19246031746031747,0.022630225368402892,0.6343943834845093,0.26785714285714285,0.0,0.4003140910357405,0.1687896454804506,0.3598419692412319,0.68,
sample_size,sample_size,ihdp,train_fraction,0.75,neural_rep,6,504,75,0.20436507936507936,0.6137957572937012,0.813716744972721,0.47390079285953757,0.6744837914560338,-0.4739007928595375,4.016693170673207,3.5427923778136696,5.467977141813069,0.0,5.467977141813069,0.8464568414252005,0.9615732294458748,0.6531068534925178,0.7711641246260682,0.20436507936507936,0.013346323695284308,0.6275107928164273,0.2896825396825397,0.0,0.4331888724789967,0.18109952888142777,0.499050670054164,0.64,
sample_size,sample_size,ihdp,train_fraction,0.75,neural_rep,7,504,75,0.19047619047619047,0.9412579536437988,1.12661059782903,0.023474185672688108,0.7925913675677013,-0.023474185672687397,3.5578866081987015,3.5344124225260134,8.381534215985404,0.13122708976815112,8.512761305753555,1.8832301640094464,0.9148601902853065,0.6945418289969856,0.575282985019634,0.19047619047619047,0.01654549616125753,0.5427252772608859,0.25396825396825395,0.0,0.3909313725490196,0.1687236535724618,0.3870724153082086,0.64,
sample_size,sample_size,ihdp,train_fraction,0.75,neural_rep,8,504,75,0.1865079365079365,2.0370712280273438,14.290542586216224,1.1929832070033939,4.891347759396833,1.1929832070033923,10.668346257956449,11.861329464959843,57.88317328415221,0.17814280860918785,58.061316092761395,27.699372443993866,3.2493901991767156,4.916208289797069,2.1686095300420276,0.1865079365079365,0.01550230017123148,0.672211711142273,0.3134920634920635,0.0,0.4071613907628438,0.19342473472579208,0.3747659367493181,0.8,
sample_size,sample_size,ihdp,train_fraction,0.75,neural_rep,9,504,75,0.17063492063492064,1.7350032329559326,1.4309496817291851,0.29440059624946535,1.045719674471448,-0.2944005962494663,5.304671650267495,5.0102710540180295,26.54964601303898,0.03845484250321718,26.588100855542198,2.2736595943635196,1.1933389123740583,0.998649752513829,0.8740091708136958,0.17063492063492064,0.01462154724137935,0.6070869232011104,0.35119047619047616,0.0,0.38806053187938133,0.18088695218792877,0.49892272857254405,0.64,
sample_size,sample_size,ihdp,train_fraction,0.75,neural_rep,10,504,75,0.16666666666666666,0.7064549922943115,0.8234312933121126,0.11149865671550607,0.6487454274354391,0.11149865671550671,4.335689215411743,4.447187872127249,8.581004323616582,0.017943244460147056,8.59894756807673,0.8548497556759128,0.7404440926642317,0.6830490683420226,0.9796653396258546,0.16666666666666666,0.014313393691125829,0.5567146133918911,0.3353174603174603,0.0,0.3880952380952381,0.18796519151747632,0.36387265397712404,0.72,
sample_size,sample_size,ihdp,train_fraction,0.75,neural_rep,11,504,75,0.19246031746031747,1.4479424953460693,0.9579463679694302,0.35122728274156145,0.7590896489119374,-0.3512272827415616,4.390080635994342,4.03885335325278,13.546475349763721,0.004446227031381866,13.550921576795103,1.2565184540288599,0.8010359093802695,0.8850967774560234,0.8076045183149734,0.19246031746031747,0.025864891177869043,0.657062700799705,0.2896825396825397,0.0,0.42617594163985917,0.18301299966799703,0.4461006167921997,0.72,
sample_size,sample_size,ihdp,train_fraction,0.75,neural_rep,12,504,75,0.18253968253968253,1.871997356414795,7.707402324712104,0.292345398759732,4.7105126261032035,0.2923453987597315,8.167656931020298,8.46000232978003,84.6312294557552,0.05974681612389077,84.6909762718791,12.700516256527887,7.386386815146257,3.320649437993614,3.2361471548966345,0.18253968253968253,0.0054633628334323624,0.6575738507245277,0.36507936507936506,0.0,0.46601941747572817,0.20789606246886436,0.41182248864143184,0.64,
sample_size,sample_size,ihdp,train_fraction,0.75,neural_rep,13,504,75,0.17857142857142858,0.8467996120452881,0.8433562152942967,0.014920941442173152,0.6685718876133359,-0.014920941442173152,3.9256817327171536,3.9107607912749804,6.247837970016093,0.0,6.247837970016093,0.8150526857367301,0.858692140394575,0.8224162481087435,0.8871101864004793,0.17857142857142858,0.015554454360682004,0.6232060247874134,0.37896825396825395,0.0,0.45603864734299515,0.20832438251806523,0.4689297769543259,0.72,
sample_size,sample_size,ihdp,train_fraction,0.75,neural_rep,14,504,75,0.19642857142857142,1.2132689952850342,1.251096220373061,0.5107600386506919,0.9609367205624402,0.5107600386506916,3.9636861517499717,4.474446190400664,10.474477545765012,0.07426214857801483,10.548739694343027,1.4540422388987422,1.0890303958662533,0.8263301076334926,1.502650578930256,0.19642857142857142,0.022780617041471954,0.691756375460892,0.2638888888888889,0.0,0.4204264870931538,0.17420935436688245,0.37186139666200096,0.64,
sample_size,sample_size,ihdp,train_fraction,0.75,neural_rep,15,504,75,0.19047619047619047,1.0548980236053467,0.9762575375428996,0.2296446764119997,0.778960874802829,0.22964467641199784,4.488906434591061,4.718551111003061,8.900826912840778,0.0129099120055578,8.913736824846335,1.2635102554255122,0.9302926189550531,0.8332260522456362,0.8071769346373168,0.19047619047619047,0.012161595910968756,0.6106716229502437,0.2857142857142857,0.0,0.3805147058823529,0.18389371534141333,0.40773533214758756,0.68,
sample_size,sample_size,ihdp,train_fraction,0.75,neural_rep,16,504,75,0.16666666666666666,1.4190874099731445,1.2810316295460022,0.11486788220503508,0.9845360866039257,-0.1148678822050342,3.8251275537781826,3.7102596715731475,14.722541602727057,0.0128163380769859,14.735357940804043,1.690444440689047,0.9177744181869186,1.2324508299742591,1.1416138888302452,0.16666666666666666,0.011830403829948984,0.6547312662335052,0.4007936507936508,0.0,0.4738095238095238,0.2255636643612331,0.38645267802242783,0.8,
sample_size,sample_size,ihdp,train_fraction,0.75,neural_rep,17,504,75,0.19444444444444445,0.7934629917144775,1.015439544976415,0.28804704378406454,0.7640175680849837,-0.288047043784063,3.7452895448900776,3.457242501106013,12.497319454663652,0.05463027558110056,12.551949730244752,1.3422168874730485,0.98727055446762,0.8852450090712672,0.7493948601069511,0.19444444444444445,0.01951925420451246,0.568776264294735,0.2718253968253968,0.0,0.3958479943701619,0.17474062518057512,0.3599365106265288,0.72,
sample_size,sample_size,ihdp,train_fraction,0.75,neural_rep,18,504,75,0.1884920634920635,1.1067774295806885,1.197376412944294,0.1559340943306986,0.7967039476960206,0.15593409433070063,3.9330175940637546,4.088951688394453,11.18879357141689,0.08060304211568159,11.269396613532571,1.9296475829643966,0.7381319802115277,0.5057528668319367,1.0788391038670577,0.1884920634920635,0.01096026341571119,0.6395061445740188,0.34523809523809523,0.0,0.44187363273709945,0.2005542649953597,0.5349983069180524,0.68,
sample_size,sample_size,ihdp,train_fraction,0.75,neural_rep,19,504,75,0.18055555555555555,0.7158243656158447,0.8949428893493372,0.023405273454208952,0.6544142237145694,-0.023405273454208942,4.182856218826348,4.159450945372139,7.383558221117317,0.029765237765394303,7.4133234588827115,1.168705202996406,0.932164898714155,0.7387761751950402,0.6532051860382346,0.18055555555555555,0.017569359647515544,0.6170422716265037,0.35119047619047616,0.0,0.43322778915999255,0.19276383056071503,0.48647008087007104,0.64,
sample_size,sample_size,ihdp,train_fraction,0.75,neural_rep,20,504,75,0.18253968253968253,0.9145107269287109,1.8158176119783536,0.5065339255684496,1.3261361522086086,-0.5065339255684506,4.722805469184018,4.216271543615568,20.256978611052,0.17369767800857971,20.430676289060578,2.295897022866004,2.17744676860454,1.3500122402586665,1.1957541701960266,0.18253968253968253,0.013945477643991648,0.5868734111999733,0.30753968253968256,0.0,0.41821443647108486,0.1745741750716045,0.3992342305163028,0.64,
sample_size,sample_size,ihdp,train_fraction,0.75,neural_rep,21,504,75,0.1865079365079365,0.9035673141479492,0.8687265030968907,0.15540386409779883,0.698210105838699,-0.15540386409779894,4.107409742058923,3.9520058779611245,7.261635277895863,0.01495678583826443,7.276592063734127,0.8642123861598817,0.8324171344671915,0.8516429191379247,0.9221795022505569,0.1865079365079365,0.01452804336169621,0.5874641636698148,0.29365079365079366,0.0,0.43201868188894654,0.17587530572969187,0.3619030985020951,0.68,
sample_size,sample_size,ihdp,train_fraction,0.75,neural_rep,22,504,75,0.17857142857142858,1.1119990348815918,1.0146933038118762,0.0718761161222492,0.7982218567738142,0.07187611612224767,4.623469641373431,4.69534575749568,11.132463157384128,0.006130947209683768,11.138594104593812,0.8478431438531305,1.3129733149211944,0.6121257055575454,1.156510751624955,0.17857142857142858,0.008767683283225788,0.652438179353656,0.32936507936507936,0.0,0.3927536231884058,0.18750047587793361,0.40496040755953683,0.68,
sample_size,sample_size,ihdp,train_fraction,0.75,neural_rep,23,504,75,0.1765873015873016,1.2544760704040527,2.4378487881579027,0.03568601417590833,1.4871996252652218,-0.0356860141759077,2.019971662565434,1.9842856483895257,16.7486753007056,0.037422550938480015,16.78609785164408,4.321731303231665,1.570459334371048,0.851512319208482,1.3117400880420713,0.1765873015873016,0.014486605700680364,0.5942556977406361,0.3492063492063492,0.0,0.46522268850683635,0.20476486201346356,0.4866596133965334,0.72,
sample_size,sample_size,ihdp,train_fraction,0.75,neural_rep,24,504,75,0.18253968253968253,0.8375418186187744,1.6355886968029394,0.37715930658320307,0.8793818568817972,0.377159306583203,4.015211833260161,4.392371139843364,10.681666985159229,0.026497163821209924,10.708164148980439,3.0591556102464903,0.8109990815671039,0.5017964016211239,0.571374466873282,0.18253968253968253,0.011855718267687151,0.6282254354666971,0.38293650793650796,0.0,0.465913887716336,0.2048706828717531,0.5278763369951824,0.68,
sample_size,sample_size,ihdp,train_fraction,0.75,neural_rep,25,504,75,0.17063492063492064,1.2520060539245605,5.530311237798848,0.5606791142396463,3.8571527306391626,-0.5606791142396462,2.3657951812226976,1.8051160669830513,36.363000736669065,0.1528230724717261,36.51582380914079,6.477994882573537,8.45995939040497,2.5490335652096356,2.1122629491268268,0.17063492063492064,0.01172036464690853,0.6035024901039652,0.3472222222222222,0.0,0.3783798820518527,0.18301026598584944,0.3860640435553949,0.64,
sample_size,sample_size,ihdp,train_fraction,0.75,neural_rep,26,504,75,0.1884920634920635,1.089388132095337,0.7758235730708467,0.07994411328115447,0.622744383435807,0.07994411328115592,4.069120522463573,4.149064635744727,9.006432622945262,0.01226419575220028,9.018696818697462,0.8219450794448047,0.7381051868892505,0.6285070019655474,0.888363335394121,0.1884920634920635,0.012777972309623097,0.5918334501358344,0.2876984126984127,0.0,0.4016728863724102,0.18302718616199354,0.3851854838213122,0.72,
sample_size,sample_size,ihdp,train_fraction,0.75,neural_rep,27,504,75,0.18253968253968253,0.7248251438140869,19.71427143646131,1.7819219083542799,10.588030225482886,1.781921908354281,-0.6684755489869564,1.1134463593673236,82.17677089818227,0.6708387041560684,82.84760960233834,36.3640676787135,11.09918399181339,6.6428316283112405,7.139598476372077,0.18253968253968253,0.009676163936568765,0.5564333589505771,0.2698412698412698,0.0,0.3957365977205572,0.1811596967924908,0.34346019969975783,0.64,
sample_size,sample_size,ihdp,train_fraction,0.75,neural_rep,28,504,75,0.1746031746031746,1.147432804107666,0.9603008442891351,0.2510704533123027,0.7396929286459737,0.2510704533123036,3.7867168106442683,4.037787263956571,10.034451640518476,0.020041152913311322,10.054492793431788,1.4887426399552517,0.8372541586793845,0.6860275964362714,0.6353462985635956,0.1746031746031746,0.01009429493653357,0.6407029930350715,0.32341269841269843,0.0,0.38636363636363635,0.18405900131372924,0.3669631940985071,0.68,
sample_size,sample_size,ihdp,train_fraction,0.75,neural_rep,29,504,75,0.18452380952380953,1.7291474342346191,0.806778393262506,0.03886595467837228,0.6316652073066339,0.038865954678371936,5.052511980262755,5.091377934941128,11.356585719306167,0.015521910688248042,11.372107629994415,0.9536393500831555,0.8042142078504005,0.5914812504711525,0.8350506072170388,0.18452380952380953,0.010072459449040614,0.6641795166067139,0.31746031746031744,0.0,0.4260262145828428,0.19946970885760704,0.4172373109600693,0.72,
sample_size,sample_size,ihdp,train_fraction,1.0,s_learner,0,672,75,0.18303571428571427,0.24556541442871094,0.4883990179814901,0.0007191933528414296,0.39154808757596377,0.0007191933528416901,4.05634575318767,4.057064946540511,6.44088717118196,0.0,6.44088717118196,0.570390109817455,0.43206917840336856,0.3634021158161116,0.5543606360265128,0.18303571428571427,0.015537093975601997,0.5622980946615538,0.31547619047619047,0.0,0.3786485405837665,0.1840815109040787,0.37851628205057564,0.68,
sample_size,sample_size,ihdp,train_fraction,1.0,s_learner,1,672,75,0.19196428571428573,0.23192214965820312,0.4084039690481718,0.16975097225486024,0.30960341087256726,-0.16975097225485888,4.2142477603062325,4.044496788051372,8.238802977146783,0.0,8.238802977146783,0.4120810574694631,0.21359373547592775,0.34782922325462373,0.569543246037151,0.19196428571428573,0.014780819396271709,0.5968684185640735,0.28273809523809523,0.0,0.36866675232344,0.17594519971689987,0.38953028248571747,0.64,
sample_size,sample_size,ihdp,train_fraction,1.0,s_learner,2,672,75,0.18154761904761904,0.24378585815429688,0.6557379108652811,0.19583181033831654,0.44823462149434873,-0.19583181033831712,4.064009157208732,3.8681773468704153,7.462933979593411,0.0290861138587859,7.492020093452197,1.0356100531470844,0.4542805799959023,0.41888112668415367,0.5054756895894499,0.18154761904761904,0.01554288550564484,0.5701034846394465,0.3273809523809524,0.0,0.40321907600596124,0.178924329173562,0.42111588545858597,0.64,
sample_size,sample_size,ihdp,train_fraction,1.0,s_learner,3,672,75,0.19047619047619047,0.24854564666748047,1.1201171916773662,0.03330721196200637,0.8182376784348995,-0.033307211962007685,4.011240467092333,3.9779332551303264,12.371627322290355,0.08764488025794748,12.459272202548302,1.7121077467232733,0.6343821918971129,0.5786583140056936,1.1424522613615098,0.19047619047619047,0.0165943188066821,0.5727596596424224,0.27827380952380953,0.0,0.36672794117647056,0.17660289427310588,0.3762902074312649,0.68,
sample_size,sample_size,ihdp,train_fraction,1.0,s_learner,4,672,75,0.18601190476190477,0.25096583366394043,1.4997705034771214,0.1505330855289131,1.0623464530447262,-0.15053308552891406,4.163696052943034,4.013162967414121,11.24351711893177,0.13850569471886764,11.382022813650638,2.0515448463380137,1.3467845617136232,1.513932256993272,0.8122009039680302,0.18601190476190477,0.014909819501311839,0.5517940105889383,0.30952380952380953,0.0,0.39072760511883,0.17852572689103735,0.37453576081259893,0.68,
sample_size,sample_size,ihdp,train_fraction,1.0,s_learner,5,672,75,0.19345238095238096,0.24957609176635742,0.621147391737623,0.09248127529569539,0.43091065892085983,0.09248127529569568,3.9331437410854035,4.025625016381099,6.383491605800797,0.0,6.383491605800797,0.9935788156862728,0.46891795109659806,0.5263979619187729,0.22446585646231193,0.19345238095238096,0.016859497504150667,0.5992615257193149,0.27976190476190477,0.0,0.3971898949758728,0.17606695196495736,0.40839385268331657,0.64,
sample_size,sample_size,ihdp,train_fraction,1.0,s_learner,6,672,75,0.18452380952380953,0.2510535717010498,0.5019932213365423,0.2427324697829838,0.41361760178318163,-0.24273246978298482,4.016693170673207,3.7739607008902234,5.467977141813069,0.0,5.467977141813069,0.5663655025055921,0.4875523802407585,0.5291556944014851,0.4107964505498991,0.18452380952380953,0.0122836648095902,0.5601753357873364,0.2916666666666667,0.0,0.3874499646809513,0.1707833552677563,0.40026893257586565,0.64,
sample_size,sample_size,ihdp,train_fraction,1.0,s_learner,7,672,75,0.18898809523809523,0.28971147537231445,0.9702000277182425,0.019647703949488893,0.6019593486242358,0.019647703949489764,3.5578866081987015,3.5775343121481904,8.381534215985404,0.13122708976815112,8.512761305753555,1.7113308520717057,0.6053463267459244,0.599390360985407,0.46409511709394646,0.18898809523809523,0.013495985011059728,0.5932627568172648,0.3020833333333333,0.0,0.4084230296900961,0.18544552237956252,0.43473334556619453,0.68,
sample_size,sample_size,ihdp,train_fraction,1.0,s_learner,8,672,75,0.19345238095238096,0.2662651538848877,21.429929500376975,1.7702389090678707,10.049518107886781,1.7702389090678707,10.668346257956449,12.43858516702432,57.15069571368594,0.9106203790754535,58.061316092761395,40.79909210659541,6.890141540007945,7.161615345003441,7.208801641479387,0.19345238095238096,0.01480705591124428,0.6894771163752703,0.3020833333333333,0.0,0.40607436843599204,0.1824866843491901,0.3560993634276682,0.64,
sample_size,sample_size,ihdp,train_fraction,1.0,s_learner,9,672,75,0.1800595238095238,0.26155924797058105,3.050673957633111,0.1554471237153381,1.915393460511331,0.15544712371533728,5.304671650267495,5.460118773982833,26.531497980055367,0.056602875486831294,26.588100855542198,5.509031330772504,1.4160264486429495,2.0818028626119984,1.282771482358419,0.1800595238095238,0.015356333100467318,0.614268559303028,0.3273809523809524,0.0,0.36747611405258657,0.1805341423846863,0.3874702659193068,0.68,
sample_size,sample_size,ihdp,train_fraction,1.0,s_learner,10,672,75,0.18601190476190477,0.26515746116638184,0.568850262860639,0.10215502518176489,0.40151212910849626,-0.10215502518176416,4.335689215411743,4.233534190229978,8.59894756807673,0.0,8.59894756807673,0.6768598736761624,0.4070144605446994,0.5279814595560789,0.6192623898746418,0.18601190476190477,0.015471563899278569,0.580730954614321,0.28422619047619047,0.0,0.38249360146252287,0.1757904914173024,0.36082088623975367,0.64,
sample_size,sample_size,ihdp,train_fraction,1.0,s_learner,11,672,75,0.1875,0.2556314468383789,1.6113683071458227,0.15239990804795056,1.250365582593675,-0.1523999080479508,4.390080635994342,4.237680727946391,13.44385613242315,0.10706544437195298,13.550921576795103,2.2484802051350194,0.9701983828093043,1.356238439084699,1.569262072059447,0.1875,0.01741262031357248,0.6618507329651547,0.30952380952380953,0.0,0.38400488400488403,0.18346590456712608,0.40355290335897287,0.6,
sample_size,sample_size,ihdp,train_fraction,1.0,s_learner,12,672,75,0.18303571428571427,0.24384093284606934,21.827786767998383,4.927006291456495,14.613140805393414,4.927006291456492,8.167656931020298,13.094663222476793,84.1787340473408,0.5122422245382978,84.6909762718791,38.41930719703881,10.891205136368955,11.42952635672665,12.715350906502845,0.18303571428571427,0.016671550331679295,0.578495639764899,0.3288690476190476,0.0,0.38144742103158735,0.17752235681875578,0.375524745742867,0.64,
sample_size,sample_size,ihdp,train_fraction,1.0,s_learner,13,672,75,0.18303571428571427,0.24459147453308105,0.4639714385311399,0.02033551890173868,0.3561095786452366,0.020335518901737567,3.9256817327171536,3.9460172516188923,6.247837970016093,0.0,6.247837970016093,0.46474184689280906,0.48275253968523774,0.4076326644917996,0.5201522132151976,0.18303571428571427,0.014032908181168827,0.61156006145801,0.36160714285714285,0.0,0.4250299880047981,0.18868005232949286,0.42812996619243,0.6,
sample_size,sample_size,ihdp,train_fraction,1.0,s_learner,14,672,75,0.19047619047619047,0.2548348903656006,1.548895352449651,0.20225091858198851,1.070584563954189,0.20225091858198802,3.9636861517499717,4.16593707033196,10.454824202390894,0.09391549195213322,10.548739694343027,2.7120335992598226,0.6696630180835416,0.8737282488322952,0.9626353163308085,0.19047619047619047,0.01283987166930908,0.5913113117625519,0.30952380952380953,0.0,0.4094669117647059,0.1893381854682727,0.4032651071445681,0.64,
sample_size,sample_size,ihdp,train_fraction,1.0,s_learner,15,672,75,0.19345238095238096,0.267777681350708,0.7094632502859322,0.010774234879455058,0.5082257081135018,-0.010774234879455934,4.488906434591061,4.478132199711606,8.900826912840778,0.0129099120055578,8.913736824846335,1.0847311446750967,0.401778823297925,0.6175033233393885,0.5253368619003886,0.19345238095238096,0.013771473535222034,0.5823490563892421,0.29017857142857145,0.0,0.41038887311950045,0.18737543530427606,0.38365521215114984,0.68,
sample_size,sample_size,ihdp,train_fraction,1.0,s_learner,16,672,75,0.18452380952380953,0.24262309074401855,1.8464784165684371,0.0516514550474505,1.4769122021824066,-0.05165145504744959,3.8251275537781826,3.773476098730732,14.605025003171129,0.13033293763291454,14.735357940804043,2.6699288787747033,1.347598237949114,1.623763461304552,1.4046048441068928,0.18452380952380953,0.01643692499010905,0.5842100480842497,0.31994047619047616,0.0,0.37673651989639745,0.18297148387238008,0.40866248569475044,0.64,
sample_size,sample_size,ihdp,train_fraction,1.0,s_learner,17,672,75,0.19047619047619047,0.2543175220489502,1.333844626578973,0.1631619934299624,0.9066319109860225,-0.1631619934299624,3.7452895448900776,3.582127551460115,12.497086822452527,0.05486290779222536,12.551949730244752,2.0022154635171554,1.0854536966768125,1.0451170314503815,0.8975476949053701,0.19047619047619047,0.013476380342139428,0.5887260388472878,0.2931547619047619,0.0,0.39016544117647056,0.17703394042223594,0.39867588841528373,0.64,
sample_size,sample_size,ihdp,train_fraction,1.0,s_learner,18,672,75,0.19196428571428573,0.2399733066558838,1.6482540525826206,0.019365372431120687,1.094535755409828,0.019365372431121592,3.9330175940637546,3.9523829664948753,11.096316337420133,0.17308027611243837,11.269396613532571,2.8681215185967166,0.9815572231528172,1.057395000704263,0.6833941889075206,0.19196428571428573,0.010555947128387845,0.6221962742786185,0.3229166666666667,0.0,0.4100389738318558,0.19747708740398498,0.4434779232077364,0.68,
sample_size,sample_size,ihdp,train_fraction,1.0,s_learner,19,672,75,0.1800595238095238,0.2401719093322754,0.7711460012038234,0.001571453151849589,0.519209078048433,-0.001571453151848902,4.182856218826348,4.181284765674499,7.383558221117317,0.029765237765394303,7.4133234588827115,1.2077391272758877,0.503107278155457,0.4624926350680828,0.6595742380343467,0.1800595238095238,0.013806755208880923,0.5773035454954967,0.3125,0.0,0.3819951703139296,0.1801313019120182,0.41654759417115234,0.64,
sample_size,sample_size,ihdp,train_fraction,1.0,s_learner,20,672,75,0.18303571428571427,0.24852323532104492,2.9511172610383114,0.8659859051308771,2.077096618269665,-0.8659859051308768,4.722805469184018,3.856819564053141,20.1909197426441,0.23975654641647992,20.430676289060578,4.080487448680782,2.2945355485635455,2.6917806375790447,2.3439591467455116,0.18303571428571427,0.017580336562783787,0.5613705514801535,0.2961309523809524,0.0,0.38104758096761293,0.16879439172196012,0.3655902985857423,0.64,
sample_size,sample_size,ihdp,train_fraction,1.0,s_learner,21,672,75,0.1800595238095238,0.24738359451293945,0.42379644294949087,0.11756313820950082,0.3439274250718871,-0.11756313820950012,4.107409742058923,3.9898466038494225,7.276592063734127,0.0,7.276592063734127,0.5615472729679003,0.4162514388565063,0.3247745418859945,0.35213777051798384,0.1800595238095238,0.013549389161361159,0.5467422714251008,0.34077380952380953,0.0,0.40477868938518996,0.1803477417451047,0.37690713236920903,0.68,
sample_size,sample_size,ihdp,train_fraction,1.0,s_learner,22,672,75,0.18452380952380953,0.24977874755859375,1.2833155593425996,0.12270206408701334,0.9897308948143977,0.12270206408701274,4.623469641373431,4.746171705460444,11.064710324451184,0.0738837801426282,11.138594104593812,2.061926037697355,0.9043484928206841,0.9040045973332221,0.8107721363860337,0.18452380952380953,0.013873625193160872,0.6040224336782075,0.30357142857142855,0.0,0.37962090887685424,0.18474807861552772,0.3733718584533806,0.68,
sample_size,sample_size,ihdp,train_fraction,1.0,s_learner,23,672,75,0.18452380952380953,0.24561834335327148,4.016821898438914,0.8878296962442485,2.2875991989043456,0.8878296962442486,2.019971662565434,2.9078013588096825,16.493960759229626,0.2921370924144533,16.78609785164408,7.5086558613857655,1.3591362450975617,1.4900422455139406,1.8275840000776398,0.18452380952380953,0.013045008086306197,0.5695740534206457,0.29464285714285715,0.0,0.4062279255945373,0.18043539779170265,0.3958742653850422,0.64,
sample_size,sample_size,ihdp,train_fraction,1.0,s_learner,24,672,75,0.18452380952380953,0.2548701763153076,2.6433144142718255,0.5743211107612716,1.1432405626159972,0.574321110761273,4.015211833260161,4.589532944021433,10.463190959301151,0.24497318967928727,10.708164148980439,5.132893649904483,0.5348059147461017,0.5160146847220174,0.8347870894881104,0.18452380952380953,0.015405953425030691,0.5854415196335634,0.31398809523809523,0.0,0.39904638568401224,0.18415006753825558,0.40724298221597505,0.64,
sample_size,sample_size,ihdp,train_fraction,1.0,s_learner,25,672,75,0.17857142857142858,0.25365519523620605,7.980353277239076,1.6748722158115985,5.34544886465807,1.674872215811597,2.3657951812226976,4.040667397034296,35.97973265884307,0.5360911502977217,36.51582380914079,13.894247747488421,5.539400896550033,4.141355196442076,3.4815728270041117,0.17857142857142858,0.013645521759281732,0.5734559729128814,0.34523809523809523,0.0,0.3789855072463768,0.1943690908045554,0.4049938513041168,0.68,
sample_size,sample_size,ihdp,train_fraction,1.0,s_learner,26,672,75,0.18154761904761904,0.25052785873413086,0.7561906110176981,0.09252785844355405,0.5393912600430504,0.09252785844355475,4.069120522463573,4.161648380907127,8.988753331461467,0.029943487235994937,9.018696818697462,1.0867961803174782,0.590310418169173,0.43256450592833157,0.7475539480787312,0.18154761904761904,0.012761059669307876,0.5588221332571895,0.2857142857142857,0.0,0.3951117734724292,0.1739283739874525,0.3824062815161629,0.64,
sample_size,sample_size,ihdp,train_fraction,1.0,s_learner,27,672,75,0.18601190476190477,0.2539651393890381,35.897404049765825,7.653210828429816,19.88800726987423,7.653210828429815,-0.6684755489869564,6.98473527944286,81.59215340345392,1.255456198884417,82.84760960233834,68.19087432904247,8.98161622981355,13.19687428629279,13.641688718111208,0.18601190476190477,0.016388737782577916,0.5971132113641607,0.31101190476190477,0.0,0.4133528336380256,0.18391883189618366,0.37453576081259893,0.64,
sample_size,sample_size,ihdp,train_fraction,1.0,s_learner,28,672,75,0.18898809523809523,0.2509582042694092,1.0080581701867508,0.05288833053431752,0.747601390785308,-0.05288833053431643,3.7867168106442683,3.733828480109951,10.028889879406734,0.02560291402505399,10.054492793431788,1.5163048762951867,1.0495827682757664,0.6447422936013465,0.6258910718671932,0.18898809523809523,0.015601823650282235,0.6162501837139163,0.3020833333333333,0.0,0.37058441089359245,0.18125370686711118,0.41108319496819673,0.64,
sample_size,sample_size,ihdp,train_fraction,1.0,s_learner,29,672,75,0.1875,0.24695110321044922,1.1907752282367576,0.2879806051813514,0.9096302615826416,-0.28798060518135093,5.052511980262755,4.764531375081404,11.344938263210697,0.02716936678371873,11.372107629994415,1.5223988166792268,1.1784930768684454,1.1560067517468,0.7920576453798841,0.1875,0.011679989991218618,0.5838689209700921,0.32589285714285715,0.0,0.39255189255189255,0.1859399703013082,0.40878972159479804,0.64,
sample_size,sample_size,ihdp,train_fraction,1.0,t_learner,0,672,75,0.18303571428571427,0.32581615447998047,0.8390665956870899,0.005497497457233713,0.6615070122183202,-0.005497497457233429,4.05634575318767,4.050848255730436,6.44088717118196,0.0,6.44088717118196,1.0654688592824701,0.7690735177352771,0.715592280590136,0.7559342493301567,0.18303571428571427,0.015537093975601997,0.5622980946615538,0.31547619047619047,0.0,0.3786485405837665,0.1840815109040787,0.37851628205057564,0.68,
sample_size,sample_size,ihdp,train_fraction,1.0,t_learner,1,672,75,0.19196428571428573,0.3306100368499756,0.8445716055151112,0.17833841724591526,0.6827658293197099,-0.1783384172459149,4.2142477603062325,4.035909343060317,8.238802977146783,0.0,8.238802977146783,0.8284260260202972,0.7924409908187203,0.883165429262243,0.8686079143282331,0.19196428571428573,0.014780819396271709,0.5968684185640735,0.28273809523809523,0.0,0.36866675232344,0.17594519971689987,0.38953028248571747,0.64,
sample_size,sample_size,ihdp,train_fraction,1.0,t_learner,2,672,75,0.18154761904761904,0.326143741607666,0.8262612296631634,0.006155452088046687,0.6478804586331482,0.0061554520880476166,4.064009157208732,4.0701646092967785,7.492020093452197,0.0,7.492020093452197,1.1363802322924075,0.519925091107139,0.6779667874325581,0.823310897834972,0.18154761904761904,0.01554288550564484,0.5701034846394465,0.3273809523809524,0.0,0.40321907600596124,0.178924329173562,0.42111588545858597,0.64,
sample_size,sample_size,ihdp,train_fraction,1.0,t_learner,3,672,75,0.19047619047619047,0.3332345485687256,1.0017961697532145,0.05705112324737893,0.7214868860041213,-0.05705112324737924,4.011240467092333,3.954189343844954,12.369006932820128,0.0902652697281745,12.459272202548302,1.4556168158524867,0.9529601968531944,0.4809024045801656,0.8666818046164831,0.19047619047619047,0.0165943188066821,0.5727596596424224,0.27827380952380953,0.0,0.36672794117647056,0.17660289427310588,0.3762902074312649,0.68,
sample_size,sample_size,ihdp,train_fraction,1.0,t_learner,4,672,75,0.18601190476190477,0.3291606903076172,1.2514973727641003,0.10995914135156504,0.9465508770046466,0.1099591413515641,4.163696052943034,4.273655194294599,11.267101011514551,0.11492180213608627,11.382022813650638,1.7668514722020472,0.9588416921371091,1.1209922648141866,0.9660081903568056,0.18601190476190477,0.014909819501311839,0.5517940105889383,0.30952380952380953,0.0,0.39072760511883,0.17852572689103735,0.37453576081259893,0.68,
sample_size,sample_size,ihdp,train_fraction,1.0,t_learner,5,672,75,0.19345238095238096,0.3548290729522705,0.9460118390215915,0.06740505621658732,0.7192103051870061,0.06740505621658821,3.9331437410854035,4.000548797301991,6.368607776879399,0.01488382892139839,6.383491605800797,1.0233259224610787,0.8692986158484649,1.0179964142722433,0.8562893708628039,0.19345238095238096,0.016859497504150667,0.5992615257193149,0.27976190476190477,0.0,0.3971898949758728,0.17606695196495736,0.40839385268331657,0.64,
sample_size,sample_size,ihdp,train_fraction,1.0,t_learner,6,672,75,0.18452380952380953,0.32744908332824707,0.7796725308711256,0.09313171056001357,0.6044887999283634,-0.09313171056001439,4.016693170673207,3.9235614601131936,5.467977141813069,0.0,5.467977141813069,0.9359971704036606,0.6353125524756811,0.8278740451051363,0.6750688398792107,0.18452380952380953,0.0122836648095902,0.5601753357873364,0.2916666666666667,0.0,0.3874499646809513,0.1707833552677563,0.40026893257586565,0.64,
sample_size,sample_size,ihdp,train_fraction,1.0,t_learner,7,672,75,0.18898809523809523,0.329883337020874,1.2766418485691622,0.11232508077548564,1.0016164253183146,-0.11232508077548525,3.5578866081987015,3.445561527423216,8.379742251879618,0.1330190538739373,8.512761305753555,1.7271114163756054,1.1634866804645678,0.8435067146745655,1.2419157459013463,0.18898809523809523,0.013495985011059728,0.5932627568172648,0.3020833333333333,0.0,0.4084230296900961,0.18544552237956252,0.43473334556619453,0.68,
sample_size,sample_size,ihdp,train_fraction,1.0,t_learner,8,672,75,0.19345238095238096,0.34047698974609375,16.472316256614373,1.7681137266420635,6.654914966874534,1.7681137266420621,10.668346257956449,12.436459984598512,57.77515408921806,0.2861620035433319,58.061316092761395,31.793384478510276,5.1261324571169515,5.1713989357434285,2.9344540911930843,0.19345238095238096,0.01480705591124428,0.6894771163752703,0.3020833333333333,0.0,0.40607436843599204,0.1824866843491901,0.3560993634276682,0.64,
sample_size,sample_size,ihdp,train_fraction,1.0,t_learner,9,672,75,0.1800595238095238,0.33139896392822266,2.1587899553468772,0.15309091589029666,1.4076067736187716,0.1530909158902957,5.304671650267495,5.4577625661577915,26.529644214513628,0.05845664102857029,26.588100855542198,3.167968537249091,2.4396599091174695,1.414937501532714,0.9666498874004583,0.1800595238095238,0.015356333100467318,0.614268559303028,0.3273809523809524,0.0,0.36747611405258657,0.1805341423846863,0.3874702659193068,0.68,
sample_size,sample_size,ihdp,train_fraction,1.0,t_learner,10,672,75,0.18601190476190477,0.3316073417663574,0.769365367285053,0.1561245512861742,0.6062772965294372,0.1561245512861753,4.335689215411743,4.491813766697917,8.59894756807673,0.0,8.59894756807673,0.674579461439144,0.7399041542673862,0.8557220600683538,0.7940882593630483,0.18601190476190477,0.015471563899278569,0.580730954614321,0.28422619047619047,0.0,0.38249360146252287,0.1757904914173024,0.36082088623975367,0.64,
sample_size,sample_size,ihdp,train_fraction,1.0,t_learner,11,672,75,0.1875,0.35256338119506836,1.3125237213738312,0.27988648457130605,1.054314825258145,-0.2798864845713058,4.390080635994342,4.110194151423036,13.497669942090777,0.05325163470432592,13.550921576795103,1.6398021964270664,1.1207180534153856,1.2451201432629833,1.170908213994494,0.1875,0.01741262031357248,0.6618507329651547,0.30952380952380953,0.0,0.38400488400488403,0.18346590456712608,0.40355290335897287,0.6,
sample_size,sample_size,ihdp,train_fraction,1.0,t_learner,12,672,75,0.18303571428571427,0.32531237602233887,12.897053358943836,1.2184623940770969,9.151997350130529,1.2184623940770967,8.167656931020298,9.386119325097395,84.65889938704082,0.03207688483827553,84.6909762718791,20.68817649162295,10.582906527243344,8.572881778223643,6.998806245928227,0.18303571428571427,0.016671550331679295,0.578495639764899,0.3288690476190476,0.0,0.38144742103158735,0.17752235681875578,0.375524745742867,0.64,
sample_size,sample_size,ihdp,train_fraction,1.0,t_learner,13,672,75,0.18303571428571427,0.3301839828491211,0.8697086004177814,0.12750942015158184,0.6275912912373255,0.12750942015158173,3.9256817327171536,4.053191152868735,6.247837970016093,0.0,6.247837970016093,0.9434656570816821,0.8571678635380887,0.658607638056802,1.041569645305579,0.18303571428571427,0.014032908181168827,0.61156006145801,0.36160714285714285,0.0,0.4250299880047981,0.18868005232949286,0.42812996619243,0.6,
sample_size,sample_size,ihdp,train_fraction,1.0,t_learner,14,672,75,0.19047619047619047,0.3341958522796631,1.181930339711989,0.4226458250947731,0.9284079890835598,0.42264582509477244,3.9636861517499717,4.386331976844745,10.477895212834234,0.07084448150879297,10.548739694343027,1.5960211700431044,0.988988357906994,0.9362928294541484,1.078779943927147,0.19047619047619047,0.01283987166930908,0.5913113117625519,0.30952380952380953,0.0,0.4094669117647059,0.1893381854682727,0.4032651071445681,0.64,
sample_size,sample_size,ihdp,train_fraction,1.0,t_learner,15,672,75,0.19345238095238096,0.33397364616394043,0.8437761837201013,0.07969866332919118,0.6320818312503333,0.07969866332919087,4.488906434591061,4.568605097920252,8.913736824846335,0.0,8.913736824846335,0.9741989865831453,0.7056177366665942,0.6943790235286282,0.9525987062787172,0.19345238095238096,0.013771473535222034,0.5823490563892421,0.29017857142857145,0.0,0.41038887311950045,0.18737543530427606,0.38365521215114984,0.68,
sample_size,sample_size,ihdp,train_fraction,1.0,t_learner,16,672,75,0.18452380952380953,0.34119606018066406,1.306120219655522,0.07861276165506714,1.1288182200389338,0.07861276165506705,3.8251275537781826,3.9037403154332497,14.694443783584738,0.040914157219305025,14.735357940804043,1.5048461101853166,1.0923284760956715,1.227654249678266,1.3534895728079404,0.18452380952380953,0.01643692499010905,0.5842100480842497,0.31994047619047616,0.0,0.37673651989639745,0.18297148387238008,0.40866248569475044,0.64,
sample_size,sample_size,ihdp,train_fraction,1.0,t_learner,17,672,75,0.19047619047619047,0.33336806297302246,0.911965375783667,0.08508198298198266,0.6897538331960813,0.08508198298198477,3.7452895448900776,3.8303715278720603,12.532583662952277,0.019366067292475364,12.551949730244752,1.0379294290183796,0.8174557597502923,0.7943302979812015,0.9703756363302801,0.19047619047619047,0.013476380342139428,0.5887260388472878,0.2931547619047619,0.0,0.39016544117647056,0.17703394042223594,0.39867588841528373,0.64,
sample_size,sample_size,ihdp,train_fraction,1.0,t_learner,18,672,75,0.19196428571428573,0.3330843448638916,1.1801021853472566,0.05884117662898847,0.857905925917558,-0.05884117662898709,3.9330175940637546,3.874176417434766,11.261705300540358,0.007691312992212929,11.269396613532571,1.8799104082878835,0.8959364594623448,0.8820376028496423,0.6517358617344793,0.19196428571428573,0.010555947128387845,0.6221962742786185,0.3229166666666667,0.0,0.4100389738318558,0.19747708740398498,0.4434779232077364,0.68,
sample_size,sample_size,ihdp,train_fraction,1.0,t_learner,19,672,75,0.1800595238095238,0.34479308128356934,0.8885323088570595,0.08042881358465248,0.6751932699027422,0.08042881358465209,4.182856218826348,4.263285032411001,7.4133234588827115,0.0,7.4133234588827115,0.9865748630530986,1.011170070941122,0.6189401274290123,0.8895722323665756,0.1800595238095238,0.013806755208880923,0.5773035454954967,0.3125,0.0,0.3819951703139296,0.1801313019120182,0.41654759417115234,0.64,
sample_size,sample_size,ihdp,train_fraction,1.0,t_learner,20,672,75,0.18303571428571427,0.3355381488800049,2.3332333445300986,0.9143308629510214,1.6174713308457596,-0.9143308629510227,4.722805469184018,3.8084746062329966,20.184132840112657,0.24654344894792146,20.430676289060578,2.8744042213887804,2.7408811179688186,1.9825168453323319,1.4764061953846124,0.18303571428571427,0.017580336562783787,0.5613705514801535,0.2961309523809524,0.0,0.38104758096761293,0.16879439172196012,0.3655902985857423,0.64,
sample_size,sample_size,ihdp,train_fraction,1.0,t_learner,21,672,75,0.1800595238095238,0.33469557762145996,0.9152084924563124,0.03598206468258436,0.7561272325700126,-0.03598206468258365,4.107409742058923,4.071427677376339,7.276592063734127,0.0,7.276592063734127,0.946737157090832,1.0751368091567521,0.7366826165135434,0.8787763944928808,0.1800595238095238,0.013549389161361159,0.5467422714251008,0.34077380952380953,0.0,0.40477868938518996,0.1803477417451047,0.37690713236920903,0.68,
sample_size,sample_size,ihdp,train_fraction,1.0,t_learner,22,672,75,0.18452380952380953,0.3521695137023926,1.3171470670717593,0.30744823018390566,1.0350981995686155,0.3074482301839035,4.623469641373431,4.9309178715573365,11.138594104593812,0.0,11.138594104593812,1.5801723153299665,1.2020606144975963,1.189282936586512,1.2521813431615458,0.18452380952380953,0.013873625193160872,0.6040224336782075,0.30357142857142855,0.0,0.37962090887685424,0.18474807861552772,0.3733718584533806,0.68,
sample_size,sample_size,ihdp,train_fraction,1.0,t_learner,23,672,75,0.18452380952380953,0.3421452045440674,1.6925828861888732,0.017445676578847547,1.1418027831701667,-0.017445676578847227,2.019971662565434,2.0025259859865865,16.73213686775693,0.05396098388714776,16.78609785164408,2.66748730163793,1.2875643476124314,1.1714679788130082,1.118111143242054,0.18452380952380953,0.013045008086306197,0.5695740534206457,0.29464285714285715,0.0,0.4062279255945373,0.18043539779170265,0.3958742653850422,0.64,
sample_size,sample_size,ihdp,train_fraction,1.0,t_learner,24,672,75,0.18452380952380953,0.32567429542541504,1.678586453968853,0.29995276992757613,0.8768933911634559,0.2999527699275768,4.015211833260161,4.315164603187737,10.681666985159229,0.026497163821209924,10.708164148980439,3.167216025067144,0.7147255784019574,0.5770026157189945,0.5236185093426634,0.18452380952380953,0.015405953425030691,0.5854415196335634,0.31398809523809523,0.0,0.39904638568401224,0.18415006753825558,0.40724298221597505,0.64,
sample_size,sample_size,ihdp,train_fraction,1.0,t_learner,25,672,75,0.17857142857142858,0.35363173484802246,4.956525645915503,0.14120592309540436,3.291474576091883,-0.14120592309540447,2.3657951812226976,2.2245892581272932,36.433837669217034,0.0819861399237567,36.51582380914079,7.710523894449998,5.648001454528224,2.237399322262503,1.5154096809504343,0.17857142857142858,0.013645521759281732,0.5734559729128814,0.34523809523809523,0.0,0.3789855072463768,0.1943690908045554,0.4049938513041168,0.68,
sample_size,sample_size,ihdp,train_fraction,1.0,t_learner,26,672,75,0.18154761904761904,0.32999157905578613,0.9390408710103605,0.21769706918097587,0.7216626361703701,0.21769706918097634,4.069120522463573,4.286817591644549,9.018696818697462,0.0,9.018696818697462,1.2410597671289856,0.8540045543734797,0.5704155033874874,0.9613735551236501,0.18154761904761904,0.012761059669307876,0.5588221332571895,0.2857142857142857,0.0,0.3951117734724292,0.1739283739874525,0.3824062815161629,0.64,
sample_size,sample_size,ihdp,train_fraction,1.0,t_learner,27,672,75,0.18601190476190477,0.3386204242706299,18.352178070143076,2.3586774106850403,9.211896876772368,2.3586774106850394,-0.6684755489869564,1.6902018616980838,81.63804731608967,1.2095622862486692,82.84760960233834,34.17789949109182,9.08726669899643,8.129387315233224,4.1273938614991454,0.18601190476190477,0.016388737782577916,0.5971132113641607,0.31101190476190477,0.0,0.4133528336380256,0.18391883189618366,0.37453576081259893,0.64,
sample_size,sample_size,ihdp,train_fraction,1.0,t_learner,28,672,75,0.18898809523809523,0.3291957378387451,0.9461543805966984,0.11505866616590854,0.755369173298198,-0.11505866616590704,3.7867168106442683,3.67165814447836,10.048400947307046,0.006091846124741451,10.054492793431788,1.2673640723818855,0.8482089004418555,0.9022582079898669,0.7181019315299245,0.18898809523809523,0.015601823650282235,0.6162501837139163,0.3020833333333333,0.0,0.37058441089359245,0.18125370686711118,0.41108319496819673,0.64,
sample_size,sample_size,ihdp,train_fraction,1.0,t_learner,29,672,75,0.1875,0.3366432189941406,0.9900775754760842,0.14383789377957878,0.8376095749905041,-0.1438378937795793,5.052511980262755,4.908674086483177,11.356585719306167,0.015521910688248042,11.372107629994415,0.8415631059248473,0.9367983778174915,1.0496116009393175,1.1081998748504662,0.1875,0.011679989991218618,0.5838689209700921,0.32589285714285715,0.0,0.39255189255189255,0.1859399703013082,0.40878972159479804,0.64,
sample_size,sample_size,ihdp,train_fraction,1.0,x_learner,0,672,75,0.18303571428571427,0.670590877532959,0.7074927860038477,0.11481098565184222,0.5743379083029938,0.1148109856518423,4.05634575318767,4.171156738839512,6.437065841667993,0.0038213295139675196,6.44088717118196,0.9418063257863872,0.5990246697438402,0.45327364921640845,0.7371829812237042,0.18303571428571427,0.015537093975601997,0.5622980946615538,0.31547619047619047,0.0,0.3786485405837665,0.1840815109040787,0.37851628205057564,0.68,
sample_size,sample_size,ihdp,train_fraction,1.0,x_learner,1,672,75,0.19196428571428573,0.690807580947876,0.6620330173487259,0.013213411648811402,0.5197274108681739,-0.013213411648811662,4.2142477603062325,4.201034348657421,8.238802977146783,0.0,8.238802977146783,0.49025443318739403,0.6538939201923541,0.8066304197895607,0.6587927243918941,0.19196428571428573,0.014780819396271709,0.5968684185640735,0.28273809523809523,0.0,0.36866675232344,0.17594519971689987,0.38953028248571747,0.64,
sample_size,sample_size,ihdp,train_fraction,1.0,x_learner,2,672,75,0.18154761904761904,0.6617932319641113,0.7722088855744995,0.03431722269241888,0.5274408610636921,-0.03431722269241839,4.064009157208732,4.029691934516313,7.462933979593411,0.0290861138587859,7.492020093452197,1.1875106893728333,0.6420213541825763,0.5758718882912844,0.4751575002350604,0.18154761904761904,0.01554288550564484,0.5701034846394465,0.3273809523809524,0.0,0.40321907600596124,0.178924329173562,0.42111588545858597,0.64,
sample_size,sample_size,ihdp,train_fraction,1.0,x_learner,3,672,75,0.19047619047619047,0.672426700592041,1.1826437739561548,0.010126975058962095,0.8855163941638813,0.010126975058962756,4.011240467092333,4.021367442151295,12.339480086958448,0.11979211558985448,12.459272202548302,1.6937328654354957,1.024495511995431,0.7544725991662126,1.0433900897248873,0.19047619047619047,0.0165943188066821,0.5727596596424224,0.27827380952380953,0.0,0.36672794117647056,0.17660289427310588,0.3762902074312649,0.68,
sample_size,sample_size,ihdp,train_fraction,1.0,x_learner,4,672,75,0.18601190476190477,0.7122111320495605,1.3572407202970314,0.1763969479946641,0.9826201642981041,-0.17639694799466504,4.163696052943034,3.9872991049483697,11.255678855789785,0.12634395786085229,11.382022813650638,2.106280755696157,0.9187242934157606,1.181978009852727,0.7989591240638548,0.18601190476190477,0.014909819501311839,0.5517940105889383,0.30952380952380953,0.0,0.39072760511883,0.17852572689103735,0.37453576081259893,0.68,
sample_size,sample_size,ihdp,train_fraction,1.0,x_learner,5,672,75,0.19345238095238096,0.6704938411712646,0.8692098495125069,0.30797043956079984,0.6154844917871454,0.30797043956080006,3.9331437410854035,4.241114180646203,6.383491605800797,0.0,6.383491605800797,1.2275092040549584,0.8408197128817319,0.5320513926747605,0.7229886399048668,0.19345238095238096,0.016859497504150667,0.5992615257193149,0.27976190476190477,0.0,0.3971898949758728,0.17606695196495736,0.40839385268331657,0.64,
sample_size,sample_size,ihdp,train_fraction,1.0,x_learner,6,672,75,0.18452380952380953,0.6592955589294434,0.6963710009079602,0.17655334388335753,0.5312761869375143,-0.17655334388335744,4.016693170673207,3.8401398267898497,5.467977141813069,0.0,5.467977141813069,0.6748489282798921,0.7481884029741832,0.7225353486467815,0.637499521108479,0.18452380952380953,0.0122836648095902,0.5601753357873364,0.2916666666666667,0.0,0.3874499646809513,0.1707833552677563,0.40026893257586565,0.64,
sample_size,sample_size,ihdp,train_fraction,1.0,x_learner,7,672,75,0.18898809523809523,0.6889092922210693,1.0353260109803943,0.300282580600876,0.8378177850142052,-0.3002825806008756,3.5578866081987015,3.2576040275978255,8.506088492428782,0.006672813324772875,8.512761305753555,1.459272150337336,1.0035174825454731,0.9014260005693326,0.6278298103777695,0.18898809523809523,0.013495985011059728,0.5932627568172648,0.3020833333333333,0.0,0.4084230296900961,0.18544552237956252,0.43473334556619453,0.68,
sample_size,sample_size,ihdp,train_fraction,1.0,x_learner,8,672,75,0.19345238095238096,0.6925299167633057,19.321299758915078,1.266084713974701,8.285690264396267,1.2660847139747005,10.668346257956449,11.93443097193115,57.27537447575442,0.7859416170069764,58.061316092761395,36.75416802449943,5.368661027637031,7.579801128695843,6.162358792037674,0.19345238095238096,0.01480705591124428,0.6894771163752703,0.3020833333333333,0.0,0.40607436843599204,0.1824866843491901,0.3560993634276682,0.64,
sample_size,sample_size,ihdp,train_fraction,1.0,x_learner,9,672,75,0.1800595238095238,0.678675651550293,3.3322752363461507,0.6888583951151821,2.343507171498081,-0.6888583951151827,5.304671650267495,4.615813255152313,26.452100559935737,0.1360002956064612,26.588100855542198,5.0368246325551755,3.4101371088573442,2.2872059375118368,1.713797722653299,0.1800595238095238,0.015356333100467318,0.614268559303028,0.3273809523809524,0.0,0.36747611405258657,0.1805341423846863,0.3874702659193068,0.68,
sample_size,sample_size,ihdp,train_fraction,1.0,x_learner,10,672,75,0.18601190476190477,0.6796953678131104,0.8834601825213251,0.0560591428876247,0.7255433974885487,-0.056059142887624806,4.335689215411743,4.279630072524118,8.592939365841367,0.006008202235362248,8.59894756807673,0.9427475754204659,0.8154995097687953,0.9635505006378058,0.7960455998304576,0.18601190476190477,0.015471563899278569,0.580730954614321,0.28422619047619047,0.0,0.38249360146252287,0.1757904914173024,0.36082088623975367,0.64,
sample_size,sample_size,ihdp,train_fraction,1.0,x_learner,11,672,75,0.1875,0.694411039352417,1.6455377469809078,0.43498150708375505,1.2970544622858298,-0.4349815070837549,4.390080635994342,3.955099128910587,13.413658278137842,0.1372632986572615,13.550921576795103,1.5072078987594237,1.759593675238183,1.605122637900135,1.7050966201620656,0.1875,0.01741262031357248,0.6618507329651547,0.30952380952380953,0.0,0.38400488400488403,0.18346590456712608,0.40355290335897287,0.6,
sample_size,sample_size,ihdp,train_fraction,1.0,x_learner,12,672,75,0.18303571428571427,0.6962375640869141,19.65028225482777,1.0389692778317698,14.053951952692257,1.0389692778317685,8.167656931020298,9.206626208852068,83.21418481996012,1.4767914519189702,84.6909762718791,29.70433643874068,15.863689722521158,15.306301306474213,13.006518460892792,0.18303571428571427,0.016671550331679295,0.578495639764899,0.3288690476190476,0.0,0.38144742103158735,0.17752235681875578,0.375524745742867,0.64,
sample_size,sample_size,ihdp,train_fraction,1.0,x_learner,13,672,75,0.18303571428571427,0.6961522102355957,0.9432900160878591,0.3001695945421856,0.7236374385865448,0.3001695945421855,3.9256817327171536,4.225851327259339,6.247837970016093,0.0,6.247837970016093,1.2292412396361758,1.0019561629298126,0.6588209851274155,0.9234923830386963,0.18303571428571427,0.014032908181168827,0.61156006145801,0.36160714285714285,0.0,0.4250299880047981,0.18868005232949286,0.42812996619243,0.6,
sample_size,sample_size,ihdp,train_fraction,1.0,x_learner,14,672,75,0.19047619047619047,0.6939959526062012,1.4155542372706367,0.2295972486568445,0.9899076267751261,0.2295972486568443,3.9636861517499717,4.193283400406816,10.454824202390894,0.09391549195213322,10.548739694343027,2.4023305075947916,0.9199450208863966,0.9131233433008773,0.7092033968778,0.19047619047619047,0.01283987166930908,0.5913113117625519,0.30952380952380953,0.0,0.4094669117647059,0.1893381854682727,0.4032651071445681,0.64,
sample_size,sample_size,ihdp,train_fraction,1.0,x_learner,15,672,75,0.19345238095238096,0.7011842727661133,0.8543179664280175,0.015063449715213117,0.637636904686934,-0.015063449715214233,4.488906434591061,4.473842984875848,8.900826912840778,0.0129099120055578,8.913736824846335,1.0033544551735982,0.8471095471015597,0.6649704623628392,0.8673469791870588,0.19345238095238096,0.013771473535222034,0.5823490563892421,0.29017857142857145,0.0,0.41038887311950045,0.18737543530427606,0.38365521215114984,0.68,
sample_size,sample_size,ihdp,train_fraction,1.0,x_learner,16,672,75,0.18452380952380953,0.685307502746582,1.7599185788498803,0.16655848831711806,1.366737904847797,-0.1665584883171179,3.8251275537781826,3.6585690654610645,14.621332721892468,0.11402521891157491,14.735357940804043,2.1040379485702783,1.8104558558700325,1.6468673283561828,1.4077827278199204,0.18452380952380953,0.01643692499010905,0.5842100480842497,0.31994047619047616,0.0,0.37673651989639745,0.18297148387238008,0.40866248569475044,0.64,
sample_size,sample_size,ihdp,train_fraction,1.0,x_learner,17,672,75,0.19047619047619047,0.7201783657073975,1.3128769504755717,0.05478229129928147,0.8797926690923688,-0.054782291299280556,3.7452895448900776,3.690507253590796,12.408944463123174,0.14300526712157868,12.551949730244752,2.07270478394289,1.184520766912021,0.8877857704764144,0.6247831735117509,0.19047619047619047,0.013476380342139428,0.5887260388472878,0.2931547619047619,0.0,0.39016544117647056,0.17703394042223594,0.39867588841528373,0.64,
sample_size,sample_size,ihdp,train_fraction,1.0,x_learner,18,672,75,0.19196428571428573,0.7118911743164062,1.71563993184249,0.03664471280821768,1.1579285055504673,0.036644712808218606,3.9330175940637546,3.9696623068719723,11.090773059812829,0.17862355371974203,11.269396613532571,2.953403778094457,1.014276538176072,1.0405382367875642,0.915881622405017,0.19196428571428573,0.010555947128387845,0.6221962742786185,0.3229166666666667,0.0,0.4100389738318558,0.19747708740398498,0.4434779232077364,0.68,
sample_size,sample_size,ihdp,train_fraction,1.0,x_learner,19,672,75,0.1800595238095238,0.6999161243438721,0.9510640176680101,0.04851175051862633,0.7267688576558194,-0.04851175051862616,4.182856218826348,4.134344468307722,7.383558221117317,0.029765237765394303,7.4133234588827115,1.2861397203341602,0.9718012814379609,0.6682767425024885,0.7583157849992842,0.1800595238095238,0.013806755208880923,0.5773035454954967,0.3125,0.0,0.3819951703139296,0.1801313019120182,0.41654759417115234,0.64,
sample_size,sample_size,ihdp,train_fraction,1.0,x_learner,20,672,75,0.18303571428571427,0.7068073749542236,4.462105169775817,1.488614468343251,2.9448795400491337,-1.4886144683432516,4.722805469184018,3.234191000840767,19.929349738724763,0.5013265503358149,20.430676289060578,6.389143355592186,5.1230437147293895,2.7097115635214153,2.3591725218143753,0.18303571428571427,0.017580336562783787,0.5613705514801535,0.2961309523809524,0.0,0.38104758096761293,0.16879439172196012,0.3655902985857423,0.64,
sample_size,sample_size,ihdp,train_fraction,1.0,x_learner,21,672,75,0.1800595238095238,0.6817493438720703,0.925801871594144,0.27363328981539725,0.7098006688195566,-0.27363328981539653,4.107409742058923,3.833776452243526,7.22542732902895,0.05116473470517757,7.276592063734127,1.3067460784371974,0.7902620392808741,0.5777383631266747,0.8662064179173978,0.1800595238095238,0.013549389161361159,0.5467422714251008,0.34077380952380953,0.0,0.40477868938518996,0.1803477417451047,0.37690713236920903,0.68,
sample_size,sample_size,ihdp,train_fraction,1.0,x_learner,22,672,75,0.18452380952380953,0.6750972270965576,1.271205810346823,0.06739788528143809,0.9552159681585553,0.0673978852814374,4.623469641373431,4.690867526654869,11.138594104593812,0.0,11.138594104593812,1.816651150022829,1.0267380444614065,1.1486091773423495,0.872109157959267,0.18452380952380953,0.013873625193160872,0.6040224336782075,0.30357142857142855,0.0,0.37962090887685424,0.18474807861552772,0.3733718584533806,0.68,
sample_size,sample_size,ihdp,train_fraction,1.0,x_learner,23,672,75,0.18452380952380953,0.6578140258789062,2.9845792052839766,0.19650814763985958,2.1059054808631457,0.19650814763985996,2.019971662565434,2.2164798102052936,16.59898628100403,0.1871115706400488,16.78609785164408,5.062771365875759,2.220867698046708,1.8047036297746515,1.2652094619866676,0.18452380952380953,0.013045008086306197,0.5695740534206457,0.29464285714285715,0.0,0.4062279255945373,0.18043539779170265,0.3958742653850422,0.64,
sample_size,sample_size,ihdp,train_fraction,1.0,x_learner,24,672,75,0.18452380952380953,0.6904833316802979,2.0439539154037902,0.3904504569418181,0.9453665089113282,0.39045045694181935,4.015211833260161,4.405662290201979,10.563873142750372,0.1442910062300662,10.708164148980439,3.925622837488777,0.47484467369745104,0.6920839732114565,0.6228995607126812,0.18452380952380953,0.015405953425030691,0.5854415196335634,0.31398809523809523,0.0,0.39904638568401224,0.18415006753825558,0.40724298221597505,0.64,
sample_size,sample_size,ihdp,train_fraction,1.0,x_learner,25,672,75,0.17857142857142858,0.6730616092681885,7.164858900370603,1.3451405615512573,4.80253193485429,1.3451405615512573,2.3657951812226976,3.710935742773955,36.13494916861689,0.3808746405238992,36.51582380914079,12.416389131656002,4.9260984849527585,4.237747580325449,2.743076909741563,0.17857142857142858,0.013645521759281732,0.5734559729128814,0.34523809523809523,0.0,0.3789855072463768,0.1943690908045554,0.4049938513041168,0.68,
sample_size,sample_size,ihdp,train_fraction,1.0,x_learner,26,672,75,0.18154761904761904,0.6830933094024658,0.853114109401478,0.1835540019290125,0.6538061109237225,0.18355400192901242,4.069120522463573,4.252674524392585,9.006432622945262,0.01226419575220028,9.018696818697462,1.2417604504162734,0.7112031606527381,0.5053399420821705,0.7722586640271734,0.18154761904761904,0.012761059669307876,0.5588221332571895,0.2857142857142857,0.0,0.3951117734724292,0.1739283739874525,0.3824062815161629,0.64,
sample_size,sample_size,ihdp,train_fraction,1.0,x_learner,27,672,75,0.18601190476190477,0.6730706691741943,29.324227084881468,1.3262389473694776,16.97575633365003,1.326238947369477,-0.6684755489869564,0.6577633983825212,81.70635119519083,1.1412584071475038,82.84760960233834,53.31810037878511,16.547754381910213,11.276085015906029,12.845102288912578,0.18601190476190477,0.016388737782577916,0.5971132113641607,0.31101190476190477,0.0,0.4133528336380256,0.18391883189618366,0.37453576081259893,0.64,
sample_size,sample_size,ihdp,train_fraction,1.0,x_learner,28,672,75,0.18898809523809523,0.6677157878875732,1.1241113452412468,0.2754005928555534,0.8734021405831138,-0.2754005928555525,3.7867168106442683,3.511316217788715,10.050583753825228,0.003909039606559972,10.054492793431788,1.5408313515457643,1.1741464812711104,0.9824331782968478,0.714377757189542,0.18898809523809523,0.015601823650282235,0.6162501837139163,0.3020833333333333,0.0,0.37058441089359245,0.18125370686711118,0.41108319496819673,0.64,
sample_size,sample_size,ihdp,train_fraction,1.0,x_learner,29,672,75,0.1875,0.6830382347106934,1.2976043433302011,0.34978517607871673,0.9979831429156689,-0.34978517607871656,5.052511980262755,4.702726804184039,11.32524262701411,0.04686500298030616,11.372107629994415,1.604971871978352,1.4723772467413299,1.2129021013142705,0.7386657116986312,0.1875,0.011679989991218618,0.5838689209700921,0.32589285714285715,0.0,0.39255189255189255,0.1859399703013082,0.40878972159479804,0.64,
sample_size,sample_size,ihdp,train_fraction,1.0,neural_rep,0,672,75,0.18303571428571427,1.4389140605926514,0.6758618860321272,0.17629533497437366,0.5581595376308608,-0.17629533497437302,4.05634575318767,3.880050418213296,6.44088717118196,0.0,6.44088717118196,0.7506050126646027,0.7033805954377769,0.5895780024060262,0.6506922606941782,0.18303571428571427,0.015537093975601997,0.5622980946615538,0.31547619047619047,0.0,0.3786485405837665,0.1840815109040787,0.37851628205057564,0.68,
sample_size,sample_size,ihdp,train_fraction,1.0,neural_rep,1,672,75,0.19196428571428573,0.7774090766906738,0.5702343301707299,0.03895519625374444,0.47987067890991236,-0.03895519625374329,4.2142477603062325,4.175292564052488,8.238802977146783,0.0,8.238802977146783,0.6456002535700796,0.4417174403034983,0.5183818040225157,0.6427987218647941,0.19196428571428573,0.014780819396271709,0.5968684185640735,0.28273809523809523,0.0,0.36866675232344,0.17594519971689987,0.38953028248571747,0.64,
sample_size,sample_size,ihdp,train_fraction,1.0,neural_rep,2,672,75,0.18154761904761904,1.0044207572937012,0.9120820558550348,0.4069791114042407,0.7108989208622893,-0.4069791114042411,4.064009157208732,3.657030045804491,7.462933979593411,0.0290861138587859,7.492020093452197,1.1537022769479892,1.0671822635991024,0.7233932549328398,0.618810151307217,0.18154761904761904,0.01554288550564484,0.5701034846394465,0.3273809523809524,0.0,0.40321907600596124,0.178924329173562,0.42111588545858597,0.64,
sample_size,sample_size,ihdp,train_fraction,1.0,neural_rep,3,672,75,0.19047619047619047,0.8663742542266846,0.9650084472446218,0.05646712148303212,0.742205826927027,0.05646712148303142,4.011240467092333,4.067707588575365,12.371627322290355,0.08764488025794748,12.459272202548302,1.2785781951842967,0.7766524980115493,0.9774091137573911,0.7172303871111343,0.19047619047619047,0.0165943188066821,0.5727596596424224,0.27827380952380953,0.0,0.36672794117647056,0.17660289427310588,0.3762902074312649,0.68,
sample_size,sample_size,ihdp,train_fraction,1.0,neural_rep,4,672,75,0.18601190476190477,2.5543107986450195,0.9347066813995373,0.08896230567888708,0.7117759627906188,-0.08896230567888636,4.163696052943034,4.074733747264147,11.363228541504762,0.018794272145875368,11.382022813650638,1.1306159588293627,1.039508916820508,0.6750713280065106,0.8312661297656547,0.18601190476190477,0.014909819501311839,0.5517940105889383,0.30952380952380953,0.0,0.39072760511883,0.17852572689103735,0.37453576081259893,0.68,
sample_size,sample_size,ihdp,train_fraction,1.0,neural_rep,5,672,75,0.19345238095238096,0.6701364517211914,0.760409276913311,0.21792146544458602,0.5663782813800692,0.2179214654445866,3.9331437410854035,4.15106520652999,6.383491605800797,0.0,6.383491605800797,1.2046524979500326,0.6357053369571298,0.4642910226363776,0.48254615691422664,0.19345238095238096,0.016859497504150667,0.5992615257193149,0.27976190476190477,0.0,0.3971898949758728,0.17606695196495736,0.40839385268331657,0.64,
sample_size,sample_size,ihdp,train_fraction,1.0,neural_rep,6,672,75,0.18452380952380953,0.7042815685272217,0.6939038510864896,0.24810177691073765,0.5568134178787243,-0.24810177691073743,4.016693170673207,3.7685913937624695,5.467977141813069,0.0,5.467977141813069,0.6855525761365384,0.773445840240748,0.47723259529642154,0.7976223470827937,0.18452380952380953,0.0122836648095902,0.5601753357873364,0.2916666666666667,0.0,0.3874499646809513,0.1707833552677563,0.40026893257586565,0.64,
sample_size,sample_size,ihdp,train_fraction,1.0,neural_rep,7,672,75,0.18898809523809523,1.0080029964447021,1.0196732409946379,0.16799061523047554,0.7647784505763966,-0.1679906152304751,3.5578866081987015,3.389895992968226,8.417903384873618,0.09485792087993694,8.512761305753555,1.6141019057559232,0.6975678515788627,0.7325412671340142,0.7828097121895486,0.18898809523809523,0.013495985011059728,0.5932627568172648,0.3020833333333333,0.0,0.4084230296900961,0.18544552237956252,0.43473334556619453,0.68,
sample_size,sample_size,ihdp,train_fraction,1.0,neural_rep,8,672,75,0.19345238095238096,1.9430768489837646,12.058513578614642,0.13025932777781257,4.366412713916196,0.13025932777781388,10.668346257956449,10.798605585734261,57.91398348153371,0.14733261122768226,58.061316092761395,23.350041495997708,2.9490312855243728,3.2537532324680267,3.1508017251996008,0.19345238095238096,0.01480705591124428,0.6894771163752703,0.3020833333333333,0.0,0.40607436843599204,0.1824866843491901,0.3560993634276682,0.64,
sample_size,sample_size,ihdp,train_fraction,1.0,neural_rep,9,672,75,0.1800595238095238,2.0903444290161133,1.134912558048335,0.07018380886851983,0.8210389845276003,0.07018380886851912,5.304671650267495,5.374855459136015,26.570174945456724,0.017925910085473618,26.588100855542198,1.808526726087301,0.9687430823750282,0.7882092200578721,0.6526523330650071,0.1800595238095238,0.015356333100467318,0.614268559303028,0.3273809523809524,0.0,0.36747611405258657,0.1805341423846863,0.3874702659193068,0.68,
sample_size,sample_size,ihdp,train_fraction,1.0,neural_rep,10,672,75,0.18601190476190477,2.3154137134552,0.8275309678709464,0.015707411617707834,0.6709146453543887,0.01570741161770802,4.335689215411743,4.351396627029451,8.590293827155552,0.008653740921177544,8.59894756807673,0.8653379745621251,0.8630546953097433,0.793086696708433,0.7872300314389176,0.18601190476190477,0.015471563899278569,0.580730954614321,0.28422619047619047,0.0,0.38249360146252287,0.1757904914173024,0.36082088623975367,0.64,
sample_size,sample_size,ihdp,train_fraction,1.0,neural_rep,11,672,75,0.1875,1.5116868019104004,0.809991556476242,0.22071646542569923,0.5993503929498657,-0.22071646542569828,4.390080635994342,4.169364170568643,13.546475349763721,0.004446227031381866,13.550921576795103,1.1312255951109789,0.6220446643214385,0.7786894597809622,0.5806991314224766,0.1875,0.01741262031357248,0.6618507329651547,0.30952380952380953,0.0,0.38400488400488403,0.18346590456712608,0.40355290335897287,0.6,
sample_size,sample_size,ihdp,train_fraction,1.0,neural_rep,12,672,75,0.18303571428571427,2.1871321201324463,5.818846599049498,0.4945841522050891,3.669142576772178,0.49458415220508906,8.167656931020298,8.662241083225387,84.59432258108659,0.09665369079250752,84.6909762718791,10.187279750656776,4.307444807440851,2.5433335444215524,2.4139360346739442,0.18303571428571427,0.016671550331679295,0.578495639764899,0.3288690476190476,0.0,0.38144742103158735,0.17752235681875578,0.375524745742867,0.64,
sample_size,sample_size,ihdp,train_fraction,1.0,neural_rep,13,672,75,0.18303571428571427,1.400724172592163,0.8904073414386081,0.09421600920161577,0.6907352332921979,0.09421600920161591,3.9256817327171536,4.019897741918769,6.247837970016093,0.0,6.247837970016093,0.6623052453728512,0.4807038101985883,0.9593221612864122,1.1439896983001925,0.18303571428571427,0.014032908181168827,0.61156006145801,0.36160714285714285,0.0,0.4250299880047981,0.18868005232949286,0.42812996619243,0.6,
sample_size,sample_size,ihdp,train_fraction,1.0,neural_rep,14,672,75,0.19047619047619047,0.7923150062561035,0.9655571560271418,0.04748703735070414,0.7106030592228707,0.04748703735070246,3.9636861517499717,4.011173189100676,10.497981363786467,0.05075833055655998,10.548739694343027,1.380085068305864,0.776257741926753,0.6971372321691284,0.8477248167552652,0.19047619047619047,0.01283987166930908,0.5913113117625519,0.30952380952380953,0.0,0.4094669117647059,0.1893381854682727,0.4032651071445681,0.64,
sample_size,sample_size,ihdp,train_fraction,1.0,neural_rep,15,672,75,0.19345238095238096,0.990041971206665,0.8777063581293587,0.018120489621735736,0.6890688573571291,0.018120489621734473,4.488906434591061,4.507026924212797,8.900826912840778,0.0129099120055578,8.913736824846335,1.103058267248583,0.8433539862381358,0.7432919042456847,0.7732371897724006,0.19345238095238096,0.013771473535222034,0.5823490563892421,0.29017857142857145,0.0,0.41038887311950045,0.18737543530427606,0.38365521215114984,0.68,
sample_size,sample_size,ihdp,train_fraction,1.0,neural_rep,16,672,75,0.18452380952380953,1.7243235111236572,1.1320499238268937,0.09170440406964087,0.8686200901976016,0.09170440406964225,3.8251275537781826,3.9168319578478235,14.735357940804043,0.0,14.735357940804043,1.105228254586975,0.8253308472417727,1.1581667808819613,1.3603305164348773,0.18452380952380953,0.01643692499010905,0.5842100480842497,0.31994047619047616,0.0,0.37673651989639745,0.18297148387238008,0.40866248569475044,0.64,
sample_size,sample_size,ihdp,train_fraction,1.0,neural_rep,17,672,75,0.19047619047619047,1.2210090160369873,0.8956689083727458,0.16648662206689346,0.6738811409712588,-0.1664866220668921,3.7452895448900776,3.578802922823184,12.465171181160827,0.08677854908392568,12.551949730244752,1.2125166543145243,0.8441482181120642,0.8198108477598006,0.5910167356064052,0.19047619047619047,0.013476380342139428,0.5887260388472878,0.2931547619047619,0.0,0.39016544117647056,0.17703394042223594,0.39867588841528373,0.64,
sample_size,sample_size,ihdp,train_fraction,1.0,neural_rep,18,672,75,0.19196428571428573,1.139012098312378,1.0564099387271348,0.2030178480453575,0.7229237689701772,-0.20301784804535725,3.9330175940637546,3.729999746018397,11.190492341183612,0.07890427234895903,11.269396613532571,1.5655707302491484,0.8829205364985282,0.5046188627843794,0.9803566621794357,0.19196428571428573,0.010555947128387845,0.6221962742786185,0.3229166666666667,0.0,0.4100389738318558,0.19747708740398498,0.4434779232077364,0.68,
sample_size,sample_size,ihdp,train_fraction,1.0,neural_rep,19,672,75,0.1800595238095238,1.1362991333007812,0.8498455911385238,0.3069348506299785,0.6543553273597931,-0.3069348506299785,4.182856218826348,3.87592136819637,7.383558221117317,0.029765237765394303,7.4133234588827115,0.8973428971112996,0.9011428132637811,0.8626313105367244,0.7295629547814719,0.1800595238095238,0.013806755208880923,0.5773035454954967,0.3125,0.0,0.3819951703139296,0.1801313019120182,0.41654759417115234,0.64,
sample_size,sample_size,ihdp,train_fraction,1.0,neural_rep,20,672,75,0.18303571428571427,2.161219596862793,1.4238451857945462,0.37905510232717443,1.0878831053690547,-0.37905510232717604,4.722805469184018,4.343750366856844,20.349676284523934,0.08100000453664435,20.430676289060578,1.9459181609213818,1.240985376581129,1.1045623490572352,1.2397553839382562,0.18303571428571427,0.017580336562783787,0.5613705514801535,0.2961309523809524,0.0,0.38104758096761293,0.16879439172196012,0.3655902985857423,0.64,
sample_size,sample_size,ihdp,train_fraction,1.0,neural_rep,21,672,75,0.1800595238095238,0.9786829948425293,0.8180021501880197,0.1274781681249051,0.6481106022923523,-0.12747816812490462,4.107409742058923,3.979931573934018,7.261635277895863,0.01495678583826443,7.276592063734127,0.7825579907720681,0.8711096508413475,0.7476801487648437,0.8665891316392305,0.1800595238095238,0.013549389161361159,0.5467422714251008,0.34077380952380953,0.0,0.40477868938518996,0.1803477417451047,0.37690713236920903,0.68,
sample_size,sample_size,ihdp,train_fraction,1.0,neural_rep,22,672,75,0.18452380952380953,1.9127860069274902,0.9177415115768931,0.026205441607732638,0.7156515595189992,-0.026205441607732815,4.623469641373431,4.597264199765698,11.119140454973726,0.01945364962008611,11.138594104593812,0.9753704493162253,1.2435741028397653,0.5912478653923663,0.747438565893511,0.18452380952380953,0.013873625193160872,0.6040224336782075,0.30357142857142855,0.0,0.37962090887685424,0.18474807861552772,0.3733718584533806,0.68,
sample_size,sample_size,ihdp,train_fraction,1.0,neural_rep,23,672,75,0.18452380952380953,1.6179370880126953,1.6819264956079099,0.11529215741871623,1.117831989655408,-0.11529215741871608,2.019971662565434,1.9046795051467178,16.759838971896134,0.02625887974794594,16.78609785164408,2.977516075426879,1.0288662488120242,0.7436412182249337,0.8632280612112748,0.18452380952380953,0.013045008086306197,0.5695740534206457,0.29464285714285715,0.0,0.4062279255945373,0.18043539779170265,0.3958742653850422,0.64,
sample_size,sample_size,ihdp,train_fraction,1.0,neural_rep,24,672,75,0.18452380952380953,1.1625134944915771,1.2312908128943476,0.20822953698168867,0.7572025180712666,0.20822953698168883,4.015211833260161,4.22344137024185,10.654030352160747,0.05413379681969133,10.708164148980439,2.2199521598611476,0.750881289120613,0.49939193581384056,0.5222901544157348,0.18452380952380953,0.015405953425030691,0.5854415196335634,0.31398809523809523,0.0,0.39904638568401224,0.18415006753825558,0.40724298221597505,0.64,
sample_size,sample_size,ihdp,train_fraction,1.0,neural_rep,25,672,75,0.17857142857142858,2.2490856647491455,3.4312842051391703,0.7118711609685335,2.3545145755245573,-0.7118711609685332,2.3657951812226976,1.653924020254164,36.4128353673215,0.10298844181929212,36.51582380914079,4.789451166722424,4.5453327802430366,1.5957782575491437,1.190439590369433,0.17857142857142858,0.013645521759281732,0.5734559729128814,0.34523809523809523,0.0,0.3789855072463768,0.1943690908045554,0.4049938513041168,0.68,
sample_size,sample_size,ihdp,train_fraction,1.0,neural_rep,26,672,75,0.18154761904761904,0.8338222503662109,0.7096983552341549,0.17983087428349087,0.5688545565252746,-0.1798308742834904,4.069120522463573,3.889289648180082,9.018696818697462,0.0,9.018696818697462,0.8171046915810293,0.7765829079791456,0.5909296590564173,0.6324398279307992,0.18154761904761904,0.012761059669307876,0.5588221332571895,0.2857142857142857,0.0,0.3951117734724292,0.1739283739874525,0.3824062815161629,0.64,
sample_size,sample_size,ihdp,train_fraction,1.0,neural_rep,27,672,75,0.18601190476190477,2.973233461380005,14.427959080907977,1.3282585383986194,6.652558597346519,1.3282585383986194,-0.6684755489869564,0.6597829894116631,82.44900470703514,0.398604895303194,82.84760960233834,27.596331932241295,5.447710073895098,3.5578957813627956,4.401838255574731,0.18601190476190477,0.016388737782577916,0.5971132113641607,0.31101190476190477,0.0,0.4133528336380256,0.18391883189618366,0.37453576081259893,0.64,
sample_size,sample_size,ihdp,train_fraction,1.0,neural_rep,28,672,75,0.18898809523809523,2.5554184913635254,0.9844908129347437,0.170998371603154,0.7274303441065727,-0.170998371603153,3.7867168106442683,3.6157184390411143,10.04054348664322,0.013949306788568094,10.054492793431788,1.4007066493107845,1.057189856817523,0.7346203773787394,0.6274759494225268,0.18898809523809523,0.015601823650282235,0.6162501837139163,0.3020833333333333,0.0,0.37058441089359245,0.18125370686711118,0.41108319496819673,0.64,
sample_size,sample_size,ihdp,train_fraction,1.0,neural_rep,29,672,75,0.1875,1.5613737106323242,0.777212129807327,0.33962846742507047,0.6438257342151416,-0.3396284674250711,5.052511980262755,4.712883512837685,11.356585719306167,0.015521910688248042,11.372107629994415,0.9357502911579025,0.5943549873895526,0.7084279616922021,0.8199256668319383,0.1875,0.011679989991218618,0.5838689209700921,0.32589285714285715,0.0,0.39255189255189255,0.1859399703013082,0.40878972159479804,0.64,
