experiment,config_name,dataset,condition,condition_value,model,seed,n_train,n_test,treated_fraction_train,fit_seconds,pehe,abs_ate_error,cate_mae,cate_bias,ate_true,ate_hat,policy_value,policy_regret,optimal_policy_value,pehe_tau_q1,pehe_tau_q2,pehe_tau_q3,pehe_tau_q4,diag_treated_fraction,diag_ps_min,diag_ps_max,diag_ps_frac_below_0.1,diag_ps_frac_above_0.9,diag_ps_ks_treated_vs_control,diag_smd_mean,diag_smd_max,diag_smd_frac_above_0.1,diag_true_ps_min,diag_true_ps_max,error
sample_size,sample_size_synthetic,synthetic,train_fraction,0.25,s_learner,0,2000,2000,0.4965,1.8922276496887207,0.5341900710590886,0.33183030807868097,0.4036042989234337,-0.3318303080786809,0.9761767889127134,0.6443464808340325,0.9140306402861531,0.008535206173789,0.9225658464599421,0.2400074896835598,0.32690990356782407,0.4444717392830069,0.8828404844003627,0.4965,0.01591670570181314,0.95923024009924,0.017,0.0155,0.3518272395347372,0.10823195210634422,0.508270944517729,0.2,0.01751464613977833,0.9618833171064568,
sample_size,sample_size_synthetic,synthetic,train_fraction,0.25,s_learner,1,2000,2000,0.5055,1.873784065246582,0.5522823480059043,0.36875839385385667,0.4183896309668387,-0.3687583938538566,0.9952623742528588,0.6265039803990021,0.976534116013704,0.01096547083045607,0.9874995868441601,0.2512822988103959,0.3300200690451447,0.43744452899465464,0.9255535706053457,0.5055,0.0406199880839183,0.9631609820827582,0.0095,0.01,0.351109484247594,0.09548972103644858,0.5286198822790243,0.2,0.04234546613902313,0.9632777834711028,
sample_size,sample_size_synthetic,synthetic,train_fraction,0.25,s_learner,2,2000,2000,0.494,1.8433828353881836,0.49599587515410204,0.3166978842532535,0.3682641881945042,-0.3166978842532534,1.0092771305266088,0.6925792462733553,1.0409454706098535,0.005469000959200443,1.046414471569054,0.22701601859812134,0.33913099363102694,0.36241055441773407,0.8283478250015839,0.494,0.024693553509569376,0.9816975522694102,0.016,0.017,0.37739434478564915,0.11160235344306005,0.5556973330038625,0.25,0.028493854809535837,0.9793669573259696,
sample_size,sample_size_synthetic,synthetic,train_fraction,0.25,s_learner,3,2000,2000,0.5025,1.8628180027008057,0.5230805963268111,0.28784652209025985,0.3656828124968032,-0.28784652209025996,1.0015045942012186,0.7136580721109588,1.0192990208842991,0.003182121108725733,1.0224811419930249,0.21352867794948813,0.28921064582867534,0.3704429936407951,0.9099384240207683,0.5025,0.026927799794770425,0.981832123983284,0.0225,0.0225,0.3783544588614715,0.1078966977974429,0.5600351045142129,0.2,0.029809311630449413,0.9773516795517425,
sample_size,sample_size_synthetic,synthetic,train_fraction,0.25,s_learner,4,2000,2000,0.499,1.8017542362213135,0.5296314238743541,0.33322535636225314,0.3882619991018457,-0.33322535636225303,1.0237232477201006,0.6904978913578474,1.0309867871452905,0.005535989125274421,1.0365227762705649,0.22147224846973082,0.32083428194449914,0.4305755717057306,0.88580915797812,0.499,0.019130738827137093,0.9411522446963847,0.016,0.009,0.34628938515754065,0.09799965685468424,0.5164277780175097,0.2,0.017193404491357145,0.9507078527340893,
sample_size,sample_size_synthetic,synthetic,train_fraction,0.25,s_learner,5,2000,2000,0.496,1.8480677604675293,0.5043163730618283,0.2463877381780447,0.35745677690392647,-0.2463877381780447,0.9979068192407434,0.7515190810626987,0.9707024900845738,0.004653101995107045,0.9753555920796808,0.25330757172622276,0.3132073234706118,0.3600406318103773,0.8517318865870135,0.496,0.03722905871351405,0.9540930075730065,0.0145,0.01,0.3422459037378392,0.09953645430623613,0.5593370571313186,0.15,0.030600398478788298,0.9568237030334104,
sample_size,sample_size_synthetic,synthetic,train_fraction,0.25,s_learner,6,2000,2000,0.5075,1.7980244159698486,0.42988422041085883,0.280125393177201,0.3305173449695639,-0.280125393177201,0.972925580160135,0.692800186982934,0.9371101147933975,0.002458445734681236,0.9395685605280787,0.19316522175511194,0.33029729736968594,0.3906013711543827,0.6634932050442591,0.5075,0.030657162484477557,0.9748245198802215,0.0155,0.0155,0.364682053462029,0.11457046286590258,0.5670882294756497,0.15,0.02281681048745643,0.9758864729507553,
sample_size,sample_size_synthetic,synthetic,train_fraction,0.25,s_learner,7,2000,2000,0.4835,1.810537338256836,0.6293225300921129,0.4145906075851147,0.4665997904920328,-0.41459060758511473,1.009776751687524,0.5951861441024093,0.9262489893880824,0.009020041810798851,0.9352690311988813,0.22689591495234787,0.3443330516672934,0.497145880366252,1.0802714262945419,0.4835,0.03139338842175968,0.9638621988536242,0.0105,0.0065,0.3205170430598922,0.08884710317179234,0.5440505968094766,0.15,0.026400303748895845,0.9722988721459459,
sample_size,sample_size_synthetic,synthetic,train_fraction,0.25,s_learner,8,2000,2000,0.499,1.8553826808929443,0.5855425153952755,0.3641857411456544,0.4204591038593408,-0.36418574114565444,1.0128692173154303,0.648683476169776,1.0506368406284603,0.00489175394510033,1.0555285945735606,0.22858739905928838,0.27435128375713685,0.41457420367961606,1.0353972923845407,0.499,0.032824552259583084,0.9580947139351639,0.01,0.012,0.37282749130996523,0.10176526880037833,0.5657267084082762,0.2,0.027639494982361488,0.9565792177533562,
sample_size,sample_size_synthetic,synthetic,train_fraction,0.25,s_learner,9,2000,2000,0.5115,1.8300514221191406,0.628905812877932,0.4368678995623917,0.4902341610821919,-0.4368678995623918,0.9977204602086691,0.5608525606462774,0.9837950258494816,0.010218572000170734,0.9940135978496524,0.2418156588967188,0.3645260700856462,0.5249818740923278,1.055997182335908,0.5115,0.036060637870939355,0.9733996825006689,0.023,0.026,0.4012582656225143,0.11030095933429913,0.5738401064711371,0.2,0.03776705813055328,0.9536878646495706,
sample_size,sample_size_synthetic,synthetic,train_fraction,0.25,s_learner,10,2000,2000,0.4865,1.8420448303222656,0.5232096860965825,0.3037728500772252,0.37030305035456035,-0.30377285007722504,1.008078342158642,0.7043054920814167,1.0081165540904997,0.008419761542218795,1.0165363156327185,0.23834832306177844,0.328335909989633,0.3678705695755683,0.8916559614818947,0.4865,0.03849969237007241,0.961612553742974,0.027,0.0175,0.38463740066508484,0.10848577550945444,0.5898993843692801,0.2,0.053250491779122416,0.9535852254101648,
sample_size,sample_size_synthetic,synthetic,train_fraction,0.25,s_learner,11,2000,2000,0.52,1.815549612045288,0.5616741359726224,0.37668830818984267,0.4282954831897673,-0.3766883081898426,0.9978978781676284,0.6212095699777858,0.9589700721194996,0.005007399831555626,0.9639774719510552,0.21528886155533702,0.31026253941639315,0.4597034667520693,0.9528756085993569,0.52,0.0501608437116863,0.9624624681424289,0.0095,0.0185,0.36322115384615383,0.10479773635795989,0.5967775654217243,0.2,0.041054010727032623,0.9559342792376353,
sample_size,sample_size_synthetic,synthetic,train_fraction,0.25,s_learner,12,2000,2000,0.5285,1.8593549728393555,0.5800085795249199,0.3733071157251059,0.4239647854797279,-0.3733071157251057,1.0092853693263442,0.6359782536012383,0.9306722546788239,0.00651425780231929,0.9371865124811432,0.21842173533120146,0.28400879887836467,0.4485483086811569,1.008005541534326,0.5285,0.029845820827125467,0.96933663186085,0.013,0.03,0.3685183160087123,0.1082496075079001,0.569228965303578,0.2,0.028735521560314694,0.9704926166701952,
sample_size,sample_size_synthetic,synthetic,train_fraction,0.25,s_learner,13,2000,2000,0.494,2.0066847801208496,0.49549086155015176,0.26355997737851955,0.354257597738604,-0.26355997737851955,0.9893875482172994,0.7258275708387798,1.0245124619908095,0.00348812885055505,1.0280005908413645,0.22075277158349255,0.30213272605657926,0.39334562120369865,0.8290404257227445,0.494,0.04816760755242894,0.9824308084944626,0.0165,0.011,0.3543030196348274,0.10349786377090146,0.5439130865660293,0.2,0.04760065589456894,0.9794365695399461,
sample_size,sample_size_synthetic,synthetic,train_fraction,0.25,s_learner,14,2000,2000,0.4945,1.8638534545898438,0.5416076230217038,0.31066811697974883,0.3839700312823043,-0.31066811697974905,1.0242686503744984,0.7136005333947496,1.0764917942893848,0.008413434131829378,1.0849052284212142,0.22566208946896074,0.2701144385102029,0.37963329186052513,0.9514981053353928,0.4945,0.03727269412349288,0.9577006596873354,0.0175,0.008,0.3542298618132794,0.10105073375039857,0.5837163212195253,0.15,0.03572927027733474,0.9664973002302226,
sample_size,sample_size_synthetic,synthetic,train_fraction,0.25,s_learner,15,2000,2000,0.5075,1.795705795288086,0.5983087949066349,0.42605440856814536,0.4652210601296356,-0.42605440856814547,0.994233348418107,0.5681789398499616,1.023904390477498,0.0077270832618496765,1.0316314737393477,0.23370613922786096,0.3560727042844404,0.5055482096854413,0.9974509179328761,0.5075,0.024554043155392842,0.9668646751298664,0.0225,0.0295,0.40830186792028206,0.11791062379721066,0.6103050067015533,0.25,0.027938846745364655,0.9563062345506727,
sample_size,sample_size_synthetic,synthetic,train_fraction,0.25,s_learner,16,2000,2000,0.503,1.8042538166046143,0.5721850475691872,0.3808628389218064,0.4247190559414926,-0.3808628389218064,1.0016643811772643,0.6208015422554579,1.0673600012791133,0.0029309137896220694,1.0702909150687354,0.19738866113074754,0.30124797770494643,0.4618042613217596,0.9831617930217624,0.503,0.034928558223871885,0.9637551585815172,0.0195,0.0175,0.3621330367893244,0.11295188245626923,0.5961536362457674,0.25,0.033380006533432705,0.9648084027810745,
sample_size,sample_size_synthetic,synthetic,train_fraction,0.25,s_learner,17,2000,2000,0.4895,1.8133900165557861,0.480697000612785,0.2860896448407132,0.34266999907093354,-0.28608964484071303,0.9937781601215252,0.707688515280812,1.0092146588229305,0.006191878800717587,1.015406537623648,0.19694313571700975,0.29500462617595175,0.410303023196791,0.7937981648862784,0.4895,0.02123531481661722,0.958241695476812,0.009,0.0125,0.3399189042367684,0.10094750185121577,0.5088689644260258,0.2,0.02378960745812621,0.9630674700219298,
sample_size,sample_size_synthetic,synthetic,train_fraction,0.25,s_learner,18,2000,2000,0.4895,1.8134334087371826,0.6103826219102375,0.4207294191130566,0.4470140143382415,-0.42072941911305634,1.0237966091927893,0.6030671900797326,1.0965337851675725,0.00451868752224005,1.1010524726898125,0.2379377803720458,0.37013739401945883,0.4638737475745742,1.0399388679395016,0.4895,0.033534571819822015,0.9515618371995912,0.016,0.0095,0.3624198271437704,0.09995850488872349,0.5950668112184472,0.15,0.04159316840717809,0.9563506358858841,
sample_size,sample_size_synthetic,synthetic,train_fraction,0.25,s_learner,19,2000,2000,0.5015,1.8133354187011719,0.6898434077491016,0.5063687831876715,0.541145349223904,-0.5063687831876716,0.9799029946616354,0.47353421147396385,0.976645772557848,0.0062188814504271495,0.9828646540082752,0.22457487919887148,0.38586366850306963,0.5870383235068314,1.1660176107400897,0.5015,0.03017792659805793,0.9737779700719927,0.0085,0.014,0.3510271592444332,0.09928656618222072,0.606531320530022,0.2,0.030431298555466724,0.9764727000484601,
sample_size,sample_size_synthetic,synthetic,train_fraction,0.25,s_learner,20,2000,2000,0.51,1.8164794445037842,0.5216460147028863,0.36815797440026676,0.3893163824403629,-0.36815797440026676,0.9959894759218607,0.627831501521594,0.9764380608573685,0.0054435991691415,0.98188166002651,0.22497592769925454,0.31411163099256884,0.3957297154676191,0.8846332382115092,0.51,0.03576530070054632,0.976514129834229,0.0135,0.026,0.3542016806722689,0.10379473259104752,0.5332426971232638,0.2,0.05158252727174379,0.9794471325460131,
sample_size,sample_size_synthetic,synthetic,train_fraction,0.25,s_learner,21,2000,2000,0.5125,1.8973827362060547,0.5686239777929631,0.38074289789046833,0.4255065854657804,-0.3807428978904684,1.0207415090390914,0.6399986111486231,0.9418801190294785,0.004179258482501336,0.9460593775119799,0.22028578235987303,0.27613885214157385,0.44328188194211426,0.9859287976594756,0.5125,0.018768491882539956,0.9855320560426142,0.019,0.03,0.37603502188868043,0.10784708443029359,0.5895086830898468,0.2,0.029937229230678607,0.9759708490075967,
sample_size,sample_size_synthetic,synthetic,train_fraction,0.25,s_learner,22,2000,2000,0.4985,1.8336305618286133,0.5540415709584494,0.38751547232772554,0.4374915336335859,-0.3875154723277256,0.9845333051330328,0.5970178328053073,0.9734525013148144,0.01590949147884968,0.9893619927936641,0.27960909387009114,0.40451579179778585,0.45538942364397667,0.8824139907350685,0.4985,0.032712283945474395,0.9743922549170814,0.0205,0.021,0.37217434956914613,0.10939903257415717,0.6505647365526702,0.2,0.03711008186248405,0.961840443511701,
sample_size,sample_size_synthetic,synthetic,train_fraction,0.25,s_learner,23,2000,2000,0.4935,1.872462511062622,0.5541480522781844,0.36461994861283886,0.433747319281081,-0.3646199486128388,0.9858277156315673,0.6212077670187285,1.0329516270181196,0.008382481213377035,1.0413341082314966,0.26103360120746544,0.36490237918283336,0.4566188723414426,0.9047249159295992,0.4935,0.01701929402380744,0.9720381547018612,0.0245,0.0195,0.3930154196059134,0.1149408008895059,0.5952055821523985,0.2,0.025464782350892595,0.9732012578498234,
sample_size,sample_size_synthetic,synthetic,train_fraction,0.25,s_learner,24,2000,2000,0.496,1.827023983001709,0.5715731735035883,0.39217216585488845,0.4242606606902117,-0.39217216585488845,0.9898141538456205,0.5976419879907321,0.9632904163331689,0.00517310212850608,0.968463518461675,0.20461506168930066,0.35029721656255924,0.431341867907046,0.9778304046534447,0.496,0.026164624232743638,0.9567848061705889,0.0135,0.012,0.33294930875576034,0.1003269325105032,0.5909512440034095,0.15,0.02758203197606996,0.9550799228004615,
sample_size,sample_size_synthetic,synthetic,train_fraction,0.25,s_learner,25,2000,2000,0.504,1.7986948490142822,0.44998590687517864,0.2382225854940011,0.32176048913616173,-0.23822258549400105,0.9607481280307981,0.722525542536797,0.9331179907767798,0.004395665535699811,0.9375136563124796,0.21886322835970998,0.32730667553326925,0.36821539936651804,0.7206496462482916,0.504,0.03856693325059286,0.9641842068394262,0.0085,0.0115,0.3487583205325141,0.09893412770925343,0.5202485427934856,0.25,0.03610686142694259,0.9675554285452258,
sample_size,sample_size_synthetic,synthetic,train_fraction,0.25,s_learner,26,2000,2000,0.491,1.905900239944458,0.5510082996427607,0.35726028906072926,0.40003851710819727,-0.35726028906072943,0.9984765979427137,0.6412163088819844,0.972571342138544,0.010159732172425051,0.9827310743109691,0.2135321153962943,0.2934088339932001,0.43360620803393024,0.9459077826534653,0.491,0.03466509147211634,0.9595701754811725,0.015,0.0145,0.359880601314826,0.10464469080852301,0.563549040232688,0.2,0.04076665408070105,0.9444886030341868,
sample_size,sample_size_synthetic,synthetic,train_fraction,0.25,s_learner,27,2000,2000,0.5085,1.8877239227294922,0.5477231513410536,0.36323268089227656,0.41042501940683257,-0.36323268089227645,0.9886827328665322,0.6254500519742556,1.0190243336800375,0.0037549902610265473,1.022779323941064,0.22586395055378405,0.42120179332720165,0.43638639995103634,0.8838235328027084,0.5085,0.02108513286728365,0.9562950293340537,0.0065,0.006,0.3570041742063456,0.09707209024115762,0.5402064394712853,0.2,0.017249130780206557,0.9663534373404334,
sample_size,sample_size_synthetic,synthetic,train_fraction,0.25,s_learner,28,2000,2000,0.509,1.8375270366668701,0.5407023108906764,0.32200052201072893,0.3857573490808081,-0.32200052201072876,0.9834043175144798,0.6614037955037508,1.0195674833467627,0.00928809302154221,1.028855576368305,0.22404244842868964,0.3047055272660238,0.4099717649556967,0.9264548725678949,0.509,0.03132201872693164,0.9672381017918751,0.0205,0.024,0.39320739919733994,0.09994920056678376,0.556811315709598,0.15,0.037856738973889574,0.9600388274173254,
sample_size,sample_size_synthetic,synthetic,train_fraction,0.25,s_learner,29,2000,2000,0.513,1.961029052734375,0.5263317823717115,0.311109159128674,0.3800969965615618,-0.31110915912867393,1.0023774149168188,0.6912682557881448,0.9998293049181216,0.005426041133966497,1.005255346052088,0.2192333753630656,0.35198021038962646,0.41648385298382307,0.8733203532284539,0.513,0.0257536118229399,0.9587381764727289,0.013,0.022,0.3727439749270507,0.10481100763530335,0.5894195525350246,0.15,0.023295257224870768,0.9589758253462818,
sample_size,sample_size_synthetic,synthetic,train_fraction,0.25,t_learner,0,2000,2000,0.4965,1.869199514389038,0.9067411300036484,0.042956050042406546,0.7232183493764875,-0.04295605004240652,0.9761767889127134,0.9332207388703069,0.8092356270623007,0.11333021939764143,0.9225658464599421,0.8305069237534644,0.8737551158460515,0.9032247327694668,1.009808514821057,0.4965,0.01591670570181314,0.95923024009924,0.017,0.0155,0.3518272395347372,0.10823195210634422,0.508270944517729,0.2,0.01751464613977833,0.9618833171064568,
sample_size,sample_size_synthetic,synthetic,train_fraction,0.25,t_learner,1,2000,2000,0.5055,1.7998735904693604,0.9340618531439996,0.13546344883890937,0.743172498063699,-0.1354634488389093,0.9952623742528588,0.8597989254139494,0.8582763284415403,0.12922325840261972,0.9874995868441601,0.9480357041881828,0.8390125327308806,0.9127864650241568,1.026641770418895,0.5055,0.0406199880839183,0.9631609820827582,0.0095,0.01,0.351109484247594,0.09548972103644858,0.5286198822790243,0.2,0.04234546613902313,0.9632777834711028,
sample_size,sample_size_synthetic,synthetic,train_fraction,0.25,t_learner,2,2000,2000,0.494,1.8752617835998535,0.9521478779764204,0.11337708218196951,0.7495448258913884,-0.11337708218196943,1.0092771305266088,0.8959000483446393,0.9105977001702934,0.13581677139876058,1.046414471569054,0.8585435206455555,0.8858962879789508,0.9478044846913842,1.0982257395642994,0.494,0.024693553509569376,0.9816975522694102,0.016,0.017,0.37739434478564915,0.11160235344306005,0.5556973330038625,0.25,0.028493854809535837,0.9793669573259696,
sample_size,sample_size_synthetic,synthetic,train_fraction,0.25,t_learner,3,2000,2000,0.5025,1.845306396484375,0.8824373124982701,0.03248009887354952,0.7029484189647802,-0.03248009887354961,1.0015045942012186,0.9690244953276691,0.9276681688014241,0.09481297319160076,1.0224811419930249,0.8771574826353692,0.8042059383222626,0.8952703492851163,0.9471647180251042,0.5025,0.026927799794770425,0.981832123983284,0.0225,0.0225,0.3783544588614715,0.1078966977974429,0.5600351045142129,0.2,0.029809311630449413,0.9773516795517425,
sample_size,sample_size_synthetic,synthetic,train_fraction,0.25,t_learner,4,2000,2000,0.499,1.8445990085601807,0.9035507357415795,0.08442574381261636,0.7121703136077395,-0.08442574381261618,1.0237232477201006,0.9392975039074842,0.9257329353591479,0.11078984091141697,1.0365227762705649,0.8330378908765519,0.8635704925349761,0.8773711823500269,1.027681571988697,0.499,0.019130738827137093,0.9411522446963847,0.016,0.009,0.34628938515754065,0.09799965685468424,0.5164277780175097,0.2,0.017193404491357145,0.9507078527340893,
sample_size,sample_size_synthetic,synthetic,train_fraction,0.25,t_learner,5,2000,2000,0.496,1.8850152492523193,0.9316341076882844,0.00831046727484619,0.7309138472839376,0.00831046727484604,0.9979068192407434,1.0062172865155896,0.8755852566757161,0.09977033540396474,0.9753555920796808,0.9424870060551179,0.8865700145058767,0.8311190703890966,1.0520082633061667,0.496,0.03722905871351405,0.9540930075730065,0.0145,0.01,0.3422459037378392,0.09953645430623613,0.5593370571313186,0.15,0.030600398478788298,0.9568237030334104,
sample_size,sample_size_synthetic,synthetic,train_fraction,0.25,t_learner,6,2000,2000,0.5075,1.8105669021606445,0.8916683783307608,0.031735124320782404,0.7034391821727913,-0.03173512432078229,0.972925580160135,0.9411904558393526,0.8358266968275823,0.10374186370049643,0.9395685605280787,0.889373527471383,0.7715814267870775,0.8825156596497529,1.007538053178799,0.5075,0.030657162484477557,0.9748245198802215,0.0155,0.0155,0.364682053462029,0.11457046286590258,0.5670882294756497,0.15,0.02281681048745643,0.9758864729507553,
sample_size,sample_size_synthetic,synthetic,train_fraction,0.25,t_learner,7,2000,2000,0.4835,1.8378715515136719,0.9361451350621788,0.18345825847381791,0.732412333030257,-0.18345825847381794,1.009776751687524,0.8263184932137061,0.8034197843744221,0.1318492468244592,0.9352690311988813,0.8912055247952988,0.8625874367018099,0.9218400413676215,1.0570607458193773,0.4835,0.03139338842175968,0.9638621988536242,0.0105,0.0065,0.3205170430598922,0.08884710317179234,0.5440505968094766,0.15,0.026400303748895845,0.9722988721459459,
sample_size,sample_size_synthetic,synthetic,train_fraction,0.25,t_learner,8,2000,2000,0.499,1.8716607093811035,0.9246609387877626,0.10971681189915994,0.737012944104785,-0.10971681189916005,1.0128692173154303,0.9031524054162704,0.9318519720500038,0.12367662252355682,1.0555285945735606,0.9521518964618599,0.8426112885208733,0.8394219141125678,1.0482248038986364,0.499,0.032824552259583084,0.9580947139351639,0.01,0.012,0.37282749130996523,0.10176526880037833,0.5657267084082762,0.2,0.027639494982361488,0.9565792177533562,
sample_size,sample_size_synthetic,synthetic,train_fraction,0.25,t_learner,9,2000,2000,0.5115,1.8644413948059082,0.8987634536827268,0.1772570692650547,0.7036406177419676,-0.17725706926505472,0.9977204602086691,0.8204633909436144,0.8543622800748665,0.1396513177747859,0.9940135978496524,0.7973252468970039,0.8243732040236855,0.8873092725280366,1.0622930427791257,0.5115,0.036060637870939355,0.9733996825006689,0.023,0.026,0.4012582656225143,0.11030095933429913,0.5738401064711371,0.2,0.03776705813055328,0.9536878646495706,
sample_size,sample_size_synthetic,synthetic,train_fraction,0.25,t_learner,10,2000,2000,0.4865,1.8631463050842285,0.920686103504889,0.13431232987626962,0.7275176426553918,-0.13431232987626956,1.008078342158642,0.8737660122823723,0.8797666861047038,0.13676962952801475,1.0165363156327185,0.8608960931813274,0.8710049819509584,0.8905066847831894,1.047787042898628,0.4865,0.03849969237007241,0.961612553742974,0.027,0.0175,0.38463740066508484,0.10848577550945444,0.5898993843692801,0.2,0.053250491779122416,0.9535852254101648,
sample_size,sample_size_synthetic,synthetic,train_fraction,0.25,t_learner,11,2000,2000,0.52,1.8809099197387695,0.8934901492779406,0.10600080707604809,0.7161194451704291,-0.10600080707604806,0.9978978781676284,0.8918970710915803,0.8486707916398932,0.11530668031116198,0.9639774719510552,0.8747721466083338,0.8751778423712241,0.8615985897175734,0.9590536446749217,0.52,0.0501608437116863,0.9624624681424289,0.0095,0.0185,0.36322115384615383,0.10479773635795989,0.5967775654217243,0.2,0.041054010727032623,0.9559342792376353,
sample_size,sample_size_synthetic,synthetic,train_fraction,0.25,t_learner,12,2000,2000,0.5285,1.8606324195861816,0.8944918676318617,0.1057256534165868,0.7025282124448999,-0.10572565341658667,1.0092853693263442,0.9035597159097574,0.821189337435435,0.11599717504570817,0.9371865124811432,0.8785993574607451,0.8445386196105957,0.8089399129404589,1.029998403564696,0.5285,0.029845820827125467,0.96933663186085,0.013,0.03,0.3685183160087123,0.1082496075079001,0.569228965303578,0.2,0.028735521560314694,0.9704926166701952,
sample_size,sample_size_synthetic,synthetic,train_fraction,0.25,t_learner,13,2000,2000,0.494,1.9906857013702393,0.9141657152944482,0.03503987715805401,0.730546223377707,-0.03503987715805403,0.9893875482172994,0.9543476710592453,0.9164806518426325,0.11151993899873203,1.0280005908413645,0.9062599648248503,0.8979051489031552,0.8574570828924866,0.9899608026612026,0.494,0.04816760755242894,0.9824308084944626,0.0165,0.011,0.3543030196348274,0.10349786377090146,0.5439130865660293,0.2,0.04760065589456894,0.9794365695399461,
sample_size,sample_size_synthetic,synthetic,train_fraction,0.25,t_learner,14,2000,2000,0.4945,1.8455352783203125,0.899949081445113,0.014198086735838,0.712523064840769,-0.014198086735838434,1.0242686503744984,1.0100705636386604,0.9777196539997384,0.1071855744214758,1.0849052284212142,0.8907785200513822,0.858358104762169,0.8764494079859965,0.9701571131630037,0.4945,0.03727269412349288,0.9577006596873354,0.0175,0.008,0.3542298618132794,0.10105073375039857,0.5837163212195253,0.15,0.03572927027733474,0.9664973002302226,
sample_size,sample_size_synthetic,synthetic,train_fraction,0.25,t_learner,15,2000,2000,0.5075,1.9094123840332031,0.9283689580909773,0.23294959197450604,0.7277274366983868,-0.23294959197450607,0.994233348418107,0.7612837564436009,0.888062459284947,0.14356901445440073,1.0316314737393477,0.9307332019206775,0.881232331596038,0.8371844106678704,1.0506013689857303,0.5075,0.024554043155392842,0.9668646751298664,0.0225,0.0295,0.40830186792028206,0.11791062379721066,0.6103050067015533,0.25,0.027938846745364655,0.9563062345506727,
sample_size,sample_size_synthetic,synthetic,train_fraction,0.25,t_learner,16,2000,2000,0.503,1.8457791805267334,0.8963287112209181,0.15358062583007437,0.7084374224272896,-0.1535806258300743,1.0016643811772643,0.8480837553471899,0.9658561171410208,0.1044347979277146,1.0702909150687354,0.9305640918726908,0.7938733273140768,0.830553554613451,1.0137144757036867,0.503,0.034928558223871885,0.9637551585815172,0.0195,0.0175,0.3621330367893244,0.11295188245626923,0.5961536362457674,0.25,0.033380006533432705,0.9648084027810745,
sample_size,sample_size_synthetic,synthetic,train_fraction,0.25,t_learner,17,2000,2000,0.4895,1.866363763809204,0.8438444242354196,0.048836849141593475,0.6778635717922804,-0.048836849141593426,0.9937781601215252,0.9449413109799317,0.9199814916120704,0.09542504601157764,1.015406537623648,0.8106150612131768,0.8465726154446032,0.8153401541719345,0.8998511607823565,0.4895,0.02123531481661722,0.958241695476812,0.009,0.0125,0.3399189042367684,0.10094750185121577,0.5088689644260258,0.2,0.02378960745812621,0.9630674700219298,
sample_size,sample_size_synthetic,synthetic,train_fraction,0.25,t_learner,18,2000,2000,0.4895,1.830897331237793,0.8723384549836057,0.1430263283753218,0.6823286890681303,-0.14302632837532162,1.0237966091927893,0.8807702808174674,0.9866607817594836,0.11439169093032897,1.1010524726898125,0.8808272101426178,0.7946429528546074,0.8028562477524956,0.9959946631224501,0.4895,0.033534571819822015,0.9515618371995912,0.016,0.0095,0.3624198271437704,0.09995850488872349,0.5950668112184472,0.15,0.04159316840717809,0.9563506358858841,
sample_size,sample_size_synthetic,synthetic,train_fraction,0.25,t_learner,19,2000,2000,0.5015,1.835768699645996,0.9471662374600093,0.29175737644311683,0.7454604233959158,-0.2917573764431168,0.9799029946616354,0.6881456182185186,0.8150020405287509,0.16786261347952425,0.9828646540082752,0.864500254511095,0.850159463836219,0.9746298654926643,1.0809534434129524,0.5015,0.03017792659805793,0.9737779700719927,0.0085,0.014,0.3510271592444332,0.09928656618222072,0.606531320530022,0.2,0.030431298555466724,0.9764727000484601,
sample_size,sample_size_synthetic,synthetic,train_fraction,0.25,t_learner,20,2000,2000,0.51,1.8778960704803467,0.8868452991466528,0.14117141599365368,0.7004714046488135,-0.1411714159936536,0.9959894759218607,0.854818059928207,0.8789367441225727,0.10294491590393728,0.98188166002651,0.9760458331386445,0.8665632326856734,0.8121856642668097,0.884723392142194,0.51,0.03576530070054632,0.976514129834229,0.0135,0.026,0.3542016806722689,0.10379473259104752,0.5332426971232638,0.2,0.05158252727174379,0.9794471325460131,
sample_size,sample_size_synthetic,synthetic,train_fraction,0.25,t_learner,21,2000,2000,0.5125,1.8422925472259521,0.9325248896275072,0.0660882756324066,0.7282083697580407,-0.06608827563240657,1.0207415090390914,0.9546532334066848,0.8333262919026737,0.11273308560930617,0.9460593775119799,0.9037544460359883,0.8712844880274261,0.9059886763115274,1.0400415567117662,0.5125,0.018768491882539956,0.9855320560426142,0.019,0.03,0.37603502188868043,0.10784708443029359,0.5895086830898468,0.2,0.029937229230678607,0.9759708490075967,
sample_size,sample_size_synthetic,synthetic,train_fraction,0.25,t_learner,22,2000,2000,0.4985,1.851686716079712,0.9201875247833156,0.18765905784954817,0.7282595665326677,-0.18765905784954812,0.9845333051330328,0.7968742472834847,0.8594493384956459,0.12991265429801824,0.9893619927936641,0.9121171360100887,0.8973118752592105,0.8438515167733922,1.01870931546844,0.4985,0.032712283945474395,0.9743922549170814,0.0205,0.021,0.37217434956914613,0.10939903257415717,0.6505647365526702,0.2,0.03711008186248405,0.961840443511701,
sample_size,sample_size_synthetic,synthetic,train_fraction,0.25,t_learner,23,2000,2000,0.4935,1.817561149597168,0.8643054051368845,0.08423739898460236,0.6918585151927193,-0.08423739898460243,0.9858277156315673,0.901590316646965,0.9283212898541249,0.11301281837737176,1.0413341082314966,0.8584356220707012,0.8247969062728379,0.8362830772176745,0.9335546552385222,0.4935,0.01701929402380744,0.9720381547018612,0.0245,0.0195,0.3930154196059134,0.1149408008895059,0.5952055821523985,0.2,0.025464782350892595,0.9732012578498234,
sample_size,sample_size_synthetic,synthetic,train_fraction,0.25,t_learner,24,2000,2000,0.496,1.8130881786346436,0.8883241852669431,0.1691786091161459,0.7032955380773753,-0.1691786091161459,0.9898141538456205,0.8206355447294746,0.8590875825085931,0.10937593595308193,0.968463518461675,0.8784120575097546,0.8691568559601494,0.824631620593737,0.974382234955363,0.496,0.026164624232743638,0.9567848061705889,0.0135,0.012,0.33294930875576034,0.1003269325105032,0.5909512440034095,0.15,0.02758203197606996,0.9550799228004615,
sample_size,sample_size_synthetic,synthetic,train_fraction,0.25,t_learner,25,2000,2000,0.504,1.865227222442627,0.9090350231011644,0.010742044036836096,0.7272864060240835,0.010742044036836144,0.9607481280307981,0.9714901720676342,0.8315326020945936,0.10598105421788606,0.9375136563124796,0.8905243200330072,0.9007399908198006,0.8795430804642173,0.9630246969176586,0.504,0.03856693325059286,0.9641842068394262,0.0085,0.0115,0.3487583205325141,0.09893412770925343,0.5202485427934856,0.25,0.03610686142694259,0.9675554285452258,
sample_size,sample_size_synthetic,synthetic,train_fraction,0.25,t_learner,26,2000,2000,0.491,1.8809690475463867,0.8686136330813425,0.15588069320705777,0.6828006666914123,-0.1558806932070578,0.9984765979427137,0.8425959047356559,0.8697940791721799,0.11293699513878919,0.9827310743109691,0.8122246556780064,0.8114608833203086,0.8288537824610956,1.0063708685910875,0.491,0.03466509147211634,0.9595701754811725,0.015,0.0145,0.359880601314826,0.10464469080852301,0.563549040232688,0.2,0.04076665408070105,0.9444886030341868,
sample_size,sample_size_synthetic,synthetic,train_fraction,0.25,t_learner,27,2000,2000,0.5085,1.8646621704101562,0.9319497098092985,0.12607982479951918,0.7370236002424981,-0.12607982479951918,0.9886827328665322,0.862602908067013,0.8949424835323914,0.12783684040867271,1.022779323941064,0.8889121504579587,0.9880368895867435,0.8733515222494387,0.9721092832717377,0.5085,0.02108513286728365,0.9562950293340537,0.0065,0.006,0.3570041742063456,0.09707209024115762,0.5402064394712853,0.2,0.017249130780206557,0.9663534373404334,
sample_size,sample_size_synthetic,synthetic,train_fraction,0.25,t_learner,28,2000,2000,0.509,1.8551108837127686,0.9235509519007319,0.13723579888917625,0.7269123038696068,-0.13723579888917614,0.9834043175144798,0.8461685186253035,0.9048414657949766,0.12401411057332834,1.028855576368305,0.9737659212443328,0.8813235300550438,0.8474838895348378,0.984177456559734,0.509,0.03132201872693164,0.9672381017918751,0.0205,0.024,0.39320739919733994,0.09994920056678376,0.556811315709598,0.15,0.037856738973889574,0.9600388274173254,
sample_size,sample_size_synthetic,synthetic,train_fraction,0.25,t_learner,29,2000,2000,0.513,1.855414867401123,0.9053911772861575,0.02855368211536058,0.7194740062508013,-0.028553682115360496,1.0023774149168188,0.9738237328014582,0.9080793972921621,0.09717594875992597,1.005255346052088,0.9586548380260791,0.8564855020444201,0.8535134182351071,0.9475553107022248,0.513,0.0257536118229399,0.9587381764727289,0.013,0.022,0.3727439749270507,0.10481100763530335,0.5894195525350246,0.15,0.023295257224870768,0.9589758253462818,
sample_size,sample_size_synthetic,synthetic,train_fraction,0.25,x_learner,0,2000,2000,0.4965,3.6940882205963135,0.49062556494888077,0.009283270300518343,0.38377906088661995,-0.009283270300518344,0.9761767889127134,0.9668935186121951,0.8918521106011156,0.03071373585882653,0.9225658464599421,0.4451757121311021,0.45526900444656904,0.46583104949994864,0.5834414556458996,0.4965,0.01591670570181314,0.95923024009924,0.017,0.0155,0.3518272395347372,0.10823195210634422,0.508270944517729,0.2,0.01751464613977833,0.9618833171064568,
sample_size,sample_size_synthetic,synthetic,train_fraction,0.25,x_learner,1,2000,2000,0.5055,3.653735637664795,0.5028823428067912,0.12568728608613022,0.382108835546641,-0.12568728608613017,0.9952623742528588,0.8695750881667286,0.9585433393936537,0.0289562474505064,0.9874995868441601,0.460427254959088,0.39030722052039046,0.4393948799837894,0.6739152459856551,0.5055,0.0406199880839183,0.9631609820827582,0.0095,0.01,0.351109484247594,0.09548972103644858,0.5286198822790243,0.2,0.04234546613902313,0.9632777834711028,
sample_size,sample_size_synthetic,synthetic,train_fraction,0.25,x_learner,2,2000,2000,0.494,3.724976062774658,0.5054751096762543,0.03648925040083473,0.38247689985480726,0.036489250400834845,1.0092771305266088,1.0457663809274436,1.0305667623873813,0.015847709181672665,1.046414471569054,0.5134677767048825,0.3997284150748471,0.49184313446770994,0.5972258480284985,0.494,0.024693553509569376,0.9816975522694102,0.016,0.017,0.37739434478564915,0.11160235344306005,0.5556973330038625,0.25,0.028493854809535837,0.9793669573259696,
sample_size,sample_size_synthetic,synthetic,train_fraction,0.25,x_learner,3,2000,2000,0.5025,3.810729742050171,0.4950362764932694,0.07701734201188182,0.3788623221798214,0.07701734201188182,1.0015045942012186,1.0785219362131004,1.0084391860481379,0.014041955944886997,1.0224811419930249,0.44706766040921514,0.39328593223523245,0.4988827619634172,0.6138536735372121,0.5025,0.026927799794770425,0.981832123983284,0.0225,0.0225,0.3783544588614715,0.1078966977974429,0.5600351045142129,0.2,0.029809311630449413,0.9773516795517425,
sample_size,sample_size_synthetic,synthetic,train_fraction,0.25,x_learner,4,2000,2000,0.499,3.788648843765259,0.45293668758271693,0.00976897163221846,0.34391239390854694,-0.009768971632218402,1.0237232477201006,1.0139542760878821,1.016088137806745,0.020434638463819876,1.0365227762705649,0.411440051657837,0.3853302741718349,0.4086282738551139,0.5795404811902788,0.499,0.019130738827137093,0.9411522446963847,0.016,0.009,0.34628938515754065,0.09799965685468424,0.5164277780175097,0.2,0.017193404491357145,0.9507078527340893,
sample_size,sample_size_synthetic,synthetic,train_fraction,0.25,x_learner,5,2000,2000,0.496,3.699291229248047,0.5075320793398088,0.06260498578007101,0.38095478660791254,0.06260498578007082,0.9979068192407434,1.0605118050208144,0.9580190456826561,0.017336546397024755,0.9753555920796808,0.5794790413252587,0.40440588306331426,0.4524041251939166,0.5712667294285805,0.496,0.03722905871351405,0.9540930075730065,0.0145,0.01,0.3422459037378392,0.09953645430623613,0.5593370571313186,0.15,0.030600398478788298,0.9568237030334104,
sample_size,sample_size_synthetic,synthetic,train_fraction,0.25,x_learner,6,2000,2000,0.5075,3.7370638847351074,0.46227093510775763,0.026462343544492617,0.3455481834308292,0.026462343544492676,0.972925580160135,0.9993879237046276,0.9157632481745526,0.02380531235352612,0.9395685605280787,0.4620067759643324,0.4191336648524296,0.4214415608479074,0.536694876556593,0.5075,0.030657162484477557,0.9748245198802215,0.0155,0.0155,0.364682053462029,0.11457046286590258,0.5670882294756497,0.15,0.02281681048745643,0.9758864729507553,
sample_size,sample_size_synthetic,synthetic,train_fraction,0.25,x_learner,7,2000,2000,0.4835,3.7486393451690674,0.5506857916562127,0.09895356288657597,0.41383019150399014,-0.098953562886576,1.009776751687524,0.910823188800948,0.9117734260251988,0.023495605173682432,0.9352690311988813,0.4368811833782203,0.4673006758396233,0.48676530584529076,0.7528903051064851,0.4835,0.03139338842175968,0.9638621988536242,0.0105,0.0065,0.3205170430598922,0.08884710317179234,0.5440505968094766,0.15,0.026400303748895845,0.9722988721459459,
sample_size,sample_size_synthetic,synthetic,train_fraction,0.25,x_learner,8,2000,2000,0.499,3.7026140689849854,0.514886199262327,0.016509918019907754,0.39180460895411484,0.016509918019907643,1.0128692173154303,1.029379135335338,1.0355958216140517,0.019932772959508904,1.0555285945735606,0.5201561134012339,0.4236842123808583,0.4637282886038837,0.6287420559993316,0.499,0.032824552259583084,0.9580947139351639,0.01,0.012,0.37282749130996523,0.10176526880037833,0.5657267084082762,0.2,0.027639494982361488,0.9565792177533562,
sample_size,sample_size_synthetic,synthetic,train_fraction,0.25,x_learner,9,2000,2000,0.5115,3.7086734771728516,0.5332164102365127,0.13662060496607764,0.41492447636132634,-0.1366206049660776,0.9977204602086691,0.8610998552425915,0.970136667042106,0.02387693080754638,0.9940135978496524,0.5215302961638915,0.39453052183044296,0.4694812375825826,0.6994413096660653,0.5115,0.036060637870939355,0.9733996825006689,0.023,0.026,0.4012582656225143,0.11030095933429913,0.5738401064711371,0.2,0.03776705813055328,0.9536878646495706,
sample_size,sample_size_synthetic,synthetic,train_fraction,0.25,x_learner,10,2000,2000,0.4865,3.826686382293701,0.5027708818467678,0.004728871654794187,0.3782738463348129,0.004728871654794351,1.008078342158642,1.012807213813436,0.9884244741205739,0.02811184151214463,1.0165363156327185,0.47083756724034814,0.39814813722651726,0.528833762840437,0.5926543140062132,0.4865,0.03849969237007241,0.961612553742974,0.027,0.0175,0.38463740066508484,0.10848577550945444,0.5898993843692801,0.2,0.053250491779122416,0.9535852254101648,
sample_size,sample_size_synthetic,synthetic,train_fraction,0.25,x_learner,11,2000,2000,0.52,3.7803404331207275,0.45870207438072136,0.08697441130427142,0.3457602399543314,-0.0869744113042714,0.9978978781676284,0.910923466863357,0.9408188410432214,0.023158630907833766,0.9639774719510552,0.4177765054462863,0.36189567180344756,0.40413662259195143,0.610572089659934,0.52,0.0501608437116863,0.9624624681424289,0.0095,0.0185,0.36322115384615383,0.10479773635795989,0.5967775654217243,0.2,0.041054010727032623,0.9559342792376353,
sample_size,sample_size_synthetic,synthetic,train_fraction,0.25,x_learner,12,2000,2000,0.5285,3.740216016769409,0.5215438748089201,0.03506982035446826,0.394227273985265,-0.03506982035446825,1.0092853693263442,0.9742155489718759,0.9178855083467149,0.019301004134428257,0.9371865124811432,0.5722053234769467,0.45980469002098145,0.4323551229618357,0.6018818952841313,0.5285,0.029845820827125467,0.96933663186085,0.013,0.03,0.3685183160087123,0.1082496075079001,0.569228965303578,0.2,0.028735521560314694,0.9704926166701952,
sample_size,sample_size_synthetic,synthetic,train_fraction,0.25,x_learner,13,2000,2000,0.494,3.6885204315185547,0.47848408342509813,0.05155407308411797,0.35866496973834605,0.051554073084118114,0.9893875482172994,1.0409416213014173,1.0150341601658355,0.01296643067552905,1.0280005908413645,0.46103950482727313,0.42693683808320526,0.4290779728108767,0.5803858000410342,0.494,0.04816760755242894,0.9824308084944626,0.0165,0.011,0.3543030196348274,0.10349786377090146,0.5439130865660293,0.2,0.04760065589456894,0.9794365695399461,
sample_size,sample_size_synthetic,synthetic,train_fraction,0.25,x_learner,14,2000,2000,0.4945,3.6895878314971924,0.4918052552505787,0.04314322061857556,0.36880614605918666,0.04314322061857532,1.0242686503744984,1.067411870993074,1.0709046931277386,0.014000535293475558,1.0849052284212142,0.5091307420829969,0.40285918982616203,0.38672231622216674,0.6296235757520008,0.4945,0.03727269412349288,0.9577006596873354,0.0175,0.008,0.3542298618132794,0.10105073375039857,0.5837163212195253,0.15,0.03572927027733474,0.9664973002302226,
sample_size,sample_size_synthetic,synthetic,train_fraction,0.25,x_learner,15,2000,2000,0.5075,3.827608108520508,0.5435019287781583,0.13583073139889912,0.40601786512392435,-0.13583073139889917,0.994233348418107,0.8584026170192078,0.9970043861093734,0.03462708762997435,1.0316314737393477,0.4817772847386867,0.43116327226509393,0.5056004734310803,0.7126951860143684,0.5075,0.024554043155392842,0.9668646751298664,0.0225,0.0295,0.40830186792028206,0.11791062379721066,0.6103050067015533,0.25,0.027938846745364655,0.9563062345506727,
sample_size,sample_size_synthetic,synthetic,train_fraction,0.25,x_learner,16,2000,2000,0.503,3.7489778995513916,0.48083517003783177,0.03911155835291713,0.35915902515001813,-0.039111558352917165,1.0016643811772643,0.9625528228243472,1.057795919816011,0.012494995252724461,1.0702909150687354,0.49232619333104916,0.405709337031869,0.3698905356997806,0.6172565818088062,0.503,0.034928558223871885,0.9637551585815172,0.0195,0.0175,0.3621330367893244,0.11295188245626923,0.5961536362457674,0.25,0.033380006533432705,0.9648084027810745,
sample_size,sample_size_synthetic,synthetic,train_fraction,0.25,x_learner,17,2000,2000,0.4895,3.640497922897339,0.49669138001849666,0.002991711911395245,0.3683415092465819,0.002991711911395376,0.9937781601215252,0.9967698720329204,0.9853796853633272,0.03002685226032087,1.015406537623648,0.5084263623179948,0.4555462630474924,0.4520137759222311,0.5625594107636968,0.4895,0.02123531481661722,0.958241695476812,0.009,0.0125,0.3399189042367684,0.10094750185121577,0.5088689644260258,0.2,0.02378960745812621,0.9630674700219298,
sample_size,sample_size_synthetic,synthetic,train_fraction,0.25,x_learner,18,2000,2000,0.4895,3.762784719467163,0.48673225291155925,0.1611975297664051,0.36644687660633585,-0.16119752976640497,1.0237966091927893,0.8625990794263841,1.0706956590367165,0.03035681365309606,1.1010524726898125,0.45501735944466964,0.3914654601187451,0.43241396307904467,0.6327442649046631,0.4895,0.033534571819822015,0.9515618371995912,0.016,0.0095,0.3624198271437704,0.09995850488872349,0.5950668112184472,0.15,0.04159316840717809,0.9563506358858841,
sample_size,sample_size_synthetic,synthetic,train_fraction,0.25,x_learner,19,2000,2000,0.5015,3.7293999195098877,0.5667139548817935,0.14926511793417496,0.42593011139480474,-0.14926511793417507,0.9799029946616354,0.8306378767274605,0.9473265594076679,0.035538094600607306,0.9828646540082752,0.5960677869116626,0.4323465702120853,0.46335714727591515,0.7264562046892152,0.5015,0.03017792659805793,0.9737779700719927,0.0085,0.014,0.3510271592444332,0.09928656618222072,0.606531320530022,0.2,0.030431298555466724,0.9764727000484601,
sample_size,sample_size_synthetic,synthetic,train_fraction,0.25,x_learner,20,2000,2000,0.51,3.7660298347473145,0.4390732473620643,0.054273743013076414,0.33515184284262955,-0.05427374301307627,0.9959894759218607,0.9417157329087843,0.9584719436087511,0.023409716417758908,0.98188166002651,0.4256465799326755,0.3887641506618534,0.4009521959220158,0.5273196629496872,0.51,0.03576530070054632,0.976514129834229,0.0135,0.026,0.3542016806722689,0.10379473259104752,0.5332426971232638,0.2,0.05158252727174379,0.9794471325460131,
sample_size,sample_size_synthetic,synthetic,train_fraction,0.25,x_learner,21,2000,2000,0.5125,3.7309529781341553,0.5197098152432984,0.071553938985499,0.403742931526361,-0.07155393898549892,1.0207415090390914,0.9491875700535924,0.9267088051980565,0.019350572313923342,0.9460593775119799,0.4603512904669586,0.43380244530885975,0.4605021642630692,0.6842682608154367,0.5125,0.018768491882539956,0.9855320560426142,0.019,0.03,0.37603502188868043,0.10784708443029359,0.5895086830898468,0.2,0.029937229230678607,0.9759708490075967,
sample_size,sample_size_synthetic,synthetic,train_fraction,0.25,x_learner,22,2000,2000,0.4985,3.693739891052246,0.4864668446677273,0.10245423630494666,0.37763997027117857,-0.10245423630494671,0.9845333051330328,0.8820790688280862,0.9466846807139507,0.04267731207971337,0.9893619927936641,0.4916022574830399,0.45521789665945467,0.4131348173097572,0.5718596624774764,0.4985,0.032712283945474395,0.9743922549170814,0.0205,0.021,0.37217434956914613,0.10939903257415717,0.6505647365526702,0.2,0.03711008186248405,0.961840443511701,
sample_size,sample_size_synthetic,synthetic,train_fraction,0.25,x_learner,23,2000,2000,0.4935,3.8477561473846436,0.513498870010915,0.023654328719512452,0.3929986941096249,-0.023654328719512487,0.9858277156315673,0.9621733869120549,1.0132582028553334,0.028075905376163224,1.0413341082314966,0.5154599879769803,0.4280792836618948,0.47946932779423906,0.6130926923465789,0.4935,0.01701929402380744,0.9720381547018612,0.0245,0.0195,0.3930154196059134,0.1149408008895059,0.5952055821523985,0.2,0.025464782350892595,0.9732012578498234,
sample_size,sample_size_synthetic,synthetic,train_fraction,0.25,x_learner,24,2000,2000,0.496,3.818432569503784,0.49060999409879363,0.11435063029464965,0.37028971147643824,-0.11435063029464955,0.9898141538456205,0.8754635235509709,0.9417666430375173,0.026696875424157662,0.968463518461675,0.44380153298948516,0.40892510816278693,0.452012133294451,0.6279316458208717,0.496,0.026164624232743638,0.9567848061705889,0.0135,0.012,0.33294930875576034,0.1003269325105032,0.5909512440034095,0.15,0.02758203197606996,0.9550799228004615,
sample_size,sample_size_synthetic,synthetic,train_fraction,0.25,x_learner,25,2000,2000,0.504,3.683093547821045,0.4542703642240449,0.07344232875711554,0.34503456372250774,0.07344232875711554,0.9607481280307981,1.0341904567879137,0.9140624356596879,0.023451220652791704,0.9375136563124796,0.4299860635781442,0.4104788429775354,0.39181999738655743,0.5643956497824728,0.504,0.03856693325059286,0.9641842068394262,0.0085,0.0115,0.3487583205325141,0.09893412770925343,0.5202485427934856,0.25,0.03610686142694259,0.9675554285452258,
sample_size,sample_size_synthetic,synthetic,train_fraction,0.25,x_learner,26,2000,2000,0.491,3.7005136013031006,0.554435448575738,0.03000106827246829,0.40591595013274845,-0.030001068272468366,0.9984765979427137,0.9684755296702454,0.9569953215717731,0.025735752739195927,0.9827310743109691,0.44773292560761974,0.4198527843714109,0.4709894609577987,0.7943692220866924,0.491,0.03466509147211634,0.9595701754811725,0.015,0.0145,0.359880601314826,0.10464469080852301,0.563549040232688,0.2,0.04076665408070105,0.9444886030341868,
sample_size,sample_size_synthetic,synthetic,train_fraction,0.25,x_learner,27,2000,2000,0.5085,3.6642491817474365,0.475351758189599,0.019062649276521126,0.36077991446886065,-0.019062649276521057,0.9886827328665322,0.9696200835900111,0.9929476781296496,0.02983164581141451,1.022779323941064,0.42019000799463124,0.39753617693325943,0.477109811542456,0.5844730524125591,0.5085,0.02108513286728365,0.9562950293340537,0.0065,0.006,0.3570041742063456,0.09707209024115762,0.5402064394712853,0.2,0.017249130780206557,0.9663534373404334,
sample_size,sample_size_synthetic,synthetic,train_fraction,0.25,x_learner,28,2000,2000,0.509,3.564913034439087,0.4873399850147539,0.019438653499826875,0.36984174268963493,-0.019438653499826784,0.9834043175144798,0.9639656640146529,1.0013700359270237,0.027485540441281264,1.028855576368305,0.45911140398512723,0.42054970220217275,0.4614681919561205,0.5911030523503839,0.509,0.03132201872693164,0.9672381017918751,0.0205,0.024,0.39320739919733994,0.09994920056678376,0.556811315709598,0.15,0.037856738973889574,0.9600388274173254,
sample_size,sample_size_synthetic,synthetic,train_fraction,0.25,x_learner,29,2000,2000,0.513,3.6332030296325684,0.47798856236896703,0.009944004612289836,0.3658041260809438,0.009944004612290008,1.0023774149168188,1.0123214195291086,0.9734232490361833,0.03183209701590484,1.005255346052088,0.47904686486506004,0.4189609075349532,0.44024604054560207,0.5613034348964676,0.513,0.0257536118229399,0.9587381764727289,0.013,0.022,0.3727439749270507,0.10481100763530335,0.5894195525350246,0.15,0.023295257224870768,0.9589758253462818,
sample_size,sample_size_synthetic,synthetic,train_fraction,0.25,neural_rep,0,2000,2000,0.4965,3.2210564613342285,0.44558188626123496,0.043722053576590425,0.3383743497365633,-0.04372205357659033,0.9761767889127134,0.932454735336123,0.9113128234333212,0.0112530230266209,0.9225658464599421,0.3568140207770089,0.3611455332829255,0.39502892015813557,0.616751716707715,0.4965,0.01591670570181314,0.95923024009924,0.017,0.0155,0.3518272395347372,0.10823195210634422,0.508270944517729,0.2,0.01751464613977833,0.9618833171064568,
sample_size,sample_size_synthetic,synthetic,train_fraction,0.25,neural_rep,1,2000,2000,0.5055,2.4773306846618652,0.4997956229406999,0.21294339787141514,0.36576668025133163,-0.212943397871415,0.9952623742528588,0.7823189763814437,0.9814665440506385,0.00603304279352157,0.9874995868441601,0.28324193326996167,0.28477375203494865,0.3861497732267337,0.829908988304804,0.5055,0.0406199880839183,0.9631609820827582,0.0095,0.01,0.351109484247594,0.09548972103644858,0.5286198822790243,0.2,0.04234546613902313,0.9632777834711028,
sample_size,sample_size_synthetic,synthetic,train_fraction,0.25,neural_rep,2,2000,2000,0.494,2.1195409297943115,0.5153409261654548,0.0757889188615275,0.384673001406754,-0.07578891886152753,1.0092771305266088,0.9334882116650813,1.0362121734601457,0.01020229810890827,1.046414471569054,0.4819302803115857,0.3323809263052277,0.41585430559781233,0.739348633587235,0.494,0.024693553509569376,0.9816975522694102,0.016,0.017,0.37739434478564915,0.11160235344306005,0.5556973330038625,0.25,0.028493854809535837,0.9793669573259696,
sample_size,sample_size_synthetic,synthetic,train_fraction,0.25,neural_rep,3,2000,2000,0.5025,3.6122169494628906,0.5114239357196003,0.08607538661830128,0.3950579045627837,-0.0860753866183013,1.0015045942012186,0.9154292075829173,0.9980916280845687,0.024389513908456117,1.0224811419930249,0.4130712052058177,0.42946616655088005,0.49358871404345606,0.6689685648029631,0.5025,0.026927799794770425,0.981832123983284,0.0225,0.0225,0.3783544588614715,0.1078966977974429,0.5600351045142129,0.2,0.029809311630449413,0.9773516795517425,
sample_size,sample_size_synthetic,synthetic,train_fraction,0.25,neural_rep,4,2000,2000,0.499,2.501967668533325,0.5097804851976774,0.1682368312900595,0.36824135394746577,-0.1682368312900593,1.0237232477201006,0.8554864164300411,1.0287643143906335,0.007758461879931344,1.0365227762705649,0.31540018979031925,0.32806983461923406,0.4149119395246475,0.8125549573330729,0.499,0.019130738827137093,0.9411522446963847,0.016,0.009,0.34628938515754065,0.09799965685468424,0.5164277780175097,0.2,0.017193404491357145,0.9507078527340893,
sample_size,sample_size_synthetic,synthetic,train_fraction,0.25,neural_rep,5,2000,2000,0.496,1.938319444656372,0.5427208137708203,0.1070394461194224,0.41837670741977684,0.10703944611942251,0.9979068192407434,1.1049462653601658,0.9688040252048382,0.006551566874842596,0.9753555920796808,0.6498094457611688,0.3824161485311462,0.31126971236841683,0.7161007376790612,0.496,0.03722905871351405,0.9540930075730065,0.0145,0.01,0.3422459037378392,0.09953645430623613,0.5593370571313186,0.15,0.030600398478788298,0.9568237030334104,
sample_size,sample_size_synthetic,synthetic,train_fraction,0.25,neural_rep,6,2000,2000,0.5075,2.7992091178894043,0.48578891335579577,0.0413435843416079,0.3714222254556584,-0.041343584341607835,0.972925580160135,0.9315819958185271,0.9104854799300174,0.029083080598061306,0.9395685605280787,0.3817452480030766,0.4260544773802779,0.4712062922655782,0.6282326411594942,0.5075,0.030657162484477557,0.9748245198802215,0.0155,0.0155,0.364682053462029,0.11457046286590258,0.5670882294756497,0.15,0.02281681048745643,0.9758864729507553,
sample_size,sample_size_synthetic,synthetic,train_fraction,0.25,neural_rep,7,2000,2000,0.4835,2.852806568145752,0.5253570408844238,0.13576873996147176,0.3952976563304993,-0.13576873996147173,1.009776751687524,0.8740080117260522,0.9225227445227103,0.012746286676170948,0.9352690311988813,0.33703653756492125,0.3870558026017933,0.47013423031225987,0.7871264607003011,0.4835,0.03139338842175968,0.9638621988536242,0.0105,0.0065,0.3205170430598922,0.08884710317179234,0.5440505968094766,0.15,0.026400303748895845,0.9722988721459459,
sample_size,sample_size_synthetic,synthetic,train_fraction,0.25,neural_rep,8,2000,2000,0.499,2.7587902545928955,0.4677407396966582,0.030471625949047065,0.3554457984139989,-0.030471625949047173,1.0128692173154303,0.9823975913663833,1.0474316996886055,0.00809689488495513,1.0555285945735606,0.4521681875690248,0.3388429445038986,0.415284127810074,0.6191882432567701,0.499,0.032824552259583084,0.9580947139351639,0.01,0.012,0.37282749130996523,0.10176526880037833,0.5657267084082762,0.2,0.027639494982361488,0.9565792177533562,
sample_size,sample_size_synthetic,synthetic,train_fraction,0.25,neural_rep,9,2000,2000,0.5115,2.269015073776245,0.4446262193466849,0.08938629735981529,0.32861399805574415,-0.08938629735981539,0.9977204602086691,0.9083341628488538,0.9867636253819743,0.007249972467678112,0.9940135978496524,0.36736745043533936,0.28683098117143724,0.35189610627008727,0.6706028442490576,0.5115,0.036060637870939355,0.9733996825006689,0.023,0.026,0.4012582656225143,0.11030095933429913,0.5738401064711371,0.2,0.03776705813055328,0.9536878646495706,
sample_size,sample_size_synthetic,synthetic,train_fraction,0.25,neural_rep,10,2000,2000,0.4865,2.000807046890259,0.5375579420459781,0.06197355889702205,0.3940417951438702,-0.06197355889702196,1.008078342158642,0.9461047832616198,1.0072626190626088,0.00927369657010968,1.0165363156327185,0.4109459038885786,0.35853240031224143,0.44615758463184707,0.8120317456268854,0.4865,0.03849969237007241,0.961612553742974,0.027,0.0175,0.38463740066508484,0.10848577550945444,0.5898993843692801,0.2,0.053250491779122416,0.9535852254101648,
sample_size,sample_size_synthetic,synthetic,train_fraction,0.25,neural_rep,11,2000,2000,0.52,2.5088915824890137,0.4645492293478662,0.08418358660161329,0.350133512324708,-0.08418358660161317,0.9978978781676284,0.9137142915660151,0.9538929720690144,0.010084499882040854,0.9639774719510552,0.36564627364962193,0.33529603613951275,0.39116044947690254,0.6812465188396117,0.52,0.0501608437116863,0.9624624681424289,0.0095,0.0185,0.36322115384615383,0.10479773635795989,0.5967775654217243,0.2,0.041054010727032623,0.9559342792376353,
sample_size,sample_size_synthetic,synthetic,train_fraction,0.25,neural_rep,12,2000,2000,0.5285,2.1352739334106445,0.5537292202198151,0.07745684081970461,0.41669309598807613,-0.07745684081970458,1.0092853693263442,0.9318285285066396,0.9293024333950796,0.007884079086063589,0.9371865124811432,0.5653499689104768,0.2902486463585606,0.38794887524249105,0.8198140053933027,0.5285,0.029845820827125467,0.96933663186085,0.013,0.03,0.3685183160087123,0.1082496075079001,0.569228965303578,0.2,0.028735521560314694,0.9704926166701952,
sample_size,sample_size_synthetic,synthetic,train_fraction,0.25,neural_rep,13,2000,2000,0.494,2.5861058235168457,0.4937756070227145,0.030304383000135715,0.37574252488360876,0.030304383000135507,0.9893875482172994,1.019691931217435,1.0171776273431943,0.010822963498170246,1.0280005908413645,0.503145501232368,0.306172683421437,0.38048140420897875,0.6954093714711573,0.494,0.04816760755242894,0.9824308084944626,0.0165,0.011,0.3543030196348274,0.10349786377090146,0.5439130865660293,0.2,0.04760065589456894,0.9794365695399461,
sample_size,sample_size_synthetic,synthetic,train_fraction,0.25,neural_rep,14,2000,2000,0.4945,2.714266300201416,0.4791999979083988,0.05827932112971512,0.36752568237866784,-0.05827932112971536,1.0242686503744984,0.9659893292447833,1.0713097460364869,0.013595482384727298,1.0849052284212142,0.4063373756051483,0.35597478453188086,0.40655693854742114,0.6792745377712811,0.4945,0.03727269412349288,0.9577006596873354,0.0175,0.008,0.3542298618132794,0.10105073375039857,0.5837163212195253,0.15,0.03572927027733474,0.9664973002302226,
sample_size,sample_size_synthetic,synthetic,train_fraction,0.25,neural_rep,15,2000,2000,0.5075,2.1856536865234375,0.4649806717370016,0.1733877188830495,0.34416985433434377,-0.1733877188830496,0.994233348418107,0.8208456295350575,1.0260929290716867,0.005538544667661016,1.0316314737393477,0.31769482085112427,0.2667876566373473,0.34378018459247756,0.7579826067317506,0.5075,0.024554043155392842,0.9668646751298664,0.0225,0.0295,0.40830186792028206,0.11791062379721066,0.6103050067015533,0.25,0.027938846745364655,0.9563062345506727,
sample_size,sample_size_synthetic,synthetic,train_fraction,0.25,neural_rep,16,2000,2000,0.503,2.9548497200012207,0.5089582812410617,0.0263655901874007,0.38911689322069376,0.026365590187400693,1.0016643811772643,1.028029971364665,1.0620666013420406,0.008224313726694854,1.0702909150687354,0.5708246036333653,0.3572898707735116,0.34218825163350475,0.6823229065104636,0.503,0.034928558223871885,0.9637551585815172,0.0195,0.0175,0.3621330367893244,0.11295188245626923,0.5961536362457674,0.25,0.033380006533432705,0.9648084027810745,
sample_size,sample_size_synthetic,synthetic,train_fraction,0.25,neural_rep,17,2000,2000,0.4895,2.473412036895752,0.48904725364387697,0.002814513696089538,0.37788992321275694,0.0028145136960895465,0.9937781601215252,0.9965926738176147,1.0030473024286537,0.012359235194994378,1.015406537623648,0.4683357121305766,0.40418586744881435,0.4409632005702016,0.6160485096379614,0.4895,0.02123531481661722,0.958241695476812,0.009,0.0125,0.3399189042367684,0.10094750185121577,0.5088689644260258,0.2,0.02378960745812621,0.9630674700219298,
sample_size,sample_size_synthetic,synthetic,train_fraction,0.25,neural_rep,18,2000,2000,0.4895,2.072857618331909,0.5869140016854756,0.26708845974732875,0.4506073838771995,-0.26708845974732853,1.0237966091927893,0.7567081494454605,1.0919105475576265,0.009141925132186035,1.1010524726898125,0.4028018013298646,0.35643306037191774,0.48977530587952056,0.9212483452184766,0.4895,0.033534571819822015,0.9515618371995912,0.016,0.0095,0.3624198271437704,0.09995850488872349,0.5950668112184472,0.15,0.04159316840717809,0.9563506358858841,
sample_size,sample_size_synthetic,synthetic,train_fraction,0.25,neural_rep,19,2000,2000,0.5015,2.0533504486083984,0.6264797647975343,0.31376298635009303,0.4810180930368369,-0.31376298635009314,0.9799029946616354,0.6661400083115424,0.9728030707661844,0.010061583242090721,0.9828646540082752,0.41974229615595543,0.24101283349595734,0.5132877479895837,1.0354576232153845,0.5015,0.03017792659805793,0.9737779700719927,0.0085,0.014,0.3510271592444332,0.09928656618222072,0.606531320530022,0.2,0.030431298555466724,0.9764727000484601,
sample_size,sample_size_synthetic,synthetic,train_fraction,0.25,neural_rep,20,2000,2000,0.51,2.1741747856140137,0.5096339345786975,0.09761553317143723,0.39483487519848365,-0.09761553317143726,0.9959894759218607,0.8983739427504235,0.9664028910244891,0.015478769002020942,0.98188166002651,0.39818128466675123,0.4122677833708231,0.4689133430903623,0.7003671930524162,0.51,0.03576530070054632,0.976514129834229,0.0135,0.026,0.3542016806722689,0.10379473259104752,0.5332426971232638,0.2,0.05158252727174379,0.9794471325460131,
sample_size,sample_size_synthetic,synthetic,train_fraction,0.25,neural_rep,21,2000,2000,0.5125,2.3134498596191406,0.4465757920230432,0.012405016115540013,0.3406913936891676,0.012405016115539916,1.0207415090390914,1.0331465251546315,0.9400811546705778,0.005978222841402037,0.9460593775119799,0.4958175994546005,0.2807400629260946,0.2712624067126736,0.632049352446319,0.5125,0.018768491882539956,0.9855320560426142,0.019,0.03,0.37603502188868043,0.10784708443029359,0.5895086830898468,0.2,0.029937229230678607,0.9759708490075967,
sample_size,sample_size_synthetic,synthetic,train_fraction,0.25,neural_rep,22,2000,2000,0.4985,2.0464236736297607,0.5212701647735143,0.1799876076972896,0.3907547306780266,-0.17998760769728972,0.9845333051330328,0.8045456974357432,0.9778991387478129,0.011462854045851234,0.9893619927936641,0.3695371363253348,0.3270462654191291,0.4291328884540921,0.811922624349726,0.4985,0.032712283945474395,0.9743922549170814,0.0205,0.021,0.37217434956914613,0.10939903257415717,0.6505647365526702,0.2,0.03711008186248405,0.961840443511701,
sample_size,sample_size_synthetic,synthetic,train_fraction,0.25,neural_rep,23,2000,2000,0.4935,2.6111996173858643,0.5781826255380765,0.23374445527261445,0.45422771981499305,-0.2337444552726145,0.9858277156315673,0.7520832603589529,1.0098843945860394,0.03144971364545723,1.0413341082314966,0.3906034380011884,0.4545683309216456,0.5696364333908509,0.8083882200990598,0.4935,0.01701929402380744,0.9720381547018612,0.0245,0.0195,0.3930154196059134,0.1149408008895059,0.5952055821523985,0.2,0.025464782350892595,0.9732012578498234,
sample_size,sample_size_synthetic,synthetic,train_fraction,0.25,neural_rep,24,2000,2000,0.496,1.9988110065460205,0.47401234911304124,0.10547535681291387,0.3513495586810709,-0.10547535681291384,0.9898141538456205,0.8843387970327067,0.9589095692270418,0.009553949234633152,0.968463518461675,0.4574240778825418,0.32669666820170007,0.3401474277236338,0.6834347487645508,0.496,0.026164624232743638,0.9567848061705889,0.0135,0.012,0.33294930875576034,0.1003269325105032,0.5909512440034095,0.15,0.02758203197606996,0.9550799228004615,
sample_size,sample_size_synthetic,synthetic,train_fraction,0.25,neural_rep,25,2000,2000,0.504,2.3522140979766846,0.47920940040785504,0.07998318548661065,0.3669506647159178,0.07998318548661056,0.9607481280307981,1.0407313135174088,0.9229959578798421,0.014517698432637505,0.9375136563124796,0.3988822867762766,0.4321672984678384,0.46074738168550883,0.6003355690429398,0.504,0.03856693325059286,0.9641842068394262,0.0085,0.0115,0.3487583205325141,0.09893412770925343,0.5202485427934856,0.25,0.03610686142694259,0.9675554285452258,
sample_size,sample_size_synthetic,synthetic,train_fraction,0.25,neural_rep,26,2000,2000,0.491,2.4773173332214355,0.5423517129768113,0.11884016156641797,0.4005355396038255,-0.11884016156641806,0.9984765979427137,0.8796364363762957,0.9725562872065343,0.010174787104434757,0.9827310743109691,0.47011668465578427,0.3251531775073959,0.3690766744092205,0.8447660295298657,0.491,0.03466509147211634,0.9595701754811725,0.015,0.0145,0.359880601314826,0.10464469080852301,0.563549040232688,0.2,0.04076665408070105,0.9444886030341868,
sample_size,sample_size_synthetic,synthetic,train_fraction,0.25,neural_rep,27,2000,2000,0.5085,2.822737693786621,0.4685831821453601,0.027142359662605253,0.3604941239993856,-0.027142359662605215,0.9886827328665322,0.9615403732039269,1.0118704970503947,0.01090882689066941,1.022779323941064,0.36188208088963647,0.3809720500046092,0.4497369054598141,0.6323916246058207,0.5085,0.02108513286728365,0.9562950293340537,0.0065,0.006,0.3570041742063456,0.09707209024115762,0.5402064394712853,0.2,0.017249130780206557,0.9663534373404334,
sample_size,sample_size_synthetic,synthetic,train_fraction,0.25,neural_rep,28,2000,2000,0.509,2.2100296020507812,0.4609793594810876,0.07429598797520076,0.34257203359631894,-0.07429598797520076,0.9834043175144798,0.909108329539279,1.0188741608165555,0.009981415551749473,1.028855576368305,0.4247481704579746,0.3090974588550216,0.3636047120238058,0.6647159133693371,0.509,0.03132201872693164,0.9672381017918751,0.0205,0.024,0.39320739919733994,0.09994920056678376,0.556811315709598,0.15,0.037856738973889574,0.9600388274173254,
sample_size,sample_size_synthetic,synthetic,train_fraction,0.25,neural_rep,29,2000,2000,0.513,2.2705416679382324,0.48548917062531727,0.058037694030408926,0.3558427695155742,-0.05803769403040883,1.0023774149168188,0.9443397208864098,0.9967816934276035,0.008473652624484629,1.005255346052088,0.36509107717966827,0.3698411009595648,0.42483163731777285,0.7016003738001717,0.513,0.0257536118229399,0.9587381764727289,0.013,0.022,0.3727439749270507,0.10481100763530335,0.5894195525350246,0.15,0.023295257224870768,0.9589758253462818,
sample_size,sample_size_synthetic,synthetic,train_fraction,0.5,s_learner,0,4000,2000,0.49875,3.960430145263672,0.45358294668041654,0.2789334619317805,0.3417238734969533,-0.2789334619317806,0.9761767889127134,0.6972433269809329,0.9159206248502582,0.006645221609683949,0.9225658464599421,0.21188795224702553,0.27949871743708365,0.3681213309675698,0.7512793131768042,0.49875,0.01621445228264693,0.9705104798842377,0.016,0.0175,0.36323727023293895,0.09266109887728734,0.5812512665079287,0.15,0.01751464613977833,0.9709117505131559,
sample_size,sample_size_synthetic,synthetic,train_fraction,0.5,s_learner,1,4000,2000,0.49375,3.880847454071045,0.47138981609705627,0.33618248646533533,0.36939199104275455,-0.3361824864653353,0.9952623742528588,0.6590798877875235,0.980665813304988,0.006833773539172028,0.9874995868441601,0.24865789844571484,0.3221712326377286,0.37557688986143584,0.7629877987774929,0.49375,0.02845157011793398,0.9589373549157015,0.0145,0.0135,0.35374277230817314,0.0975198825625291,0.5554828676083811,0.2,0.028551091273580093,0.9639985712522868,
sample_size,sample_size_synthetic,synthetic,train_fraction,0.5,s_learner,2,4000,2000,0.494,3.778532028198242,0.4584065562229393,0.29647581959119385,0.3475728309627199,-0.29647581959119373,1.0092771305266088,0.712801310935415,1.0442712183148504,0.0021432532542036142,1.046414471569054,0.18928053629769448,0.28796777275627455,0.3952711293286113,0.7520335483903835,0.494,0.020260290801415264,0.9775167741329757,0.02325,0.0165,0.36793098206141683,0.10229483907571793,0.6146968279307592,0.15,0.02615533252974723,0.9793669573259696,
sample_size,sample_size_synthetic,synthetic,train_fraction,0.5,s_learner,3,4000,2000,0.4985,3.8106377124786377,0.48354714221354256,0.29931225620481405,0.351442702456825,-0.29931225620481405,1.0015045942012186,0.7021923379964046,1.0192861696340716,0.003194972358953274,1.0224811419930249,0.22994553858699582,0.28699153801472244,0.36616222518821584,0.8160621828075546,0.4985,0.011032074065184583,0.9793388670928579,0.01575,0.017,0.3712553412980717,0.1050562002885804,0.5557012608366426,0.2,0.017246274361952287,0.9758861148044957,
sample_size,sample_size_synthetic,synthetic,train_fraction,0.5,s_learner,4,4000,2000,0.4965,3.817850351333618,0.4523827573877247,0.2568433229512803,0.3171091318895295,-0.25684332295128026,1.0237232477201006,0.7668799247688203,1.0350836222763746,0.0014391539941902565,1.0365227762705649,0.14918482046851225,0.2731740740137424,0.36370750302779004,0.7677482032520078,0.4965,0.01629320589137047,0.9760898172858155,0.0135,0.01425,0.3523112632518993,0.09321035045849896,0.5389221704678343,0.2,0.017193404491357145,0.9769899468579579,
sample_size,sample_size_synthetic,synthetic,train_fraction,0.5,s_learner,5,4000,2000,0.51075,3.8664135932922363,0.4748116684005634,0.25037509087755005,0.32884840654185904,-0.25037509087755005,0.9979068192407434,0.7475317283631934,0.9721849900948886,0.003170601984792243,0.9753555920796808,0.20904588887382777,0.24307451013474735,0.3443564408104979,0.8248743676083868,0.51075,0.027954992412459627,0.9750952978339568,0.01375,0.01625,0.3695575779904261,0.09729895782924938,0.5856641737769294,0.15,0.028487486608745765,0.9763252887297412,
sample_size,sample_size_synthetic,synthetic,train_fraction,0.5,s_learner,6,4000,2000,0.4995,3.771183967590332,0.4606953668637996,0.26294798143642073,0.3349627429127782,-0.26294798143642073,0.972925580160135,0.7099775987237142,0.9372942975084634,0.002274263019615308,0.9395685605280787,0.17807713478875317,0.311412834146982,0.36969558086902543,0.7639349726769746,0.4995,0.02619942420542139,0.958231001880516,0.01575,0.01375,0.3521313521313521,0.09997255941956149,0.5886250204852396,0.2,0.02281681048745643,0.9561696257484746,
sample_size,sample_size_synthetic,synthetic,train_fraction,0.5,s_learner,7,4000,2000,0.49,4.142159700393677,0.5094917109281196,0.3270774457503024,0.37371641143288425,-0.32707744575030234,1.009776751687524,0.6826993059372216,0.9292350119211239,0.006034019277757374,0.9352690311988813,0.21801929529603528,0.29676066723353617,0.3738646638293755,0.8734718772916077,0.49,0.020439184043347988,0.9763337595884236,0.01475,0.013,0.3566626650660264,0.09173493028803026,0.5624877270255749,0.15,0.022536925345838454,0.9722988721459459,
sample_size,sample_size_synthetic,synthetic,train_fraction,0.5,s_learner,8,4000,2000,0.49425,3.8552825450897217,0.4420512358923919,0.26286689496024396,0.31368256112437354,-0.26286689496024407,1.0128692173154303,0.7500023223551864,1.0510469100143778,0.0044816845591828525,1.0555285945735606,0.1932026860620852,0.223085906896261,0.3215508911031551,0.7688612392944512,0.49425,0.02752613740106243,0.9737984742576109,0.01375,0.01125,0.37976847438073685,0.095502616705782,0.5972627675790516,0.2,0.027639494982361488,0.9733076831505832,
sample_size,sample_size_synthetic,synthetic,train_fraction,0.5,s_learner,9,4000,2000,0.514,3.7879841327667236,0.4833179222752829,0.3098584573359482,0.3581906534008793,-0.3098584573359482,0.9977204602086691,0.6878620028727209,0.9881424242820869,0.005871173567565502,0.9940135978496524,0.20352573337641858,0.3164495206381575,0.3634559603908684,0.8128478317420847,0.514,0.029515662129326856,0.9836005806558288,0.02,0.02125,0.3741633440617444,0.09729045544320838,0.5569819510541064,0.2,0.03475393493134254,0.9756256280497015,
sample_size,sample_size_synthetic,synthetic,train_fraction,0.5,s_learner,10,4000,2000,0.484,3.7826554775238037,0.5066222090576603,0.3211441410748048,0.370365035389325,-0.32114414107480466,1.008078342158642,0.6869342010838371,1.0117152361193882,0.004821079513330329,1.0165363156327185,0.21415602592138522,0.30523286943836,0.37410639234515825,0.8646841909184703,0.484,0.029241399108682228,0.9712869211565994,0.02125,0.01625,0.37065154718431675,0.09617836353262148,0.5811796867026368,0.2,0.034386486017649716,0.9738601279717383,
sample_size,sample_size_synthetic,synthetic,train_fraction,0.5,s_learner,11,4000,2000,0.485,3.800306558609009,0.44750483538030245,0.2853848937580078,0.3399594045055158,-0.2853848937580077,0.9978978781676284,0.7125129844096206,0.9593151756878215,0.004662296263233667,0.9639774719510552,0.19741177986945402,0.2868471158981989,0.36879910648996234,0.7374122666981281,0.485,0.017347623812113768,0.9690144131977361,0.0225,0.01875,0.3664698228405565,0.10514615400957501,0.5709199225372437,0.2,0.023062055210376364,0.9659980123959844,
sample_size,sample_size_synthetic,synthetic,train_fraction,0.5,s_learner,12,4000,2000,0.50575,3.7974987030029297,0.46527356293822003,0.28466819540530997,0.3381369264547171,-0.2846681954053099,1.0092853693263442,0.7246171739210342,0.9342311902246003,0.002955322256542825,0.9371865124811432,0.18884367372271238,0.2810281531705458,0.36872676638860896,0.7844232079980585,0.50575,0.022952286670617234,0.9821252852832569,0.01775,0.02375,0.37750392489406726,0.1103370630997885,0.5809612793592609,0.2,0.028735521560314694,0.97361817560186,
sample_size,sample_size_synthetic,synthetic,train_fraction,0.5,s_learner,13,4000,2000,0.5005,3.8035953044891357,0.4498356988154415,0.24892824728326068,0.31291418961209605,-0.2489282472832607,0.9893875482172994,0.7404593009340387,1.022730280990662,0.005270309850702537,1.0280005908413645,0.19334034135734324,0.30655728164109214,0.31551002991157023,0.7605946293637345,0.5005,0.02255146988072949,0.9773074561971764,0.0125,0.016,0.36445186445186445,0.09719947584535292,0.5933709558649379,0.15,0.019716937435284503,0.9794365695399461,
sample_size,sample_size_synthetic,synthetic,train_fraction,0.5,s_learner,14,4000,2000,0.5045,3.8185269832611084,0.48143550431674553,0.2576149634436339,0.33621027689132155,-0.2576149634436341,1.0242686503744984,0.7666536869308646,1.0801728330883844,0.004732395332829764,1.0849052284212142,0.21808365163558283,0.29066950211436116,0.31723865209882135,0.8333252536142647,0.5045,0.023943695455320817,0.9636841907521632,0.013,0.01525,0.36372396164089293,0.10097619535274946,0.5754586126701676,0.2,0.021013985718330845,0.9664973002302226,
sample_size,sample_size_synthetic,synthetic,train_fraction,0.5,s_learner,15,4000,2000,0.49075,3.8804829120635986,0.4716337397402601,0.3070900031706615,0.34381384076596383,-0.3070900031706615,0.994233348418107,0.6871433452474455,1.0275198205545204,0.004111653184827313,1.0316314737393477,0.2175213841696292,0.3200640167169027,0.3786733673216129,0.7724011207648622,0.49075,0.02767585876068899,0.975609587490257,0.016,0.0165,0.3585847256223442,0.09945810792869228,0.5983580436163225,0.2,0.03186835173635913,0.9783440421462763,
sample_size,sample_size_synthetic,synthetic,train_fraction,0.5,s_learner,16,4000,2000,0.49225,3.8640329837799072,0.47094680131733524,0.3101786216158383,0.34562190148548017,-0.3101786216158383,1.0016643811772643,0.691485759561426,1.0672039545273497,0.003086960541385686,1.0702909150687354,0.20315115179920348,0.2706694882320238,0.36560447198038976,0.7993525920486718,0.49225,0.031141624393564216,0.9630878977173003,0.0175,0.01375,0.35679096903030955,0.09901304549163167,0.5873814818341636,0.2,0.033380006533432705,0.9568541615506944,
sample_size,sample_size_synthetic,synthetic,train_fraction,0.5,s_learner,17,4000,2000,0.49275,3.791675090789795,0.46237911897010103,0.28895914882399354,0.34007827070681923,-0.2889591488239935,0.9937781601215252,0.7048190112975317,1.007448410864404,0.007958126759244122,1.015406537623648,0.21448658817477312,0.24946712835308196,0.3572000242640141,0.7869864018319931,0.49275,0.03354156258830147,0.9676996308425492,0.017,0.019,0.3724910662466784,0.10235742456144876,0.5792443889509811,0.15,0.02369437964679253,0.9709079817930104,
sample_size,sample_size_synthetic,synthetic,train_fraction,0.5,s_learner,18,4000,2000,0.498,3.7697222232818604,0.46261137203889074,0.27662607086206525,0.3307482855692821,-0.27662607086206525,1.0237966091927893,0.747170538330724,1.0976651190394282,0.0033873536503843393,1.1010524726898125,0.19990987852231074,0.27800842378470003,0.33707683206201794,0.7906729363142485,0.498,0.04385712009026454,0.9618309247303187,0.01,0.00925,0.34843757500120004,0.0907301391537984,0.5241186813633563,0.2,0.039848919795107206,0.9773004964875711,
sample_size,sample_size_synthetic,synthetic,train_fraction,0.5,s_learner,19,4000,2000,0.4985,3.770674705505371,0.5343184456027974,0.35591601985227983,0.40479915818738166,-0.35591601985228,0.9799029946616354,0.6239869748093556,0.9746563558749336,0.008208298133341563,0.9828646540082752,0.2334268917816508,0.3464853766930585,0.42847080760175316,0.8853571834066104,0.4985,0.021583192001707573,0.9793726834996768,0.014,0.01275,0.3516246646219816,0.09329241041774747,0.5885090039105612,0.2,0.0212746369220421,0.9781047231158733,
sample_size,sample_size_synthetic,synthetic,train_fraction,0.5,s_learner,20,4000,2000,0.50375,3.909813642501831,0.4728245914440366,0.291897957276687,0.33807426586969497,-0.29189795727668694,0.9959894759218607,0.7040915186451737,0.9791768136067178,0.002704846419792184,0.98188166002651,0.18037043455450796,0.2751845305869849,0.38900422115624217,0.7966605760822766,0.50375,0.02035899836458596,0.9870878884709642,0.02375,0.02975,0.37750748479601975,0.10093497355532806,0.621705213616375,0.2,0.027570558885307437,0.9794471325460131,
sample_size,sample_size_synthetic,synthetic,train_fraction,0.5,s_learner,21,4000,2000,0.50225,3.9049103260040283,0.4512025665157297,0.3118625427562729,0.3525747656773445,-0.3118625427562729,1.0207415090390914,0.7088789662828185,0.9442015845562765,0.00185779295570343,0.9460593775119799,0.18001041569740087,0.2988903675549329,0.38279733974510016,0.7389600931233881,0.50225,0.020156024553026092,0.9716839435494965,0.01775,0.0195,0.3597322845787627,0.09399869247214533,0.5837576456360776,0.2,0.029937229230678607,0.965092506125045,
sample_size,sample_size_synthetic,synthetic,train_fraction,0.5,s_learner,22,4000,2000,0.49425,3.8179879188537598,0.4695758929961552,0.3237704779964101,0.3541700539057638,-0.3237704779964101,0.9845333051330328,0.6607628271366227,0.9871960696535274,0.0021659231401367496,0.9893619927936641,0.18222743986814588,0.3127661468082081,0.363763170254371,0.786544932390314,0.49425,0.011703160853065117,0.9867407363435579,0.02125,0.01875,0.36750235218607663,0.10396344344526134,0.6118058336846521,0.15,0.015126341540155616,0.9816053309905833,
sample_size,sample_size_synthetic,synthetic,train_fraction,0.5,s_learner,23,4000,2000,0.49375,3.8825833797454834,0.44055370910868785,0.3177879508793363,0.35011827102285736,-0.3177879508793363,0.9858277156315673,0.668039764752231,1.033879424810049,0.0074546834214477276,1.0413341082314966,0.22959227476068028,0.33683602101152305,0.3837709339383604,0.6803668385665993,0.49375,0.02670797357386385,0.9732306828833264,0.0155,0.01875,0.3691076730739178,0.09999580991781946,0.5794599384196883,0.15,0.036273894556599164,0.9732012578498234,
sample_size,sample_size_synthetic,synthetic,train_fraction,0.5,s_learner,24,4000,2000,0.5005,3.8506784439086914,0.49502604039251574,0.2966842158061693,0.3622818174745348,-0.2966842158061693,0.9898141538456205,0.6931299380394512,0.9606057677264439,0.007857750735231095,0.968463518461675,0.2166822316563694,0.2857334718360133,0.39558604060021824,0.8337385685608929,0.5005,0.031950440137986494,0.9835562049083696,0.0135,0.01375,0.3535838535838536,0.0915342193925255,0.5645838135474368,0.15,0.03061599735796627,0.9842577814034624,
sample_size,sample_size_synthetic,synthetic,train_fraction,0.5,s_learner,25,4000,2000,0.49725,3.8441097736358643,0.41940180160693896,0.26366659118648417,0.3095148344582061,-0.26366659118648417,0.9607481280307981,0.697081536844314,0.9352398757691295,0.0022737805433501457,0.9375136563124796,0.17056888231612596,0.24652430993782368,0.3292820935286399,0.7108423233327403,0.49725,0.02626704788598219,0.9748898095416361,0.013,0.011,0.3574723135374845,0.09511757008425988,0.5774206458486335,0.15,0.03161156453014201,0.9789880771186055,
sample_size,sample_size_synthetic,synthetic,train_fraction,0.5,s_learner,26,4000,2000,0.5035,3.836984157562256,0.4535207754930851,0.24310400029025037,0.308529390594482,-0.24310400029025048,0.9984765979427137,0.7553725976524633,0.9787838914266588,0.003947182884310285,0.9827310743109691,0.19845123174525958,0.2306715727266353,0.3333321929825734,0.7867793582011641,0.5035,0.02212560444298915,0.9644105686178516,0.01675,0.0195,0.3782215328551099,0.09982369310505464,0.5751808187092551,0.15,0.025200432120718715,0.9529073791260166,
sample_size,sample_size_synthetic,synthetic,train_fraction,0.5,s_learner,27,4000,2000,0.4955,3.8547253608703613,0.4768485474886438,0.287447479503692,0.35106044577077855,-0.287447479503692,0.9886827328665322,0.7012352533628402,1.0184351684116457,0.004344155529418359,1.022779323941064,0.20735146412474614,0.28188199345641013,0.3893093663859427,0.7971977661174532,0.4955,0.02331567765540506,0.9672753246076105,0.01475,0.01175,0.3511549435504276,0.09877753559151294,0.540624138353695,0.15,0.022955119279030774,0.9675311157044532,
sample_size,sample_size_synthetic,synthetic,train_fraction,0.5,s_learner,28,4000,2000,0.5045,3.829393148422241,0.4050515732871293,0.24305791916758013,0.29763171347838235,-0.24305791916758016,0.9834043175144798,0.7403463983468996,1.0257618757832443,0.0030937005850606436,1.028855576368305,0.19394630118754616,0.2452907118110985,0.3259932295603723,0.672467710247256,0.5045,0.03179878815974804,0.9685735341099626,0.016,0.017,0.37730956207452804,0.09993861065209611,0.5616250391973353,0.2,0.037856738973889574,0.9689901252091718,
sample_size,sample_size_synthetic,synthetic,train_fraction,0.5,s_learner,29,4000,2000,0.498,3.794339418411255,0.48428498581279167,0.31198320581329353,0.3618202926541313,-0.3119832058132935,1.0023774149168188,0.6903942091035252,0.9981594342190984,0.007095911832989743,1.005255346052088,0.21499091467428239,0.3027407707953567,0.38729864805809383,0.8063835808428299,0.498,0.025566902896292577,0.9685719874659928,0.012,0.0115,0.3614437831005296,0.09389125927491468,0.6003634354468588,0.2,0.021851686948532956,0.9757825759161984,
sample_size,sample_size_synthetic,synthetic,train_fraction,0.5,t_learner,0,4000,2000,0.49875,3.7570619583129883,0.7683354448712544,0.08239080427152301,0.6083370109674402,-0.08239080427152293,0.9761767889127134,0.8937859846411904,0.8366055917116401,0.08596025474830205,0.9225658464599421,0.7282754514794458,0.7229528471794117,0.7434415385955551,0.8692560897688892,0.49875,0.01621445228264693,0.9705104798842377,0.016,0.0175,0.36323727023293895,0.09266109887728734,0.5812512665079287,0.15,0.01751464613977833,0.9709117505131559,
sample_size,sample_size_synthetic,synthetic,train_fraction,0.5,t_learner,1,4000,2000,0.49375,3.598231315612793,0.7809643089290573,0.16038884207739446,0.6199002255705707,-0.16038884207739448,0.9952623742528588,0.8348735321754643,0.8759989472605479,0.11150063958361212,0.9874995868441601,0.807714947067476,0.7034189462919772,0.7524982302453782,0.8521536076570951,0.49375,0.02845157011793398,0.9589373549157015,0.0145,0.0135,0.35374277230817314,0.0975198825625291,0.5554828676083811,0.2,0.028551091273580093,0.9639985712522868,
sample_size,sample_size_synthetic,synthetic,train_fraction,0.5,t_learner,2,4000,2000,0.494,3.5674848556518555,0.7879499424892947,0.06776330723836799,0.625530619132755,-0.06776330723836795,1.0092771305266088,0.9415138232882408,0.9664905316653767,0.0799239399036773,1.046414471569054,0.7730542900094033,0.7138978957318675,0.784772266019388,0.8719689198188174,0.494,0.020260290801415264,0.9775167741329757,0.02325,0.0165,0.36793098206141683,0.10229483907571793,0.6146968279307592,0.15,0.02615533252974723,0.9793669573259696,
sample_size,sample_size_synthetic,synthetic,train_fraction,0.5,t_learner,3,4000,2000,0.4985,3.7230424880981445,0.7907694711617921,0.09169263773192804,0.6209416894030978,-0.09169263773192796,1.0015045942012186,0.9098119564692906,0.9370907387851869,0.08539040320783797,1.0224811419930249,0.7586101973683318,0.7014334648611248,0.7796566849318152,0.9087918037421067,0.4985,0.011032074065184583,0.9793388670928579,0.01575,0.017,0.3712553412980717,0.1050562002885804,0.5557012608366426,0.2,0.017246274361952287,0.9758861148044957,
sample_size,sample_size_synthetic,synthetic,train_fraction,0.5,t_learner,4,4000,2000,0.4965,3.5941262245178223,0.7875468614819316,0.05494775875379254,0.6179130675365299,-0.0549477587537924,1.0237232477201006,0.968775488966308,0.9524965086983852,0.08402626757217968,1.0365227762705649,0.7612652408862419,0.7873105033105464,0.7220242076283615,0.8719052036282997,0.4965,0.01629320589137047,0.9760898172858155,0.0135,0.01425,0.3523112632518993,0.09321035045849896,0.5389221704678343,0.2,0.017193404491357145,0.9769899468579579,
sample_size,sample_size_synthetic,synthetic,train_fraction,0.5,t_learner,5,4000,2000,0.51075,3.546151876449585,0.7280298453068542,0.02196326213967892,0.5802032459060574,-0.021963262139678846,0.9979068192407434,0.9759435571010645,0.9004984582743714,0.07485713380530945,0.9753555920796808,0.7131310275090168,0.7175368496742617,0.6928509992539089,0.7852721327198732,0.51075,0.027954992412459627,0.9750952978339568,0.01375,0.01625,0.3695575779904261,0.09729895782924938,0.5856641737769294,0.15,0.028487486608745765,0.9763252887297412,
sample_size,sample_size_synthetic,synthetic,train_fraction,0.5,t_learner,6,4000,2000,0.4995,3.613804340362549,0.7672367615734487,0.08712302427771479,0.5981788572226405,-0.08712302427771468,0.972925580160135,0.8858025558824202,0.8681498117865909,0.07141874874148779,0.9395685605280787,0.7845560432022161,0.6931664151952645,0.69044063017947,0.8842470612653774,0.4995,0.02619942420542139,0.958231001880516,0.01575,0.01375,0.3521313521313521,0.09997255941956149,0.5886250204852396,0.2,0.02281681048745643,0.9561696257484746,
sample_size,sample_size_synthetic,synthetic,train_fraction,0.5,t_learner,7,4000,2000,0.49,3.5971593856811523,0.7445911894068398,0.07807405107410814,0.5846996665330986,-0.07807405107410809,1.009776751687524,0.9317027006134159,0.8546411000773578,0.08062793112152344,0.9352690311988813,0.7301175689706416,0.7318666304868832,0.7163954655627821,0.7973338478645133,0.49,0.020439184043347988,0.9763337595884236,0.01475,0.013,0.3566626650660264,0.09173493028803026,0.5624877270255749,0.15,0.022536925345838454,0.9722988721459459,
sample_size,sample_size_synthetic,synthetic,train_fraction,0.5,t_learner,8,4000,2000,0.49425,3.685622215270996,0.7884178662682019,0.03973782051711594,0.620782003721964,-0.03973782051711596,1.0128692173154303,0.9731313967983144,0.9676891943186142,0.08783940025494641,1.0555285945735606,0.7612545655507921,0.7769980074835158,0.7438950450238077,0.8659080044596918,0.49425,0.02752613740106243,0.9737984742576109,0.01375,0.01125,0.37976847438073685,0.095502616705782,0.5972627675790516,0.2,0.027639494982361488,0.9733076831505832,
sample_size,sample_size_synthetic,synthetic,train_fraction,0.5,t_learner,9,4000,2000,0.514,3.701390266418457,0.7461978835250913,0.10731050886063276,0.5871647973726072,-0.10731050886063292,0.9977204602086691,0.8904099513480364,0.9089539116131917,0.08505968623646065,0.9940135978496524,0.740167059185423,0.723075427344728,0.6935469804292008,0.821919924514476,0.514,0.029515662129326856,0.9836005806558288,0.02,0.02125,0.3741633440617444,0.09729045544320838,0.5569819510541064,0.2,0.03475393493134254,0.9756256280497015,
sample_size,sample_size_synthetic,synthetic,train_fraction,0.5,t_learner,10,4000,2000,0.484,3.666043281555176,0.7659666183466379,0.14871738021183933,0.5971405560524131,-0.14871738021183917,1.008078342158642,0.8593609619468026,0.9204278899840176,0.09610842564870092,1.0165363156327185,0.7499039024410812,0.7003259267830804,0.7142185863703978,0.8853807011380269,0.484,0.029241399108682228,0.9712869211565994,0.02125,0.01625,0.37065154718431675,0.09617836353262148,0.5811796867026368,0.2,0.034386486017649716,0.9738601279717383,
sample_size,sample_size_synthetic,synthetic,train_fraction,0.5,t_learner,11,4000,2000,0.485,3.6154658794403076,0.7805091858987314,0.1097307129034043,0.612176623343375,-0.1097307129034043,0.9978978781676284,0.8881671652642241,0.8641201046670153,0.09985736728403993,0.9639774719510552,0.7253534884995572,0.827383371283023,0.7467067063638559,0.8176224834275935,0.485,0.017347623812113768,0.9690144131977361,0.0225,0.01875,0.3664698228405565,0.10514615400957501,0.5709199225372437,0.2,0.023062055210376364,0.9659980123959844,
sample_size,sample_size_synthetic,synthetic,train_fraction,0.5,t_learner,12,4000,2000,0.50575,3.6925048828125,0.7871380671052182,0.09854206113700892,0.6199265019046789,-0.09854206113700886,1.0092853693263442,0.9107433081893352,0.8532365902656338,0.08394992221550934,0.9371865124811432,0.7423460447539962,0.8104401374316309,0.7301901107159217,0.8586482879707631,0.50575,0.022952286670617234,0.9821252852832569,0.01775,0.02375,0.37750392489406726,0.1103370630997885,0.5809612793592609,0.2,0.028735521560314694,0.97361817560186,
sample_size,sample_size_synthetic,synthetic,train_fraction,0.5,t_learner,13,4000,2000,0.5005,3.679189682006836,0.7524807840716062,0.06702430147445493,0.5874658536845346,-0.06702430147445491,0.9893875482172994,0.9223632467428444,0.9491896144292332,0.0788109764121313,1.0280005908413645,0.7079002322524328,0.7273115001903232,0.716480416202074,0.8493882372948386,0.5005,0.02255146988072949,0.9773074561971764,0.0125,0.016,0.36445186445186445,0.09719947584535292,0.5933709558649379,0.15,0.019716937435284503,0.9794365695399461,
sample_size,sample_size_synthetic,synthetic,train_fraction,0.5,t_learner,14,4000,2000,0.5045,3.6435813903808594,0.7804268753620686,0.08114754826253756,0.6111534261050211,-0.08114754826253781,1.0242686503744984,0.9431211021119609,0.9990242751632541,0.08588095325796008,1.0849052284212142,0.7414778214636929,0.7393320540822114,0.7320840401305896,0.8966137091410735,0.5045,0.023943695455320817,0.9636841907521632,0.013,0.01525,0.36372396164089293,0.10097619535274946,0.5754586126701676,0.2,0.021013985718330845,0.9664973002302226,
sample_size,sample_size_synthetic,synthetic,train_fraction,0.5,t_learner,15,4000,2000,0.49075,3.600982427597046,0.7900964922084214,0.11893486117559504,0.6272740371011625,-0.11893486117559511,0.994233348418107,0.8752984872425119,0.9432944370904313,0.08833703664891646,1.0316314737393477,0.7750675770615267,0.7806252972678664,0.7693716840150916,0.8336494923464058,0.49075,0.02767585876068899,0.975609587490257,0.016,0.0165,0.3585847256223442,0.09945810792869228,0.5983580436163225,0.2,0.03186835173635913,0.9783440421462763,
sample_size,sample_size_synthetic,synthetic,train_fraction,0.5,t_learner,16,4000,2000,0.49225,3.616975784301758,0.7568023182782534,0.11025113418852461,0.6008303891879764,-0.11025113418852456,1.0016643811772643,0.8914132469887397,0.9926434017355632,0.07764751333317221,1.0702909150687354,0.784385109259281,0.6929935348486632,0.721670775689206,0.8213953057765521,0.49225,0.031141624393564216,0.9630878977173003,0.0175,0.01375,0.35679096903030955,0.09901304549163167,0.5873814818341636,0.2,0.033380006533432705,0.9568541615506944,
sample_size,sample_size_synthetic,synthetic,train_fraction,0.5,t_learner,17,4000,2000,0.49275,3.724851131439209,0.7600833090067691,0.03931937688772613,0.5953365963400765,-0.03931937688772614,0.9937781601215252,0.9544587832337991,0.9381068326062596,0.07729970501738848,1.015406537623648,0.7040067201279312,0.7497689236085242,0.7054062256525009,0.8692121159642447,0.49275,0.03354156258830147,0.9676996308425492,0.017,0.019,0.3724910662466784,0.10235742456144876,0.5792443889509811,0.15,0.02369437964679253,0.9709079817930104,
sample_size,sample_size_synthetic,synthetic,train_fraction,0.5,t_learner,18,4000,2000,0.498,3.712210178375244,0.7642555180316033,0.05838342985380174,0.614160433459976,-0.05838342985380146,1.0237966091927893,0.9654131793389875,1.0335083155739244,0.06754415711588813,1.1010524726898125,0.7870480457533414,0.7787902655707276,0.6949146139479565,0.7921368332660091,0.498,0.04385712009026454,0.9618309247303187,0.01,0.00925,0.34843757500120004,0.0907301391537984,0.5241186813633563,0.2,0.039848919795107206,0.9773004964875711,
sample_size,sample_size_synthetic,synthetic,train_fraction,0.5,t_learner,19,4000,2000,0.4985,3.654264211654663,0.7804290281481845,0.13762673290579452,0.6188185697711562,-0.13762673290579466,0.9799029946616354,0.8422762617558409,0.883544852385219,0.0993198016230562,0.9828646540082752,0.7543799192513752,0.7360542802464313,0.7531614338706228,0.8707242734622841,0.4985,0.021583192001707573,0.9793726834996768,0.014,0.01275,0.3516246646219816,0.09329241041774747,0.5885090039105612,0.2,0.0212746369220421,0.9781047231158733,
sample_size,sample_size_synthetic,synthetic,train_fraction,0.5,t_learner,20,4000,2000,0.50375,3.6368274688720703,0.7491773050353251,0.10248333625292816,0.5917004801837218,-0.10248333625292814,0.9959894759218607,0.8935061396689326,0.9053991454536853,0.07648251457282473,0.98188166002651,0.8010313615147209,0.6986045236283989,0.6878338998541524,0.8014059777461159,0.50375,0.02035899836458596,0.9870878884709642,0.02375,0.02975,0.37750748479601975,0.10093497355532806,0.621705213616375,0.2,0.027570558885307437,0.9794471325460131,
sample_size,sample_size_synthetic,synthetic,train_fraction,0.5,t_learner,21,4000,2000,0.50225,3.761486053466797,0.8212351681672602,0.09501431578411801,0.6456195019160569,-0.09501431578411788,1.0207415090390914,0.9257271932549734,0.8551577614713003,0.09090161604067959,0.9460593775119799,0.792257240797826,0.8075053293957534,0.7502109336201145,0.9247464345519478,0.50225,0.020156024553026092,0.9716839435494965,0.01775,0.0195,0.3597322845787627,0.09399869247214533,0.5837576456360776,0.2,0.029937229230678607,0.965092506125045,
sample_size,sample_size_synthetic,synthetic,train_fraction,0.5,t_learner,22,4000,2000,0.49425,3.582402467727661,0.7729165423517969,0.08635531600207358,0.6021907611248171,-0.08635531600207354,0.9845333051330328,0.8981779891309593,0.9008984544560824,0.08846353833758169,0.9893619927936641,0.6868186876930892,0.6924700923615532,0.7479180501792334,0.9375413470352368,0.49425,0.011703160853065117,0.9867407363435579,0.02125,0.01875,0.36750235218607663,0.10396344344526134,0.6118058336846521,0.15,0.015126341540155616,0.9816053309905833,
sample_size,sample_size_synthetic,synthetic,train_fraction,0.5,t_learner,23,4000,2000,0.49375,3.6401169300079346,0.7880013833585084,0.13665543405353653,0.616261706944493,-0.13665543405353642,0.9858277156315673,0.8491722815780308,0.9379382737165022,0.10339583451499446,1.0413341082314966,0.7288648535180192,0.7527473388533731,0.7565569680988214,0.9019610545229393,0.49375,0.02670797357386385,0.9732306828833264,0.0155,0.01875,0.3691076730739178,0.09999580991781946,0.5794599384196883,0.15,0.036273894556599164,0.9732012578498234,
sample_size,sample_size_synthetic,synthetic,train_fraction,0.5,t_learner,24,4000,2000,0.5005,3.5955867767333984,0.7669650091887082,0.13006056695840318,0.6061568164839737,-0.13006056695840318,0.9898141538456205,0.8597535868872174,0.8773417925837929,0.09112172587788214,0.968463518461675,0.742612396631951,0.6929545763539108,0.7639976992886214,0.8588303675579689,0.5005,0.031950440137986494,0.9835562049083696,0.0135,0.01375,0.3535838535838536,0.0915342193925255,0.5645838135474368,0.15,0.03061599735796627,0.9842577814034624,
sample_size,sample_size_synthetic,synthetic,train_fraction,0.5,t_learner,25,4000,2000,0.49725,3.6501705646514893,0.7780683449999946,0.060619727454476746,0.6199195463312664,-0.06061972745447679,0.9607481280307981,0.9001284005763214,0.8495393627442314,0.08797429356824826,0.9375136563124796,0.7841679934847124,0.7132306525032701,0.7755275354974773,0.8345663748158386,0.49725,0.02626704788598219,0.9748898095416361,0.013,0.011,0.3574723135374845,0.09511757008425988,0.5774206458486335,0.15,0.03161156453014201,0.9789880771186055,
sample_size,sample_size_synthetic,synthetic,train_fraction,0.5,t_learner,26,4000,2000,0.5035,3.7158164978027344,0.7275956684513506,0.05150580109707126,0.569964668551459,-0.051505801097071355,0.9984765979427137,0.9469707968456424,0.9103791133786007,0.0723519609323684,0.9827310743109691,0.7111757993916868,0.6975229350316244,0.7120468527652649,0.786296282534908,0.5035,0.02212560444298915,0.9644105686178516,0.01675,0.0195,0.3782215328551099,0.09982369310505464,0.5751808187092551,0.15,0.025200432120718715,0.9529073791260166,
sample_size,sample_size_synthetic,synthetic,train_fraction,0.5,t_learner,27,4000,2000,0.4955,3.701693296432495,0.7915640586487828,0.07501833687276349,0.6285123288957323,-0.07501833687276348,0.9886827328665322,0.9136643959937687,0.9368094250842268,0.08596989885683726,1.022779323941064,0.7947030954751559,0.7905114446135707,0.7465936757324624,0.8321244889507796,0.4955,0.02331567765540506,0.9672753246076105,0.01475,0.01175,0.3511549435504276,0.09877753559151294,0.540624138353695,0.15,0.022955119279030774,0.9675311157044532,
sample_size,sample_size_synthetic,synthetic,train_fraction,0.5,t_learner,28,4000,2000,0.5045,3.7104578018188477,0.7714992823616711,0.06541559957935061,0.6111207983130643,-0.06541559957935067,0.9834043175144798,0.9179887179351292,0.9372103921153944,0.09164518425291057,1.028855576368305,0.7306538171309781,0.7597986118469997,0.7593283950193246,0.8325359020504606,0.5045,0.03179878815974804,0.9685735341099626,0.016,0.017,0.37730956207452804,0.09993861065209611,0.5616250391973353,0.2,0.037856738973889574,0.9689901252091718,
sample_size,sample_size_synthetic,synthetic,train_fraction,0.5,t_learner,29,4000,2000,0.498,3.633068561553955,0.803871769646549,0.11413303725296664,0.638125702105872,-0.11413303725296656,1.0023774149168188,0.8882443776638521,0.909063588774147,0.09619175727794116,1.005255346052088,0.7935879976018994,0.754026341101865,0.7435359115828726,0.9130476456965795,0.498,0.025566902896292577,0.9685719874659928,0.012,0.0115,0.3614437831005296,0.09389125927491468,0.6003634354468588,0.2,0.021851686948532956,0.9757825759161984,
sample_size,sample_size_synthetic,synthetic,train_fraction,0.5,x_learner,0,4000,2000,0.49875,7.217532157897949,0.37863801294375554,0.0336832267426137,0.28046382915435175,-0.03368322674261363,0.9761767889127134,0.9424935621700997,0.9100444124695248,0.012521433990417274,0.9225658464599421,0.3851466285548173,0.31013127424416903,0.31180730748739516,0.48137703479703814,0.49875,0.01621445228264693,0.9705104798842377,0.016,0.0175,0.36323727023293895,0.09266109887728734,0.5812512665079287,0.15,0.01751464613977833,0.9709117505131559,
sample_size,sample_size_synthetic,synthetic,train_fraction,0.5,x_learner,1,4000,2000,0.49375,7.493848085403442,0.3904042771187034,0.07691421086742622,0.2989487571068072,-0.07691421086742622,0.9952623742528588,0.9183481633854326,0.9627561783785056,0.02474340846565448,0.9874995868441601,0.40996493982439525,0.3316314873235528,0.33457609308704933,0.4686898132403389,0.49375,0.02845157011793398,0.9589373549157015,0.0145,0.0135,0.35374277230817314,0.0975198825625291,0.5554828676083811,0.2,0.028551091273580093,0.9639985712522868,
sample_size,sample_size_synthetic,synthetic,train_fraction,0.5,x_learner,2,4000,2000,0.494,7.785463571548462,0.40604375678739385,0.005196242905414428,0.3078387966930929,-0.0051962429054142195,1.0092771305266088,1.0040808876211944,1.0383081267642305,0.008106344804823529,1.046414471569054,0.40222085412727515,0.34134124322213993,0.3775352065741647,0.488526189350963,0.494,0.020260290801415264,0.9775167741329757,0.02325,0.0165,0.36793098206141683,0.10229483907571793,0.6146968279307592,0.15,0.02615533252974723,0.9793669573259696,
sample_size,sample_size_synthetic,synthetic,train_fraction,0.5,x_learner,3,4000,2000,0.4985,7.72380805015564,0.4032755371537571,0.00397679140072249,0.3041858631185994,-0.003976791400722536,1.0015045942012186,0.9975278028004961,1.0130120100194202,0.00946913197360466,1.0224811419930249,0.3873948780142539,0.3459974346860466,0.33105343179936947,0.5207103268031678,0.4985,0.011032074065184583,0.9793388670928579,0.01575,0.017,0.3712553412980717,0.1050562002885804,0.5557012608366426,0.2,0.017246274361952287,0.9758861148044957,
sample_size,sample_size_synthetic,synthetic,train_fraction,0.5,x_learner,4,4000,2000,0.4965,7.996065616607666,0.3928842199413551,0.001474166606674654,0.30055843817639993,0.0014741666066747925,1.0237232477201006,1.0251974143267752,1.026282539540597,0.010240236729967878,1.0365227762705649,0.3496437025225048,0.32595224246789467,0.36820930251350825,0.5033471640674347,0.4965,0.01629320589137047,0.9760898172858155,0.0135,0.01425,0.3523112632518993,0.09321035045849896,0.5389221704678343,0.2,0.017193404491357145,0.9769899468579579,
sample_size,sample_size_synthetic,synthetic,train_fraction,0.5,x_learner,5,4000,2000,0.51075,7.869203090667725,0.3858528585614912,0.021377703979606366,0.2853103010584083,0.021377703979606325,0.9979068192407434,1.0192845232203498,0.9671645021347862,0.008191089944894592,0.9753555920796808,0.38506691136518606,0.2979250670466244,0.33614483980739673,0.4954800588400065,0.51075,0.027954992412459627,0.9750952978339568,0.01375,0.01625,0.3695575779904261,0.09729895782924938,0.5856641737769294,0.15,0.028487486608745765,0.9763252887297412,
sample_size,sample_size_synthetic,synthetic,train_fraction,0.5,x_learner,6,4000,2000,0.4995,7.856706857681274,0.39479445448530026,0.02683222640320304,0.2910034896820611,-0.026832226403202895,0.972925580160135,0.9460933537569319,0.9257325623656419,0.013835998162436747,0.9395685605280787,0.3613551382951956,0.33531078996856806,0.33126193836952783,0.5202934859436174,0.4995,0.02619942420542139,0.958231001880516,0.01575,0.01375,0.3521313521313521,0.09997255941956149,0.5886250204852396,0.2,0.02281681048745643,0.9561696257484746,
sample_size,sample_size_synthetic,synthetic,train_fraction,0.5,x_learner,7,4000,2000,0.49,7.819379806518555,0.40068823870166503,0.04060071231704909,0.3047934803213818,-0.04060071231704906,1.009776751687524,0.9691760393704749,0.919127831021558,0.016141200177323234,0.9352690311988813,0.4093691606657858,0.32567174959787887,0.3395871605698603,0.5032291930334689,0.49,0.020439184043347988,0.9763337595884236,0.01475,0.013,0.3566626650660264,0.09173493028803026,0.5624877270255749,0.15,0.022536925345838454,0.9722988721459459,
sample_size,sample_size_synthetic,synthetic,train_fraction,0.5,x_learner,8,4000,2000,0.49425,7.52435827255249,0.39701577402540816,0.019065787628534725,0.2952073119389149,-0.019065787628534774,1.0128692173154303,0.9938034296868956,1.0435079647927437,0.012020629780816972,1.0555285945735606,0.3754716739230369,0.311702336934014,0.3536729236824953,0.5169760512684883,0.49425,0.02752613740106243,0.9737984742576109,0.01375,0.01125,0.37976847438073685,0.095502616705782,0.5972627675790516,0.2,0.027639494982361488,0.9733076831505832,
sample_size,sample_size_synthetic,synthetic,train_fraction,0.5,x_learner,9,4000,2000,0.514,7.325646638870239,0.37010598785245574,0.02500116553122811,0.26673520267110085,-0.02500116553122808,0.9977204602086691,0.972719294677441,0.9839241866492251,0.010089411200427278,0.9940135978496524,0.36472152683264186,0.28663323742526303,0.30002546180248424,0.4926642734308566,0.514,0.029515662129326856,0.9836005806558288,0.02,0.02125,0.3741633440617444,0.09729045544320838,0.5569819510541064,0.2,0.03475393493134254,0.9756256280497015,
sample_size,sample_size_synthetic,synthetic,train_fraction,0.5,x_learner,10,4000,2000,0.484,7.277039527893066,0.40910518211940605,0.036507608069390574,0.3064272770915003,-0.03650760806939043,1.008078342158642,0.9715707340892513,0.9991745870095233,0.017361728623195183,1.0165363156327185,0.36987912721508526,0.32852682167949276,0.37802277106143634,0.5308733779298223,0.484,0.029241399108682228,0.9712869211565994,0.02125,0.01625,0.37065154718431675,0.09617836353262148,0.5811796867026368,0.2,0.034386486017649716,0.9738601279717383,
sample_size,sample_size_synthetic,synthetic,train_fraction,0.5,x_learner,11,4000,2000,0.485,7.394510746002197,0.41732183392183314,0.0190161748745592,0.31071753429956117,-0.01901617487455919,0.9978978781676284,0.9788817032930692,0.9493863064825538,0.014591165468501366,0.9639774719510552,0.3744736697067713,0.35260007948332006,0.3599983581972979,0.5499762622254515,0.485,0.017347623812113768,0.9690144131977361,0.0225,0.01875,0.3664698228405565,0.10514615400957501,0.5709199225372437,0.2,0.023062055210376364,0.9659980123959844,
sample_size,sample_size_synthetic,synthetic,train_fraction,0.5,x_learner,12,4000,2000,0.50575,7.570681095123291,0.41976860950797945,0.017943805024734694,0.3159763913931024,-0.017943805024734694,1.0092853693263442,0.9913415643016095,0.9210898542339931,0.01609665824715001,0.9371865124811432,0.41672550779874734,0.3319067094881049,0.35458778877352537,0.5433857097057363,0.50575,0.022952286670617234,0.9821252852832569,0.01775,0.02375,0.37750392489406726,0.1103370630997885,0.5809612793592609,0.2,0.028735521560314694,0.97361817560186,
sample_size,sample_size_synthetic,synthetic,train_fraction,0.5,x_learner,13,4000,2000,0.5005,7.179850339889526,0.3940798214583868,0.02744759641806671,0.289923098941774,-0.027447596418066794,0.9893875482172994,0.9619399517992326,1.0116503378648274,0.01635025297653714,1.0280005908413645,0.3881524943571727,0.3179896931076863,0.3170039710061988,0.5185791176769285,0.5005,0.02255146988072949,0.9773074561971764,0.0125,0.016,0.36445186445186445,0.09719947584535292,0.5933709558649379,0.15,0.019716937435284503,0.9794365695399461,
sample_size,sample_size_synthetic,synthetic,train_fraction,0.5,x_learner,14,4000,2000,0.5045,7.227575063705444,0.4352664574305387,0.008595929955081738,0.32025666105705713,0.008595929955081402,1.0242686503744984,1.0328645803295802,1.0726637077874608,0.012241520633753389,1.0849052284212142,0.4086538721685433,0.34651863544024175,0.37130692208276916,0.5769623675112902,0.5045,0.023943695455320817,0.9636841907521632,0.013,0.01525,0.36372396164089293,0.10097619535274946,0.5754586126701676,0.2,0.021013985718330845,0.9664973002302226,
sample_size,sample_size_synthetic,synthetic,train_fraction,0.5,x_learner,15,4000,2000,0.49075,7.430187702178955,0.402262957367745,0.04402643775493276,0.29462253398998883,-0.04402643775493277,0.994233348418107,0.9502069106631742,1.008444223738413,0.02318725000093469,1.0316314737393477,0.3923147152012694,0.35184192863834884,0.36166747696440105,0.4886256287545459,0.49075,0.02767585876068899,0.975609587490257,0.016,0.0165,0.3585847256223442,0.09945810792869228,0.5983580436163225,0.2,0.03186835173635913,0.9783440421462763,
sample_size,sample_size_synthetic,synthetic,train_fraction,0.5,x_learner,16,4000,2000,0.49225,7.393280506134033,0.3947512449933174,0.03819633652140153,0.2911039935993114,-0.038196336521401475,1.0016643811772643,0.9634680446558628,1.0570189520374533,0.013271963031282086,1.0702909150687354,0.3553913281470307,0.3350667200905589,0.3404933634936034,0.5184647992656335,0.49225,0.031141624393564216,0.9630878977173003,0.0175,0.01375,0.35679096903030955,0.09901304549163167,0.5873814818341636,0.2,0.033380006533432705,0.9568541615506944,
sample_size,sample_size_synthetic,synthetic,train_fraction,0.5,x_learner,17,4000,2000,0.49275,7.346960544586182,0.36987266144905123,0.02280889500351968,0.2774225664914901,-0.022808895003519545,0.9937781601215252,0.9709692651180055,1.0001125181429809,0.01529401948066722,1.015406537623648,0.37616341725721564,0.3168919035480401,0.3223377045121247,0.44877851105255206,0.49275,0.03354156258830147,0.9676996308425492,0.017,0.019,0.3724910662466784,0.10235742456144876,0.5792443889509811,0.15,0.02369437964679253,0.9709079817930104,
sample_size,sample_size_synthetic,synthetic,train_fraction,0.5,x_learner,18,4000,2000,0.498,7.280406475067139,0.3909531097534327,0.020316185671295006,0.29094440155882234,-0.02031618567129486,1.0237966091927893,1.0034804235214942,1.0889993526994997,0.012053119990312888,1.1010524726898125,0.3857698878447789,0.3212122142955632,0.33678553784256793,0.49594066643417983,0.498,0.04385712009026454,0.9618309247303187,0.01,0.00925,0.34843757500120004,0.0907301391537984,0.5241186813633563,0.2,0.039848919795107206,0.9773004964875711,
sample_size,sample_size_synthetic,synthetic,train_fraction,0.5,x_learner,19,4000,2000,0.4985,7.4787917137146,0.4498313392517137,0.08197992021616585,0.3296210619504991,-0.08197992021616592,0.9799029946616354,0.8979230744454696,0.9607171887699557,0.022147465238319453,0.9828646540082752,0.5080681110235193,0.3231084736513722,0.3601850668020493,0.5631406232553623,0.4985,0.021583192001707573,0.9793726834996768,0.014,0.01275,0.3516246646219816,0.09329241041774747,0.5885090039105612,0.2,0.0212746369220421,0.9781047231158733,
sample_size,sample_size_synthetic,synthetic,train_fraction,0.5,x_learner,20,4000,2000,0.50375,7.5480637550354,0.39812703301313246,0.025730182889126207,0.2940468066163988,-0.025730182889126155,0.9959894759218607,0.9702592930327345,0.9686909041815086,0.0131907558450014,0.98188166002651,0.33564802042104935,0.3351188518227528,0.3557944261860633,0.5314758936195696,0.50375,0.02035899836458596,0.9870878884709642,0.02375,0.02975,0.37750748479601975,0.10093497355532806,0.621705213616375,0.2,0.027570558885307437,0.9794471325460131,
sample_size,sample_size_synthetic,synthetic,train_fraction,0.5,x_learner,21,4000,2000,0.50225,7.360366582870483,0.41264916314317884,0.03728916340479649,0.32154059279593594,-0.03728916340479637,1.0207415090390914,0.983452345634295,0.935306612768702,0.01075276474327791,0.9460593775119799,0.3933316573293736,0.36910401167167656,0.377431419925332,0.49771004262985696,0.50225,0.020156024553026092,0.9716839435494965,0.01775,0.0195,0.3597322845787627,0.09399869247214533,0.5837576456360776,0.2,0.029937229230678607,0.965092506125045,
sample_size,sample_size_synthetic,synthetic,train_fraction,0.5,x_learner,22,4000,2000,0.49425,7.551815986633301,0.4366012896221087,0.0063160205590415686,0.3171209329623216,0.006316020559041574,0.9845333051330328,0.9908493256920744,0.9720116139665644,0.017350378827099666,0.9893619927936641,0.4914775601757095,0.3608152315706873,0.35946383506650487,0.5114006963119601,0.49425,0.011703160853065117,0.9867407363435579,0.02125,0.01875,0.36750235218607663,0.10396344344526134,0.6118058336846521,0.15,0.015126341540155616,0.9816053309905833,
sample_size,sample_size_synthetic,synthetic,train_fraction,0.5,x_learner,23,4000,2000,0.49375,7.430755853652954,0.3815418465067264,0.07558795680115926,0.29023996481040204,-0.07558795680115932,0.9858277156315673,0.9102397588304081,1.0211127206433377,0.020221387588158946,1.0413341082314966,0.36725757434102446,0.3131210635699396,0.3362198680147112,0.4861378369693069,0.49375,0.02670797357386385,0.9732306828833264,0.0155,0.01875,0.3691076730739178,0.09999580991781946,0.5794599384196883,0.15,0.036273894556599164,0.9732012578498234,
sample_size,sample_size_synthetic,synthetic,train_fraction,0.5,x_learner,24,4000,2000,0.5005,7.517968416213989,0.3871041951878169,0.08733622043616895,0.28298796914196894,-0.08733622043616902,0.9898141538456205,0.9024779334094516,0.9476182790046079,0.020845239457067066,0.968463518461675,0.34788338058422746,0.33086225937599273,0.34285929362887907,0.5013516284348128,0.5005,0.031950440137986494,0.9835562049083696,0.0135,0.01375,0.3535838535838536,0.0915342193925255,0.5645838135474368,0.15,0.03061599735796627,0.9842577814034624,
sample_size,sample_size_synthetic,synthetic,train_fraction,0.5,x_learner,25,4000,2000,0.49725,7.34720516204834,0.37525703578164216,0.01215488369154527,0.27743645853288573,0.012154883691545257,0.9607481280307981,0.9729030117223434,0.9254138198333232,0.012099836479156467,0.9375136563124796,0.37543617656408257,0.31998800016051265,0.3096498845094045,0.4733325234103714,0.49725,0.02626704788598219,0.9748898095416361,0.013,0.011,0.3574723135374845,0.09511757008425988,0.5774206458486335,0.15,0.03161156453014201,0.9789880771186055,
sample_size,sample_size_synthetic,synthetic,train_fraction,0.5,x_learner,26,4000,2000,0.5035,7.360862970352173,0.444224918762547,0.02576947456677159,0.3210080799941801,0.025769474566771342,0.9984765979427137,1.0242460725094853,0.9709271431250996,0.01180393118586942,0.9827310743109691,0.43441631526893926,0.3226986798031726,0.36787263391649516,0.600966609800539,0.5035,0.02212560444298915,0.9644105686178516,0.01675,0.0195,0.3782215328551099,0.09982369310505464,0.5751808187092551,0.15,0.025200432120718715,0.9529073791260166,
sample_size,sample_size_synthetic,synthetic,train_fraction,0.5,x_learner,27,4000,2000,0.4955,7.184170722961426,0.39690429361573637,0.008012736568685397,0.2959054817156482,-0.008012736568685409,0.9886827328665322,0.9806699962978468,1.010263179915004,0.01251614402606016,1.022779323941064,0.4029208207342762,0.3119562017875101,0.3254196726479247,0.5143658719251032,0.4955,0.02331567765540506,0.9672753246076105,0.01475,0.01175,0.3511549435504276,0.09877753559151294,0.540624138353695,0.15,0.022955119279030774,0.9675311157044532,
sample_size,sample_size_synthetic,synthetic,train_fraction,0.5,x_learner,28,4000,2000,0.5045,7.315943717956543,0.4023259965941942,0.014607964836964138,0.3023983874853766,-0.014607964836964122,0.9834043175144798,0.9687963526775156,1.0149845829389799,0.013870993429325074,1.028855576368305,0.4282658903424453,0.3199020563170316,0.3514857306397144,0.4880303400732785,0.5045,0.03179878815974804,0.9685735341099626,0.016,0.017,0.37730956207452804,0.09993861065209611,0.5616250391973353,0.2,0.037856738973889574,0.9689901252091718,
sample_size,sample_size_synthetic,synthetic,train_fraction,0.5,x_learner,29,4000,2000,0.498,7.465608835220337,0.4076225190131184,0.07959324960716818,0.2990942402326816,-0.07959324960716818,1.0023774149168188,0.9227841653096506,0.9851299972864489,0.020125348765639206,1.005255346052088,0.3771674639382959,0.31639257757199096,0.34643763055717847,0.549768934338813,0.498,0.025566902896292577,0.9685719874659928,0.012,0.0115,0.3614437831005296,0.09389125927491468,0.6003634354468588,0.2,0.021851686948532956,0.9757825759161984,
sample_size,sample_size_synthetic,synthetic,train_fraction,0.5,neural_rep,0,4000,2000,0.49875,3.640424966812134,0.3970688199631941,0.025630107669894153,0.2881895852693217,-0.025630107669894094,0.9761767889127134,0.9505466812428193,0.9141585266297484,0.008407319830193716,0.9225658464599421,0.3818957739130548,0.2534060513149049,0.28128476465747393,0.5843581635810182,0.49875,0.01621445228264693,0.9705104798842377,0.016,0.0175,0.36323727023293895,0.09266109887728734,0.5812512665079287,0.15,0.01751464613977833,0.9709117505131559,
sample_size,sample_size_synthetic,synthetic,train_fraction,0.5,neural_rep,1,4000,2000,0.49375,3.6216397285461426,0.41412246922163254,0.12581992416189247,0.29709191398687157,-0.12581992416189233,0.9952623742528588,0.8694424500909663,0.9789331048917513,0.008566481952408722,0.9874995868441601,0.3162412076057248,0.22922128976902825,0.31500140704136903,0.6589483216061347,0.49375,0.02845157011793398,0.9589373549157015,0.0145,0.0135,0.35374277230817314,0.0975198825625291,0.5554828676083811,0.2,0.028551091273580093,0.9639985712522868,
sample_size,sample_size_synthetic,synthetic,train_fraction,0.5,neural_rep,2,4000,2000,0.494,4.055150985717773,0.43068668382908776,0.05691561811387569,0.3172905730688758,-0.05691561811387558,1.0092771305266088,0.9523615124127331,1.0381339550446433,0.008280516524410642,1.046414471569054,0.38039413964324115,0.3091325182889813,0.35187760449243805,0.6147223882606204,0.494,0.020260290801415264,0.9775167741329757,0.02325,0.0165,0.36793098206141683,0.10229483907571793,0.6146968279307592,0.15,0.02615533252974723,0.9793669573259696,
sample_size,sample_size_synthetic,synthetic,train_fraction,0.5,neural_rep,3,4000,2000,0.4985,3.2692487239837646,0.43026922798328043,0.034158408841287735,0.3083835513451195,-0.03415840884128778,1.0015045942012186,0.9673461853599309,1.0156642097710578,0.006816932221967109,1.0224811419930249,0.36168609821950365,0.28038841871664405,0.31850720316936026,0.655473185363731,0.4985,0.011032074065184583,0.9793388670928579,0.01575,0.017,0.3712553412980717,0.1050562002885804,0.5557012608366426,0.2,0.017246274361952287,0.9758861148044957,
sample_size,sample_size_synthetic,synthetic,train_fraction,0.5,neural_rep,4,4000,2000,0.4965,3.7167553901672363,0.4803061694845142,0.10536044749139073,0.3482552513467656,-0.10536044749139063,1.0237232477201006,0.9183628002287099,1.030061594069397,0.006461182201167981,1.0365227762705649,0.385549997181721,0.29686023124084127,0.34572276073955904,0.7526466908629668,0.4965,0.01629320589137047,0.9760898172858155,0.0135,0.01425,0.3523112632518993,0.09321035045849896,0.5389221704678343,0.2,0.017193404491357145,0.9769899468579579,
sample_size,sample_size_synthetic,synthetic,train_fraction,0.5,neural_rep,5,4000,2000,0.51075,3.6136059761047363,0.4371840839762609,0.077136781753125,0.33226603527157783,0.07713678175312522,0.9979068192407434,1.0750436009938684,0.969156297092537,0.0061992949871437775,0.9753555920796808,0.4724402685043366,0.346502878671863,0.2722188699139446,0.5891965103079674,0.51075,0.027954992412459627,0.9750952978339568,0.01375,0.01625,0.3695575779904261,0.09729895782924938,0.5856641737769294,0.15,0.028487486608745765,0.9763252887297412,
sample_size,sample_size_synthetic,synthetic,train_fraction,0.5,neural_rep,6,4000,2000,0.4995,4.403681516647339,0.4153633423198397,0.07738474413797458,0.31304082814268863,0.07738474413797493,0.972925580160135,1.0503103242981096,0.9302058703718324,0.009362690156246245,0.9395685605280787,0.4627820991502522,0.313012209449043,0.3045301297233384,0.5340639569424569,0.4995,0.02619942420542139,0.958231001880516,0.01575,0.01375,0.3521313521313521,0.09997255941956149,0.5886250204852396,0.2,0.02281681048745643,0.9561696257484746,
sample_size,sample_size_synthetic,synthetic,train_fraction,0.5,neural_rep,7,4000,2000,0.49,3.3995749950408936,0.450055572574597,0.08222768490027299,0.3357413760436017,-0.08222768490027298,1.009776751687524,0.927549066787251,0.9298392631831238,0.005429768015757452,0.9352690311988813,0.42560077647031025,0.23630584603672578,0.3099436226426119,0.6907666397573814,0.49,0.020439184043347988,0.9763337595884236,0.01475,0.013,0.3566626650660264,0.09173493028803026,0.5624877270255749,0.15,0.022536925345838454,0.9722988721459459,
sample_size,sample_size_synthetic,synthetic,train_fraction,0.5,neural_rep,8,4000,2000,0.49425,4.485881567001343,0.3905992721305894,0.0352981073454397,0.2894402120259615,-0.035298107345439714,1.0128692173154303,0.9775711099699906,1.0491635966453265,0.006364997928234084,1.0555285945735606,0.36866692938224405,0.2560848955526018,0.32213694084731226,0.5522718337440364,0.49425,0.02752613740106243,0.9737984742576109,0.01375,0.01125,0.37976847438073685,0.095502616705782,0.5972627675790516,0.2,0.027639494982361488,0.9733076831505832,
sample_size,sample_size_synthetic,synthetic,train_fraction,0.5,neural_rep,9,4000,2000,0.514,3.287827968597412,0.4077230596322806,0.0008755015132494437,0.3040368056368302,0.0008755015132493878,0.9977204602086691,0.9985959617219186,0.985500392127027,0.008513205722625372,0.9940135978496524,0.40733710010244367,0.2688948895255719,0.3111603741133385,0.574372370742572,0.514,0.029515662129326856,0.9836005806558288,0.02,0.02125,0.3741633440617444,0.09729045544320838,0.5569819510541064,0.2,0.03475393493134254,0.9756256280497015,
sample_size,sample_size_synthetic,synthetic,train_fraction,0.5,neural_rep,10,4000,2000,0.484,4.195669889450073,0.4200214842630204,0.01312406583772796,0.3148921721299204,-0.013124065837727926,1.008078342158642,0.9949542763209139,1.00380529795727,0.012731017675448486,1.0165363156327185,0.322014039024231,0.3465579269625657,0.36285933109507806,0.5917853130468729,0.484,0.029241399108682228,0.9712869211565994,0.02125,0.01625,0.37065154718431675,0.09617836353262148,0.5811796867026368,0.2,0.034386486017649716,0.9738601279717383,
sample_size,sample_size_synthetic,synthetic,train_fraction,0.5,neural_rep,11,4000,2000,0.485,3.7410595417022705,0.4385208394537844,0.029183606956222907,0.325649802856864,-0.02918360695622281,0.9978978781676284,0.9687142712114055,0.9568401110020079,0.007137360949047267,0.9639774719510552,0.36953282616618277,0.2965422607120695,0.3383294092496015,0.6559294896368294,0.485,0.017347623812113768,0.9690144131977361,0.0225,0.01875,0.3664698228405565,0.10514615400957501,0.5709199225372437,0.2,0.023062055210376364,0.9659980123959844,
sample_size,sample_size_synthetic,synthetic,train_fraction,0.5,neural_rep,12,4000,2000,0.50575,4.438323974609375,0.4363608650228099,0.026771782293778967,0.329879616094603,0.02677178229377887,1.0092853693263442,1.0360571516201231,0.9295038154752129,0.007682697005930272,0.9371865124811432,0.5007151915746669,0.2977743358499562,0.3023347774350675,0.5751970464828292,0.50575,0.022952286670617234,0.9821252852832569,0.01775,0.02375,0.37750392489406726,0.1103370630997885,0.5809612793592609,0.2,0.028735521560314694,0.97361817560186,
sample_size,sample_size_synthetic,synthetic,train_fraction,0.5,neural_rep,13,4000,2000,0.5005,6.253952741622925,0.4336831307870967,0.02499272479581871,0.3355055390065484,-0.024992724795818804,0.9893875482172994,0.9643948234214806,1.0164540955470718,0.011546495294292747,1.0280005908413645,0.3901269479768079,0.36993730600169544,0.3764346159858933,0.5670701594117382,0.5005,0.02255146988072949,0.9773074561971764,0.0125,0.016,0.36445186445186445,0.09719947584535292,0.5933709558649379,0.15,0.019716937435284503,0.9794365695399461,
sample_size,sample_size_synthetic,synthetic,train_fraction,0.5,neural_rep,14,4000,2000,0.5045,4.753653287887573,0.48270831929976643,0.0038451821141747278,0.36752992000339707,-0.0038451821141751276,1.0242686503744984,1.0204234682603237,1.0769000164408828,0.008005211980331328,1.0849052284212142,0.4823696109055803,0.3434105931874959,0.39273488558329944,0.6535880343856556,0.5045,0.023943695455320817,0.9636841907521632,0.013,0.01525,0.36372396164089293,0.10097619535274946,0.5754586126701676,0.2,0.021013985718330845,0.9664973002302226,
sample_size,sample_size_synthetic,synthetic,train_fraction,0.5,neural_rep,15,4000,2000,0.49075,4.092717409133911,0.3816730003443662,0.05318275869430389,0.28731498292571483,0.053182758694303944,0.994233348418107,1.0474161071124108,1.0240401417071365,0.007591332032211184,1.0316314737393477,0.3313804450650064,0.3101355601672351,0.33166422456147926,0.5164289823991178,0.49075,0.02767585876068899,0.975609587490257,0.016,0.0165,0.3585847256223442,0.09945810792869228,0.5983580436163225,0.2,0.03186835173635913,0.9783440421462763,
sample_size,sample_size_synthetic,synthetic,train_fraction,0.5,neural_rep,16,4000,2000,0.49225,4.569193363189697,0.4543039371792751,0.06391818205792976,0.33950545863301007,-0.0639181820579298,1.0016643811772643,0.9377461991193345,1.058611997783244,0.01167891728549142,1.0702909150687354,0.33666792901005693,0.3657348613052214,0.3837401622454333,0.6566616130308982,0.49225,0.031141624393564216,0.9630878977173003,0.0175,0.01375,0.35679096903030955,0.09901304549163167,0.5873814818341636,0.2,0.033380006533432705,0.9568541615506944,
sample_size,sample_size_synthetic,synthetic,train_fraction,0.5,neural_rep,17,4000,2000,0.49275,3.974970579147339,0.412925066695808,0.10238805055893341,0.3108491292106251,-0.10238805055893342,0.9937781601215252,0.8913901095625918,1.0000374819555933,0.015369055668054799,1.015406537623648,0.3086151858191566,0.3389807347333645,0.38994864115900774,0.5655238532923514,0.49275,0.03354156258830147,0.9676996308425492,0.017,0.019,0.3724910662466784,0.10235742456144876,0.5792443889509811,0.15,0.02369437964679253,0.9709079817930104,
sample_size,sample_size_synthetic,synthetic,train_fraction,0.5,neural_rep,18,4000,2000,0.498,4.396185636520386,0.43269653585656903,0.135093452565343,0.318309915501662,-0.1350934525653429,1.0237966091927893,0.8887031566274463,1.0928054880267646,0.008246984663047963,1.1010524726898125,0.33309611897906377,0.2552093954539063,0.3430045489713993,0.6746615358438367,0.498,0.04385712009026454,0.9618309247303187,0.01,0.00925,0.34843757500120004,0.0907301391537984,0.5241186813633563,0.2,0.039848919795107206,0.9773004964875711,
sample_size,sample_size_synthetic,synthetic,train_fraction,0.5,neural_rep,19,4000,2000,0.4985,3.96403431892395,0.46005979656317025,0.1385482451804947,0.32837387703867355,-0.13854824518049474,0.9799029946616354,0.8413547494811408,0.9753465072257516,0.007518146782523605,0.9828646540082752,0.28498934227315087,0.31171672828175895,0.3840129232156551,0.7216424991353979,0.4985,0.021583192001707573,0.9793726834996768,0.014,0.01275,0.3516246646219816,0.09329241041774747,0.5885090039105612,0.2,0.0212746369220421,0.9781047231158733,
sample_size,sample_size_synthetic,synthetic,train_fraction,0.5,neural_rep,20,4000,2000,0.50375,3.868870258331299,0.5017108861879075,0.15228825657713096,0.3675890085824181,-0.15228825657713094,0.9959894759218607,0.8437012193447297,0.9628880426038876,0.0189936174226224,0.98188166002651,0.32546785987637217,0.3697824527882002,0.47312476995047464,0.7350781013841786,0.50375,0.02035899836458596,0.9870878884709642,0.02375,0.02975,0.37750748479601975,0.10093497355532806,0.621705213616375,0.2,0.027570558885307437,0.9794471325460131,
sample_size,sample_size_synthetic,synthetic,train_fraction,0.5,neural_rep,21,4000,2000,0.50225,4.53105616569519,0.4457623066268755,0.03692014254050657,0.33955525641555423,-0.03692014254050647,1.0207415090390914,0.9838213664985849,0.9401821703177025,0.005877207194277423,0.9460593775119799,0.4321291305837828,0.3125101548789687,0.3212997343563318,0.6381100487676307,0.50225,0.020156024553026092,0.9716839435494965,0.01775,0.0195,0.3597322845787627,0.09399869247214533,0.5837576456360776,0.2,0.029937229230678607,0.965092506125045,
sample_size,sample_size_synthetic,synthetic,train_fraction,0.5,neural_rep,22,4000,2000,0.49425,3.219123601913452,0.4808373636726451,0.056293398837089836,0.3563938083874134,-0.05629339883708981,0.9845333051330328,0.928239906295943,0.9779534459043877,0.011408546889276394,0.9893619927936641,0.4508823688081508,0.2950855768470292,0.36014130965353486,0.7104548614306766,0.49425,0.011703160853065117,0.9867407363435579,0.02125,0.01875,0.36750235218607663,0.10396344344526134,0.6118058336846521,0.15,0.015126341540155616,0.9816053309905833,
sample_size,sample_size_synthetic,synthetic,train_fraction,0.5,neural_rep,23,4000,2000,0.49375,3.5507216453552246,0.4609952345170143,0.15126125983884964,0.3548673832343978,-0.15126125983884947,0.9858277156315673,0.8345664557927177,1.031580432341892,0.00975367588960463,1.0413341082314966,0.35127813629798144,0.33921971255057004,0.41128844485930016,0.6651630609789841,0.49375,0.02670797357386385,0.9732306828833264,0.0155,0.01875,0.3691076730739178,0.09999580991781946,0.5794599384196883,0.15,0.036273894556599164,0.9732012578498234,
sample_size,sample_size_synthetic,synthetic,train_fraction,0.5,neural_rep,24,4000,2000,0.5005,3.249235153198242,0.4428209475911258,0.19081912805597867,0.31674412685500414,-0.19081912805597867,0.9898141538456205,0.7989950257896419,0.9613897553589882,0.007073763102686814,0.968463518461675,0.2638379095875901,0.2580358185709692,0.36907923031624046,0.7155062278205845,0.5005,0.031950440137986494,0.9835562049083696,0.0135,0.01375,0.3535838535838536,0.0915342193925255,0.5645838135474368,0.15,0.03061599735796627,0.9842577814034624,
sample_size,sample_size_synthetic,synthetic,train_fraction,0.5,neural_rep,25,4000,2000,0.49725,3.9531521797180176,0.48254229314099045,0.007633541810254885,0.3676251506215736,-0.007633541810254963,0.9607481280307981,0.9531145862205432,0.9287893392907232,0.008724317021756467,0.9375136563124796,0.48137766588823305,0.34188014365339053,0.37086888885648533,0.6672615949662858,0.49725,0.02626704788598219,0.9748898095416361,0.013,0.011,0.3574723135374845,0.09511757008425988,0.5774206458486335,0.15,0.03161156453014201,0.9789880771186055,
sample_size,sample_size_synthetic,synthetic,train_fraction,0.5,neural_rep,26,4000,2000,0.5035,4.023190975189209,0.46661385207118095,0.01743611101753917,0.3291498899329352,-0.017436111017539384,0.9984765979427137,0.9810404869251745,0.9744049360270941,0.008326138283874962,0.9827310743109691,0.3889478091360122,0.3173836290224039,0.32521648864807484,0.7163347102347517,0.5035,0.02212560444298915,0.9644105686178516,0.01675,0.0195,0.3782215328551099,0.09982369310505464,0.5751808187092551,0.15,0.025200432120718715,0.9529073791260166,
sample_size,sample_size_synthetic,synthetic,train_fraction,0.5,neural_rep,27,4000,2000,0.4955,4.4585466384887695,0.41482742699794073,0.008435084829448214,0.31168477990783583,-0.008435084829448098,0.9886827328665322,0.980247648037084,1.016011009774149,0.006768314166915035,1.022779323941064,0.3635888063098099,0.29621611585316343,0.34625956369072747,0.5903309952447925,0.4955,0.02331567765540506,0.9672753246076105,0.01475,0.01175,0.3511549435504276,0.09877753559151294,0.540624138353695,0.15,0.022955119279030774,0.9675311157044532,
sample_size,sample_size_synthetic,synthetic,train_fraction,0.5,neural_rep,28,4000,2000,0.5045,4.592554569244385,0.389655834811142,0.05944487310306057,0.2980396974842379,0.05944487310306062,0.9834043175144798,1.0428491906175403,1.017392772204558,0.011462804163747009,1.028855576368305,0.4355799709783769,0.3352896135653764,0.3287258362647425,0.44397856581052925,0.5045,0.03179878815974804,0.9685735341099626,0.016,0.017,0.37730956207452804,0.09993861065209611,0.5616250391973353,0.2,0.037856738973889574,0.9689901252091718,
sample_size,sample_size_synthetic,synthetic,train_fraction,0.5,neural_rep,29,4000,2000,0.498,3.6329152584075928,0.4538696202193289,0.14461725760488975,0.33540008782604336,-0.1446172576048897,1.0023774149168188,0.857760157311929,0.9966149194013435,0.008640426650744604,1.005255346052088,0.32696327268476516,0.3508389117698502,0.38548169812289973,0.6673840463689945,0.498,0.025566902896292577,0.9685719874659928,0.012,0.0115,0.3614437831005296,0.09389125927491468,0.6003634354468588,0.2,0.021851686948532956,0.9757825759161984,
sample_size,sample_size_synthetic,synthetic,train_fraction,0.75,s_learner,0,6000,2000,0.504,5.852632761001587,0.3877318038175201,0.2532684395671968,0.30408891595373727,-0.25326843956719675,0.9761767889127134,0.7229083493455166,0.9196086069053828,0.0029572395545592878,0.9225658464599421,0.1989040985231313,0.28742519881359563,0.3332678848089881,0.6067126489525005,0.504,0.015468643267486934,0.9711220480206152,0.0125,0.015666666666666666,0.3557827700972862,0.09166971539601812,0.5495856201237015,0.2,0.015523792352969834,0.9709117505131559,
sample_size,sample_size_synthetic,synthetic,train_fraction,0.75,s_learner,1,6000,2000,0.49316666666666664,5.9055187702178955,0.4695107280619613,0.3239317396238103,0.3603304988058442,-0.32393173962381017,0.9952623742528588,0.6713306346290485,0.9814049393682278,0.006094647475932247,0.9874995868441601,0.25147341859483524,0.31937040596515437,0.3843463200394248,0.7541902047011241,0.49316666666666664,0.021815742751296552,0.9742235472921142,0.02033333333333333,0.018333333333333333,0.363647365691303,0.09743299238034618,0.5875209499786687,0.2,0.028551091273580093,0.9648167322769728,
sample_size,sample_size_synthetic,synthetic,train_fraction,0.75,s_learner,2,6000,2000,0.5003333333333333,5.775385141372681,0.4243176919650675,0.23789756408184104,0.30300196045574396,-0.23789756408184098,1.0092771305266088,0.7713795664447678,1.043058810641664,0.003355660927389925,1.046414471569054,0.19191007821129746,0.2512915889767502,0.32665678081849675,0.716589437260987,0.5003333333333333,0.01971494313957048,0.979618723765972,0.014666666666666666,0.013666666666666667,0.3606183824970589,0.09424734691111307,0.572936226649471,0.15,0.017591698677665704,0.9793669573259696,
sample_size,sample_size_synthetic,synthetic,train_fraction,0.75,s_learner,3,6000,2000,0.49683333333333335,5.958310604095459,0.43212646567740026,0.26937800370980625,0.3139751916387127,-0.26937800370980636,1.0015045942012186,0.7321265904914124,1.0194437284911306,0.003037413501894237,1.0224811419930249,0.19751368029845678,0.2746428710880588,0.329684227622971,0.723741030250101,0.49683333333333335,0.014000795122922238,0.9818499595929883,0.018666666666666668,0.017333333333333333,0.3685925624350043,0.09941512317696688,0.5559504590456145,0.2,0.019197625073799098,0.9758861148044957,
sample_size,sample_size_synthetic,synthetic,train_fraction,0.75,s_learner,4,6000,2000,0.49566666666666664,5.784201622009277,0.4164031850561177,0.2538013348801823,0.2984115321592652,-0.2538013348801822,1.0237232477201006,0.7699219128399183,1.0324365033114364,0.004086272959128445,1.0365227762705649,0.16897065948008624,0.25750935186316065,0.33200366442480683,0.6989119163713674,0.49566666666666664,0.016439434223431127,0.9749579081045825,0.013166666666666667,0.010333333333333333,0.34022422128595436,0.0934124963730271,0.529576044676417,0.2,0.017193404491357145,0.9769899468579579,
sample_size,sample_size_synthetic,synthetic,train_fraction,0.75,s_learner,5,6000,2000,0.49483333333333335,5.8329246044158936,0.41261615058962803,0.23614080980939423,0.2921399651628331,-0.23614080980939428,0.9979068192407434,0.7617660094313492,0.971084110683699,0.004271481395981769,0.9753555920796808,0.19325069844116446,0.2693243620795381,0.29508859221368355,0.6957367528005176,0.49483333333333335,0.021742661492394927,0.9922762061820163,0.023,0.016,0.3754908718586507,0.10122031512939438,0.5793968928051653,0.15,0.027021497048347824,0.9879391287029303,
sample_size,sample_size_synthetic,synthetic,train_fraction,0.75,s_learner,6,6000,2000,0.49533333333333335,5.894283294677734,0.4126228476446995,0.1963612287604809,0.293021366180139,-0.1963612287604808,0.972925580160135,0.7765643513996541,0.9374213644150375,0.00214719611304115,0.9395685605280787,0.18321652550121176,0.2518522562071078,0.3198423073553032,0.6940702427319386,0.49533333333333335,0.019297142282775258,0.9808594026909708,0.018666666666666668,0.015666666666666666,0.35675241043219763,0.1032153445386503,0.6019157785857507,0.2,0.02281681048745643,0.9758864729507553,
sample_size,sample_size_synthetic,synthetic,train_fraction,0.75,s_learner,7,6000,2000,0.5015,5.784157752990723,0.4753606072639738,0.3104999389347045,0.3432698006123451,-0.31049993893470446,1.009776751687524,0.6992768127528195,0.9328146268133578,0.0024544043855234676,0.9352690311988813,0.18546862743189096,0.29275180018257724,0.3603221597821852,0.8086634285361172,0.5015,0.02851659217643125,0.9678988168064082,0.011166666666666667,0.0125,0.34455276764157544,0.09296158086100083,0.5586867071033734,0.15,0.025302031401405366,0.9722988721459459,
sample_size,sample_size_synthetic,synthetic,train_fraction,0.75,s_learner,8,6000,2000,0.5005,5.869794130325317,0.43604254107620743,0.24114645922614264,0.3088280673737379,-0.24114645922614275,1.0128692173154303,0.7717227580892877,1.0533470219801513,0.002181572593409342,1.0555285945735606,0.16863751334686602,0.22669658898276765,0.31125322618996176,0.7640836769195428,0.5005,0.022737764937432382,0.973067871807892,0.014666666666666666,0.014666666666666666,0.36224102890769555,0.0946457352192512,0.5671737167647076,0.2,0.0235854278146069,0.9733076831505832,
sample_size,sample_size_synthetic,synthetic,train_fraction,0.75,s_learner,9,6000,2000,0.5035,5.869134187698364,0.39319549152306615,0.22585070301218557,0.2849127884067765,-0.22585070301218557,0.9977204602086691,0.7718697571964835,0.9863118955589355,0.007701702290716872,0.9940135978496524,0.19507917371451064,0.2566558007593887,0.30352603621262625,0.6498881745937023,0.5035,0.03261341677346927,0.9653461751789688,0.014666666666666666,0.016666666666666666,0.36145171113384555,0.09383609404842402,0.5372528847559127,0.2,0.03475393493134254,0.9654650696119208,
sample_size,sample_size_synthetic,synthetic,train_fraction,0.75,s_learner,10,6000,2000,0.49033333333333334,5.923064947128296,0.38072514641679545,0.23645489839785527,0.2782785702155339,-0.23645489839785513,1.008078342158642,0.7716234437607866,1.0139613447230653,0.002574970909653196,1.0165363156327185,0.18054023510944045,0.264761325690172,0.28463312937124546,0.6293625299031581,0.49033333333333334,0.02311649443179206,0.9774951458671833,0.019666666666666666,0.014,0.3583552785730133,0.09123719254751365,0.5809758837424671,0.15,0.030345437727232742,0.9755297703938344,
sample_size,sample_size_synthetic,synthetic,train_fraction,0.75,s_learner,11,6000,2000,0.5013333333333333,5.962916135787964,0.43802856458203726,0.27062823217632215,0.3361160867340789,-0.27062823217632204,0.9978978781676284,0.7272696459913063,0.9560610049090549,0.00791646704200033,0.9639774719510552,0.2230987536644563,0.2896497556188794,0.3618364978578258,0.7091406119807786,0.5013333333333333,0.017703798487367983,0.9818350456430956,0.0185,0.0215,0.3634248065764023,0.0951384626619375,0.5719896024854132,0.2,0.023062055210376364,0.9742032926561258,
sample_size,sample_size_synthetic,synthetic,train_fraction,0.75,s_learner,12,6000,2000,0.5071666666666667,5.934268951416016,0.44210897085174794,0.2872079435081156,0.33206348586797224,-0.28720794350811557,1.0092853693263442,0.7220774258182285,0.9341619619829723,0.0030245504981708526,0.9371865124811432,0.19073011036337423,0.29424089300242295,0.3859648302074119,0.7140846169462288,0.5071666666666667,0.03349709694072112,0.9790534724486231,0.013666666666666667,0.018666666666666668,0.3553647854987097,0.09497040516103507,0.5663323473001313,0.2,0.031715526688110035,0.9822192023038969,
sample_size,sample_size_synthetic,synthetic,train_fraction,0.75,s_learner,13,6000,2000,0.5003333333333333,5.8219664096832275,0.4102171299414031,0.20180807469984163,0.2781331006523146,-0.2018080746998418,0.9893875482172994,0.7875794735174577,1.0244662737673238,0.003534317074040727,1.0280005908413645,0.18393977702017728,0.23945348727277113,0.27331146358897374,0.712208820868555,0.5003333333333333,0.023200405464595997,0.9796423429509361,0.0145,0.015333333333333332,0.3526232678325635,0.09550494597390412,0.5737880882409182,0.2,0.019716937435284503,0.9794365695399461,
sample_size,sample_size_synthetic,synthetic,train_fraction,0.75,s_learner,14,6000,2000,0.5013333333333333,5.930942535400391,0.447128274400775,0.23208650424091193,0.311175463461788,-0.23208650424091223,1.0242686503744984,0.7921821461335865,1.0811543407215913,0.00375088769962284,1.0849052284212142,0.1942429187446277,0.27075845807486365,0.3034350348063557,0.7723868853269164,0.5013333333333333,0.022408357286417938,0.9674767426230256,0.018333333333333333,0.016666666666666666,0.3648541500739561,0.09935992543471002,0.6246127588527705,0.2,0.021013985718330845,0.9664973002302226,
sample_size,sample_size_synthetic,synthetic,train_fraction,0.75,s_learner,15,6000,2000,0.49833333333333335,6.177175760269165,0.40282696278355573,0.2392015059439886,0.29698345382548214,-0.2392015059439887,0.994233348418107,0.7550318424741184,1.0291936199560172,0.0024378537833305014,1.0316314737393477,0.17974399854053652,0.2829726941907755,0.3524571495525314,0.6422388612051397,0.49833333333333335,0.02728385583178223,0.9787538550840829,0.012333333333333333,0.015,0.3448449427215858,0.08996263896529651,0.6019057886582033,0.15,0.027938846745364655,0.9827453885067727,
sample_size,sample_size_synthetic,synthetic,train_fraction,0.75,s_learner,16,6000,2000,0.4955,5.8741774559021,0.4595571803069432,0.27047931023609506,0.32511356409927283,-0.2704793102360951,1.0016643811772643,0.7311850709411692,1.0668263680424728,0.003464547026262643,1.0702909150687354,0.19542121875832968,0.25518400920966167,0.32816376338436554,0.7960976202644846,0.4955,0.015205857645298453,0.9691137049477426,0.017,0.015666666666666666,0.3676364452187294,0.09296122144156466,0.5803661028579948,0.2,0.014673863769019125,0.9648084027810745,
sample_size,sample_size_synthetic,synthetic,train_fraction,0.75,s_learner,17,6000,2000,0.49566666666666664,5.945519208908081,0.37204891610543467,0.22614566888113097,0.27442524196263335,-0.22614566888113094,0.9937781601215252,0.7676324912403942,1.013662350561998,0.0017441870616501376,1.015406537623648,0.1721382791550368,0.24463503668305248,0.2961990270370681,0.6135713747884864,0.49566666666666664,0.02558956225234848,0.9641814151661591,0.0115,0.012,0.35270471426520483,0.0964913849736536,0.5418963993962258,0.2,0.02369437964679253,0.9709079817930104,
sample_size,sample_size_synthetic,synthetic,train_fraction,0.75,s_learner,18,6000,2000,0.495,5.990946054458618,0.44617316176768507,0.28905181178352723,0.32939161112486115,-0.28905181178352707,1.0237966091927893,0.734744797409262,1.0996988135519525,0.0013536591378600082,1.1010524726898125,0.18563013312860402,0.3047568773540143,0.37273126559142006,0.7280233953368509,0.495,0.034173951743245556,0.9704134981250416,0.012666666666666666,0.011,0.3462946294629463,0.09260799789802168,0.5596080275505191,0.2,0.0376748719748798,0.972081523705094,
sample_size,sample_size_synthetic,synthetic,train_fraction,0.75,s_learner,19,6000,2000,0.506,6.196900129318237,0.47798720322266247,0.2897129046260709,0.35166379912009355,-0.28971290462607097,0.9799029946616354,0.6901900900355645,0.9742225929402465,0.008642061068028672,0.9828646540082752,0.2156956465378328,0.29981198434211204,0.37632186492610764,0.7974064721749499,0.506,0.01999641601772402,0.9783158231307312,0.011,0.01633333333333333,0.3517706549743163,0.09344092080906634,0.5777394430377946,0.2,0.0212746369220421,0.9781047231158733,
sample_size,sample_size_synthetic,synthetic,train_fraction,0.75,s_learner,20,6000,2000,0.5013333333333333,5.895856857299805,0.4047450475700562,0.24037722682944418,0.2818891373357985,-0.24037722682944423,0.9959894759218607,0.7556122490924165,0.9796380909052049,0.002243569121305078,0.98188166002651,0.17023449252029751,0.2375025720861921,0.3085728674093301,0.6889628041030458,0.5013333333333333,0.025877683242125648,0.9788934253402005,0.015166666666666667,0.018,0.35971455797019003,0.09697938316881133,0.5835783021663371,0.2,0.027570558885307437,0.9784447213209237,
sample_size,sample_size_synthetic,synthetic,train_fraction,0.75,s_learner,21,6000,2000,0.5006666666666667,5.902312278747559,0.43674936231130096,0.27648774165904233,0.3199274870302692,-0.2764877416590422,1.0207415090390914,0.7442537673800491,0.9444560254407026,0.0016033520712772642,0.9460593775119799,0.1685406288546788,0.23012947264004052,0.3214453136871037,0.7604652618454033,0.5006666666666667,0.024030461097045697,0.9816348483330748,0.018333333333333333,0.020666666666666667,0.35359485083529035,0.09350718226852381,0.5838036677395252,0.2,0.026282909786277182,0.9759708490075967,
sample_size,sample_size_synthetic,synthetic,train_fraction,0.75,s_learner,22,6000,2000,0.484,6.0049262046813965,0.4421552639517994,0.27562202467789476,0.32072733392038305,-0.2756220246778947,0.9845333051330328,0.7089112804551381,0.9841963814717045,0.0051656113219595845,0.9893619927936641,0.1913489435841035,0.2538004509917629,0.356142574328475,0.7444047886583304,0.484,0.013659992244887193,0.9800128137627263,0.018166666666666668,0.014,0.36353492643133234,0.09591496934767685,0.6360734654767747,0.2,0.015126341540155616,0.9816053309905833,
sample_size,sample_size_synthetic,synthetic,train_fraction,0.75,s_learner,23,6000,2000,0.4985,5.869165897369385,0.3800756776980011,0.23830354985429447,0.28304370879930185,-0.2383035498542945,0.9858277156315673,0.7475241657772729,1.0392261120103217,0.002107996221174968,1.0413341082314966,0.1969007520919708,0.2951688820515065,0.3332934957850651,0.5838244202427902,0.4985,0.020232779317601673,0.9769406999556899,0.015833333333333335,0.021166666666666667,0.3631156013737457,0.09682776667424955,0.6170857866743547,0.15,0.025464782350892595,0.9732012578498234,
sample_size,sample_size_synthetic,synthetic,train_fraction,0.75,s_learner,24,6000,2000,0.496,5.974628686904907,0.4426555709147021,0.3034967205336787,0.3355645454360378,-0.3034967205336786,0.9898141538456205,0.6863174333119418,0.9652770171561806,0.0031865013054943603,0.968463518461675,0.19233598262784807,0.30172189209213046,0.3653182072694795,0.722695783095226,0.496,0.024774486788935342,0.9877499115627416,0.017,0.016,0.35924965864481995,0.09564749372264764,0.6082760979744093,0.15,0.02758203197606996,0.9842577814034624,
sample_size,sample_size_synthetic,synthetic,train_fraction,0.75,s_learner,25,6000,2000,0.49916666666666665,5.839674949645996,0.37469401296057947,0.21970324405652908,0.27427760866781625,-0.2197032440565291,0.9607481280307981,0.741044883974269,0.9355689183560125,0.001944737956467102,0.9375136563124796,0.17890502744749207,0.21956828807462864,0.30455904561617997,0.6233850809518641,0.49916666666666665,0.03386059705265428,0.9729736186753345,0.011333333333333334,0.009333333333333334,0.34798041105669736,0.09084640219139731,0.550819224037957,0.2,0.0294609479427401,0.9789880771186055,
sample_size,sample_size_synthetic,synthetic,train_fraction,0.75,s_learner,26,6000,2000,0.5025,5.901417970657349,0.4298443296210241,0.2286094567279785,0.29215466246377847,-0.22860945672797867,0.9984765979427137,0.7698671412147352,0.9796471378713703,0.003083936439598811,0.9827310743109691,0.19349109248180896,0.2576647490649823,0.33989347701194916,0.7209071294789597,0.5025,0.023271620638784893,0.9737262603663266,0.017,0.0165,0.37001925048126205,0.10306204282148541,0.5547736497091927,0.2,0.025200432120718715,0.9707290451692931,
sample_size,sample_size_synthetic,synthetic,train_fraction,0.75,s_learner,27,6000,2000,0.4965,5.972010135650635,0.44258421782903934,0.28912672908119263,0.3390288306211839,-0.28912672908119263,0.9886827328665322,0.6995560037853396,1.019701821310256,0.003077502630808082,1.022779323941064,0.18729225311818237,0.2949260640578721,0.36274272217320275,0.7279293273780026,0.4965,0.016992101102531878,0.9670366252170117,0.014333333333333333,0.0135,0.35923693594319456,0.09134907269284745,0.5766690614000222,0.15,0.017249130780206557,0.9675311157044532,
sample_size,sample_size_synthetic,synthetic,train_fraction,0.75,s_learner,28,6000,2000,0.5136666666666667,5.971755504608154,0.40825949776508424,0.24507190979285864,0.30411001915025715,-0.24507190979285873,0.9834043175144798,0.7383324077216211,1.0198490605850272,0.009006515783277713,1.028855576368305,0.22862273407000175,0.28145440845466607,0.33812223315656215,0.648761656492279,0.5136666666666667,0.024118732245580383,0.991624730325771,0.011833333333333333,0.013833333333333333,0.3669401450594867,0.09547819169049057,0.5518762245144926,0.2,0.01882351880269088,0.9911860749330021,
sample_size,sample_size_synthetic,synthetic,train_fraction,0.75,s_learner,29,6000,2000,0.49283333333333335,5.986530542373657,0.4601155683041038,0.28646140748150817,0.34192874987698135,-0.2864614074815082,1.0023774149168188,0.7159160074353106,1.002643160566901,0.0026121854851870463,1.005255346052088,0.2022145691646904,0.3180061229933473,0.39386241667258043,0.7414034767064063,0.49283333333333335,0.021957235444880565,0.9748873745642506,0.016833333333333332,0.012833333333333334,0.3673070167415506,0.09094863530261764,0.6115952894512947,0.15,0.021851686948532956,0.9757825759161984,
sample_size,sample_size_synthetic,synthetic,train_fraction,0.75,t_learner,0,6000,2000,0.504,5.68312668800354,0.6840999487856596,0.0936531942645974,0.5436636444610704,-0.0936531942645973,0.9761767889127134,0.882523594648116,0.8461844940679555,0.07638135239198662,0.9225658464599421,0.7029270186888217,0.6580280982257481,0.6605209115042842,0.7131449456613768,0.504,0.015468643267486934,0.9711220480206152,0.0125,0.015666666666666666,0.3557827700972862,0.09166971539601812,0.5495856201237015,0.2,0.015523792352969834,0.9709117505131559,
sample_size,sample_size_synthetic,synthetic,train_fraction,0.75,t_learner,1,6000,2000,0.49316666666666664,5.7160656452178955,0.6913257993961311,0.14447578517554538,0.5356297471061866,-0.14447578517554524,0.9952623742528588,0.8507865890773134,0.9105102551860387,0.07698933165812138,0.9874995868441601,0.6827964977133623,0.6294891575209484,0.6290874931915064,0.8083976204979569,0.49316666666666664,0.021815742751296552,0.9742235472921142,0.02033333333333333,0.018333333333333333,0.363647365691303,0.09743299238034618,0.5875209499786687,0.2,0.028551091273580093,0.9648167322769728,
sample_size,sample_size_synthetic,synthetic,train_fraction,0.75,t_learner,2,6000,2000,0.5003333333333333,5.672948122024536,0.689621001568074,0.06025467653585004,0.5396900481292598,-0.0602546765358499,1.0092771305266088,0.9490224539907588,0.9828243661352493,0.06359010543380472,1.046414471569054,0.622227183398698,0.6450123466653851,0.6827046935950379,0.795622529499546,0.5003333333333333,0.01971494313957048,0.979618723765972,0.014666666666666666,0.013666666666666667,0.3606183824970589,0.09424734691111307,0.572936226649471,0.15,0.017591698677665704,0.9793669573259696,
sample_size,sample_size_synthetic,synthetic,train_fraction,0.75,t_learner,3,6000,2000,0.49683333333333335,5.469414710998535,0.7147514617304773,0.1101539533828868,0.5605565227697367,-0.11015395338288682,1.0015045942012186,0.8913506408183318,0.9487207743340352,0.07376036765898963,1.0224811419930249,0.7449022030265087,0.6568129484571582,0.6164256302944382,0.8229310476369144,0.49683333333333335,0.014000795122922238,0.9818499595929883,0.018666666666666668,0.017333333333333333,0.3685925624350043,0.09941512317696688,0.5559504590456145,0.2,0.019197625073799098,0.9758861148044957,
sample_size,sample_size_synthetic,synthetic,train_fraction,0.75,t_learner,4,6000,2000,0.49566666666666664,5.4623894691467285,0.6615264281060692,0.05875097859237377,0.5271047371486399,-0.05875097859237364,1.0237232477201006,0.9649722691277268,0.9727470965137865,0.06377567975677834,1.0365227762705649,0.6430387896571684,0.6389480152565273,0.6669523378452529,0.6956220152998593,0.49566666666666664,0.016439434223431127,0.9749579081045825,0.013166666666666667,0.010333333333333333,0.34022422128595436,0.0934124963730271,0.529576044676417,0.2,0.017193404491357145,0.9769899468579579,
sample_size,sample_size_synthetic,synthetic,train_fraction,0.75,t_learner,5,6000,2000,0.49483333333333335,5.55662727355957,0.6687166004408835,0.04474719887602252,0.5249338277664253,-0.04474719887602257,0.9979068192407434,0.9531596203647209,0.9092500501839806,0.06610554189570017,0.9753555920796808,0.6432304591386904,0.6305028678853846,0.6289980657026493,0.7627645181756357,0.49483333333333335,0.021742661492394927,0.9922762061820163,0.023,0.016,0.3754908718586507,0.10122031512939438,0.5793968928051653,0.15,0.027021497048347824,0.9879391287029303,
sample_size,sample_size_synthetic,synthetic,train_fraction,0.75,t_learner,6,6000,2000,0.49533333333333335,5.665215015411377,0.6992105572380903,0.011359802989305945,0.5529984671634522,-0.011359802989305832,0.972925580160135,0.961565777170829,0.8829709891347408,0.056597571393337875,0.9395685605280787,0.6975470410778568,0.6785580513195297,0.6437540688146864,0.7708108774338281,0.49533333333333335,0.019297142282775258,0.9808594026909708,0.018666666666666668,0.015666666666666666,0.35675241043219763,0.1032153445386503,0.6019157785857507,0.2,0.02281681048745643,0.9758864729507553,
sample_size,sample_size_synthetic,synthetic,train_fraction,0.75,t_learner,7,6000,2000,0.5015,5.720443248748779,0.6490289203566966,0.09303952503575608,0.5129431825638752,-0.09303952503575602,1.009776751687524,0.9167372266517679,0.8693077640451368,0.06596126715374451,0.9352690311988813,0.6363236523608863,0.6070825768974442,0.6085821407797972,0.7356119153705009,0.5015,0.02851659217643125,0.9678988168064082,0.011166666666666667,0.0125,0.34455276764157544,0.09296158086100083,0.5586867071033734,0.15,0.025302031401405366,0.9722988721459459,
sample_size,sample_size_synthetic,synthetic,train_fraction,0.75,t_learner,8,6000,2000,0.5005,5.649030923843384,0.6963435064185091,0.03700830868964067,0.5455717926607987,-0.03700830868964076,1.0128692173154303,0.9758609086257897,0.9894653700903664,0.06606322448319424,1.0555285945735606,0.6299992735716521,0.6728868865450742,0.6699344312105057,0.8006804149087325,0.5005,0.022737764937432382,0.973067871807892,0.014666666666666666,0.014666666666666666,0.36224102890769555,0.0946457352192512,0.5671737167647076,0.2,0.0235854278146069,0.9733076831505832,
sample_size,sample_size_synthetic,synthetic,train_fraction,0.75,t_learner,9,6000,2000,0.5035,5.704272270202637,0.6943653688533808,0.01707792553712051,0.5475324450821669,-0.017077925537120685,0.9977204602086691,0.9806425346715486,0.9382363206771202,0.055777277172532225,0.9940135978496524,0.7320075694551558,0.6757410461996483,0.6037503342340063,0.7560407082328651,0.5035,0.03261341677346927,0.9653461751789688,0.014666666666666666,0.016666666666666666,0.36145171113384555,0.09383609404842402,0.5372528847559127,0.2,0.03475393493134254,0.9654650696119208,
sample_size,sample_size_synthetic,synthetic,train_fraction,0.75,t_learner,10,6000,2000,0.49033333333333334,5.645844459533691,0.7019372153453591,0.08877412511947802,0.5536857595725855,-0.08877412511947788,1.008078342158642,0.9193042170391639,0.9351051501772949,0.08143116545542362,1.0165363156327185,0.6754851315343784,0.65727704054533,0.6946272865678288,0.7746373854588742,0.49033333333333334,0.02311649443179206,0.9774951458671833,0.019666666666666666,0.014,0.3583552785730133,0.09123719254751365,0.5809758837424671,0.15,0.030345437727232742,0.9755297703938344,
sample_size,sample_size_synthetic,synthetic,train_fraction,0.75,t_learner,11,6000,2000,0.5013333333333333,5.764577388763428,0.7011903967252423,0.106437498777323,0.559627569134876,-0.10643749877732293,0.9978978781676284,0.8914603793903054,0.8848653634817591,0.07911210846929606,0.9639774719510552,0.6827324887983145,0.6431863213478367,0.6606770419881323,0.8064523797465784,0.5013333333333333,0.017703798487367983,0.9818350456430956,0.0185,0.0215,0.3634248065764023,0.0951384626619375,0.5719896024854132,0.2,0.023062055210376364,0.9742032926561258,
sample_size,sample_size_synthetic,synthetic,train_fraction,0.75,t_learner,12,6000,2000,0.5071666666666667,5.686542749404907,0.7118774372838933,0.13487695914914866,0.5652402333047478,-0.13487695914914866,1.0092853693263442,0.8744084101771955,0.8623050196262435,0.07488149285489965,0.9371865124811432,0.7414057621376439,0.7146856053142348,0.6372227006624219,0.7487103271905283,0.5071666666666667,0.03349709694072112,0.9790534724486231,0.013666666666666667,0.018666666666666668,0.3553647854987097,0.09497040516103507,0.5663323473001313,0.2,0.031715526688110035,0.9822192023038969,
sample_size,sample_size_synthetic,synthetic,train_fraction,0.75,t_learner,13,6000,2000,0.5003333333333333,5.751759052276611,0.7005161757760318,0.012630353481521972,0.5544467504346842,0.012630353481521897,0.9893875482172994,1.0020179016988213,0.9703273343067446,0.057673256534619965,1.0280005908413645,0.6760685668365112,0.6463614995974977,0.6732212268820406,0.7967514885738495,0.5003333333333333,0.023200405464595997,0.9796423429509361,0.0145,0.015333333333333332,0.3526232678325635,0.09550494597390412,0.5737880882409182,0.2,0.019716937435284503,0.9794365695399461,
sample_size,sample_size_synthetic,synthetic,train_fraction,0.75,t_learner,14,6000,2000,0.5013333333333333,5.680513381958008,0.6782929109308228,0.05834526110581428,0.5335259335512212,-0.05834526110581451,1.0242686503744984,0.9659233892686842,1.0219069902136368,0.06299823820757733,1.0849052284212142,0.6182778395742398,0.6006025074798915,0.6557952800604044,0.8168639934694206,0.5013333333333333,0.022408357286417938,0.9674767426230256,0.018333333333333333,0.016666666666666666,0.3648541500739561,0.09935992543471002,0.6246127588527705,0.2,0.021013985718330845,0.9664973002302226,
sample_size,sample_size_synthetic,synthetic,train_fraction,0.75,t_learner,15,6000,2000,0.49833333333333335,5.750335931777954,0.7362458507801903,0.04473407101105198,0.5859674335381577,-0.04473407101105214,0.994233348418107,0.949499277407055,0.9624789457379271,0.06915252800142058,1.0316314737393477,0.7432591549666262,0.7185947609947568,0.6678426031612633,0.8083349965182489,0.49833333333333335,0.02728385583178223,0.9787538550840829,0.012333333333333333,0.015,0.3448449427215858,0.08996263896529651,0.6019057886582033,0.15,0.027938846745364655,0.9827453885067727,
sample_size,sample_size_synthetic,synthetic,train_fraction,0.75,t_learner,16,6000,2000,0.4955,5.603870630264282,0.6944003974946561,0.13033902027680455,0.553950685855268,-0.13033902027680463,1.0016643811772643,0.8713253609004598,1.002289051756047,0.06800186331268843,1.0702909150687354,0.6992754352738411,0.6311300045275782,0.6396393619806916,0.7951842036757764,0.4955,0.015205857645298453,0.9691137049477426,0.017,0.015666666666666666,0.3676364452187294,0.09296122144156466,0.5803661028579948,0.2,0.014673863769019125,0.9648084027810745,
sample_size,sample_size_synthetic,synthetic,train_fraction,0.75,t_learner,17,6000,2000,0.49566666666666664,5.622986793518066,0.6724139531668183,0.041735519625413664,0.5267378972659408,-0.041735519625413595,0.9937781601215252,0.9520426404961115,0.9602183972121215,0.05518814041152653,1.015406537623648,0.6558373138161399,0.609547575347332,0.6648935353861638,0.7515369953967798,0.49566666666666664,0.02558956225234848,0.9641814151661591,0.0115,0.012,0.35270471426520483,0.0964913849736536,0.5418963993962258,0.2,0.02369437964679253,0.9709079817930104,
sample_size,sample_size_synthetic,synthetic,train_fraction,0.75,t_learner,18,6000,2000,0.495,5.5455920696258545,0.723025571542685,0.06145114927073536,0.5737429531950174,-0.0614511492707352,1.0237966091927893,0.9623454599220539,1.0335235403845917,0.06752893230522083,1.1010524726898125,0.7360208389956071,0.7086694474924663,0.6961952621241773,0.749958001603609,0.495,0.034173951743245556,0.9704134981250416,0.012666666666666666,0.011,0.3462946294629463,0.09260799789802168,0.5596080275505191,0.2,0.0376748719748798,0.972081523705094,
sample_size,sample_size_synthetic,synthetic,train_fraction,0.75,t_learner,19,6000,2000,0.506,6.109776496887207,0.6649747453036988,0.08145003356075464,0.5272686751029162,-0.08145003356075478,0.9799029946616354,0.8984529611008808,0.9086990743605072,0.07416557964776793,0.9828646540082752,0.6120240496243532,0.656048470452352,0.6414272357153099,0.7432117571379165,0.506,0.01999641601772402,0.9783158231307312,0.011,0.01633333333333333,0.3517706549743163,0.09344092080906634,0.5777394430377946,0.2,0.0212746369220421,0.9781047231158733,
sample_size,sample_size_synthetic,synthetic,train_fraction,0.75,t_learner,20,6000,2000,0.5013333333333333,6.230207443237305,0.6469480206007,0.03127052245076423,0.5139515198415622,-0.0312705224507642,0.9959894759218607,0.9647189534710965,0.9253523145086143,0.05652934551789568,0.98188166002651,0.6373069538129356,0.6140499351166966,0.6480390444829786,0.6862906717033977,0.5013333333333333,0.025877683242125648,0.9788934253402005,0.015166666666666667,0.018,0.35971455797019003,0.09697938316881133,0.5835783021663371,0.2,0.027570558885307437,0.9784447213209237,
sample_size,sample_size_synthetic,synthetic,train_fraction,0.75,t_learner,21,6000,2000,0.5006666666666667,6.212472677230835,0.7094959281803955,0.06229164045120872,0.5620396844428792,-0.06229164045120865,1.0207415090390914,0.9584498685878827,0.8817508158536926,0.06430856165828724,0.9460593775119799,0.6621336499677699,0.6603076684158702,0.6842013123815246,0.8191332401784215,0.5006666666666667,0.024030461097045697,0.9816348483330748,0.018333333333333333,0.020666666666666667,0.35359485083529035,0.09350718226852381,0.5838036677395252,0.2,0.026282909786277182,0.9759708490075967,
sample_size,sample_size_synthetic,synthetic,train_fraction,0.75,t_learner,22,6000,2000,0.484,6.225076675415039,0.715423493900018,0.06841689027461417,0.5699551585933565,-0.06841689027461414,0.9845333051330328,0.9161164148584187,0.9233665445256263,0.06599544826803783,0.9893619927936641,0.6454240454093596,0.6876021310818905,0.6657320753372696,0.845431852547932,0.484,0.013659992244887193,0.9800128137627263,0.018166666666666668,0.014,0.36353492643133234,0.09591496934767685,0.6360734654767747,0.2,0.015126341540155616,0.9816053309905833,
sample_size,sample_size_synthetic,synthetic,train_fraction,0.75,t_learner,23,6000,2000,0.4985,6.028408765792847,0.6665523038757069,0.05866969613967987,0.5229914373235097,-0.058669696139679886,0.9858277156315673,0.9271580194918875,0.9824246322467907,0.05890947598470597,1.0413341082314966,0.621027888459502,0.6273144874327848,0.6316658555350393,0.7739296077626904,0.4985,0.020232779317601673,0.9769406999556899,0.015833333333333335,0.021166666666666667,0.3631156013737457,0.09682776667424955,0.6170857866743547,0.15,0.025464782350892595,0.9732012578498234,
sample_size,sample_size_synthetic,synthetic,train_fraction,0.75,t_learner,24,6000,2000,0.496,6.111048221588135,0.7222329127888368,0.16294184031297254,0.567086074168649,-0.1629418403129725,0.9898141538456205,0.826872313532648,0.8868513724941284,0.08161214596754662,0.968463518461675,0.7252310077178188,0.6583561932152171,0.7041487710864541,0.7945206968600572,0.496,0.024774486788935342,0.9877499115627416,0.017,0.016,0.35924965864481995,0.09564749372264764,0.6082760979744093,0.15,0.02758203197606996,0.9842577814034624,
sample_size,sample_size_synthetic,synthetic,train_fraction,0.75,t_learner,25,6000,2000,0.49916666666666665,6.118568658828735,0.6771156470423866,0.03822464368830458,0.5341748269970609,-0.03822464368830464,0.9607481280307981,0.9225234843424935,0.8663361373698939,0.07117751894258573,0.9375136563124796,0.6472221852469368,0.6727544740271169,0.6504331206349516,0.7344276778963843,0.49916666666666665,0.03386059705265428,0.9729736186753345,0.011333333333333334,0.009333333333333334,0.34798041105669736,0.09084640219139731,0.550819224037957,0.2,0.0294609479427401,0.9789880771186055,
sample_size,sample_size_synthetic,synthetic,train_fraction,0.75,t_learner,26,6000,2000,0.5025,6.0388572216033936,0.7051225917340288,0.049676486321071245,0.5569201403094767,-0.049676486321071425,0.9984765979427137,0.9488001116216425,0.9150469227241544,0.06768415158681462,0.9827310743109691,0.7169344698282116,0.6863101020993221,0.6917532966588916,0.7247428949530792,0.5025,0.023271620638784893,0.9737262603663266,0.017,0.0165,0.37001925048126205,0.10306204282148541,0.5547736497091927,0.2,0.025200432120718715,0.9707290451692931,
sample_size,sample_size_synthetic,synthetic,train_fraction,0.75,t_learner,27,6000,2000,0.4965,6.1808857917785645,0.7049994268767235,0.12655948149961715,0.5499679428847307,-0.12655948149961713,0.9886827328665322,0.862123251366915,0.9486534535683527,0.07412587037271134,1.022779323941064,0.6957581641825313,0.6733917857046366,0.6718296929504322,0.7740837882135477,0.4965,0.016992101102531878,0.9670366252170117,0.014333333333333333,0.0135,0.35923693594319456,0.09134907269284745,0.5766690614000222,0.15,0.017249130780206557,0.9675311157044532,
sample_size,sample_size_synthetic,synthetic,train_fraction,0.75,t_learner,28,6000,2000,0.5136666666666667,6.130613565444946,0.6864691853657353,0.018045187478834768,0.5398027865977072,-0.018045187478834847,0.9834043175144798,0.965359130035645,0.9579246275524426,0.07093094881586237,1.028855576368305,0.6193913275471918,0.6931894155879111,0.67767700873201,0.7493707087543776,0.5136666666666667,0.024118732245580383,0.991624730325771,0.011833333333333333,0.013833333333333333,0.3669401450594867,0.09547819169049057,0.5518762245144926,0.2,0.01882351880269088,0.9911860749330021,
sample_size,sample_size_synthetic,synthetic,train_fraction,0.75,t_learner,29,6000,2000,0.49283333333333335,6.0811028480529785,0.6757698575650967,0.10769216636148804,0.5388333171842,-0.10769216636148798,1.0023774149168188,0.8946852485553307,0.935564681131852,0.06969066492023612,1.005255346052088,0.6217994814378799,0.65468450583933,0.6832641823504115,0.7379452970164682,0.49283333333333335,0.021957235444880565,0.9748873745642506,0.016833333333333332,0.012833333333333334,0.3673070167415506,0.09094863530261764,0.6115952894512947,0.15,0.021851686948532956,0.9757825759161984,
sample_size,sample_size_synthetic,synthetic,train_fraction,0.75,x_learner,0,6000,2000,0.504,12.104454517364502,0.33775421419452717,0.012316370593592252,0.24602336082694046,-0.012316370593592176,0.9761767889127134,0.9638604183191212,0.9118355799237704,0.010730266536171706,0.9225658464599421,0.2978741640500457,0.2817401456117379,0.349071671593292,0.4078652690017603,0.504,0.015468643267486934,0.9711220480206152,0.0125,0.015666666666666666,0.3557827700972862,0.09166971539601812,0.5495856201237015,0.2,0.015523792352969834,0.9709117505131559,
sample_size,sample_size_synthetic,synthetic,train_fraction,0.75,x_learner,1,6000,2000,0.49316666666666664,12.183042526245117,0.3351520254722633,0.06990371325053413,0.24563728969782878,-0.06990371325053403,0.9952623742528588,0.9253586610023247,0.9749763670528907,0.012523219791269358,0.9874995868441601,0.34732826196584793,0.2540137218867171,0.2875503650855875,0.4259840557871019,0.49316666666666664,0.021815742751296552,0.9742235472921142,0.02033333333333333,0.018333333333333333,0.363647365691303,0.09743299238034618,0.5875209499786687,0.2,0.028551091273580093,0.9648167322769728,
sample_size,sample_size_synthetic,synthetic,train_fraction,0.75,x_learner,2,6000,2000,0.5003333333333333,11.321478128433228,0.3750634699435938,0.0013835349538067199,0.27730358545541356,0.00138353495380685,1.0092771305266088,1.0106606654804156,1.0373199612892126,0.009094510279841428,1.046414471569054,0.35402091356407395,0.2898944726723354,0.3075468635662209,0.5086607318521686,0.5003333333333333,0.01971494313957048,0.979618723765972,0.014666666666666666,0.013666666666666667,0.3606183824970589,0.09424734691111307,0.572936226649471,0.15,0.017591698677665704,0.9793669573259696,
sample_size,sample_size_synthetic,synthetic,train_fraction,0.75,x_learner,3,6000,2000,0.49683333333333335,11.84532642364502,0.34415829207144144,0.009826617097160484,0.2480453570782422,-0.009826617097160434,1.0015045942012186,0.9916779771040581,1.0119029839014704,0.01057815809155449,1.0224811419930249,0.311876527047891,0.29953019469361103,0.2797097856724941,0.4566802493523531,0.49683333333333335,0.014000795122922238,0.9818499595929883,0.018666666666666668,0.017333333333333333,0.3685925624350043,0.09941512317696688,0.5559504590456145,0.2,0.019197625073799098,0.9758861148044957,
sample_size,sample_size_synthetic,synthetic,train_fraction,0.75,x_learner,4,6000,2000,0.49566666666666664,11.75149393081665,0.33362405248922783,0.008607822990991387,0.25280621492135263,-0.00860782299099139,1.0237232477201006,1.0151154247291092,1.0274960195272842,0.009026756743280684,1.0365227762705649,0.3180759576679792,0.2685227304514166,0.2944395632121763,0.4304051644639931,0.49566666666666664,0.016439434223431127,0.9749579081045825,0.013166666666666667,0.010333333333333333,0.34022422128595436,0.0934124963730271,0.529576044676417,0.2,0.017193404491357145,0.9769899468579579,
sample_size,sample_size_synthetic,synthetic,train_fraction,0.75,x_learner,5,6000,2000,0.49483333333333335,11.652972936630249,0.3366170515772709,0.012146901549030753,0.2545177921223521,0.01214690154903083,0.9979068192407434,1.0100537207897742,0.9633842035296377,0.011971388550043094,0.9753555920796808,0.3312018764603848,0.28656626503128263,0.3123646380396323,0.4047932599831802,0.49483333333333335,0.021742661492394927,0.9922762061820163,0.023,0.016,0.3754908718586507,0.10122031512939438,0.5793968928051653,0.15,0.027021497048347824,0.9879391287029303,
sample_size,sample_size_synthetic,synthetic,train_fraction,0.75,x_learner,6,6000,2000,0.49533333333333335,11.373138427734375,0.36148069845376224,0.02608916323450927,0.27443319089986656,0.02608916323450935,0.972925580160135,0.9990147433946442,0.9327275322285483,0.006841028299530372,0.9395685605280787,0.31867335789030327,0.3284413307046935,0.31936204216086483,0.4596244670393102,0.49533333333333335,0.019297142282775258,0.9808594026909708,0.018666666666666668,0.015666666666666666,0.35675241043219763,0.1032153445386503,0.6019157785857507,0.2,0.02281681048745643,0.9758864729507553,
sample_size,sample_size_synthetic,synthetic,train_fraction,0.75,x_learner,7,6000,2000,0.5015,11.353281497955322,0.360810346703016,0.07330788305701652,0.2655838682357999,-0.07330788305701655,1.009776751687524,0.9364688686305075,0.9228281697276155,0.012440861471265774,0.9352690311988813,0.3429158238955534,0.271221904579912,0.3030134837541059,0.48761323814379937,0.5015,0.02851659217643125,0.9678988168064082,0.011166666666666667,0.0125,0.34455276764157544,0.09296158086100083,0.5586867071033734,0.15,0.025302031401405366,0.9722988721459459,
sample_size,sample_size_synthetic,synthetic,train_fraction,0.75,x_learner,8,6000,2000,0.5005,11.333569049835205,0.34555755723911874,0.021128793665751378,0.25855814649525904,-0.021128793665751395,1.0128692173154303,0.991740423649679,1.0477326700372287,0.007795924536331933,1.0555285945735606,0.3403651727336819,0.26154649389174156,0.2998950109772265,0.45105217500212164,0.5005,0.022737764937432382,0.973067871807892,0.014666666666666666,0.014666666666666666,0.36224102890769555,0.0946457352192512,0.5671737167647076,0.2,0.0235854278146069,0.9733076831505832,
sample_size,sample_size_synthetic,synthetic,train_fraction,0.75,x_learner,9,6000,2000,0.5035,11.82174277305603,0.34980770467409583,0.021786184257757357,0.2543961271101524,0.02178618425775735,0.9977204602086691,1.0195066444664265,0.986135865320017,0.007877732529635417,0.9940135978496524,0.3649901523843246,0.2891827750914682,0.27940253144591565,0.4410798767478707,0.5035,0.03261341677346927,0.9653461751789688,0.014666666666666666,0.016666666666666666,0.36145171113384555,0.09383609404842402,0.5372528847559127,0.2,0.03475393493134254,0.9654650696119208,
sample_size,sample_size_synthetic,synthetic,train_fraction,0.75,x_learner,10,6000,2000,0.49033333333333334,11.76367473602295,0.3498192641289127,0.010105290654732979,0.2609213332618972,-0.010105290654732759,1.008078342158642,0.9979730515039089,1.0058775922010939,0.010658723431624662,1.0165363156327185,0.3209728830661829,0.2880792241985173,0.31375085417983656,0.452814797290859,0.49033333333333334,0.02311649443179206,0.9774951458671833,0.019666666666666666,0.014,0.3583552785730133,0.09123719254751365,0.5809758837424671,0.15,0.030345437727232742,0.9755297703938344,
sample_size,sample_size_synthetic,synthetic,train_fraction,0.75,x_learner,11,6000,2000,0.5013333333333333,11.19350814819336,0.35238178820077903,0.0018451965510272172,0.26689895113384854,0.001845196551027282,0.9978978781676284,0.9997430747186556,0.9507419987113355,0.013235473239719742,0.9639774719510552,0.3471617776140335,0.29735616520326036,0.29954137608996145,0.44499963349639154,0.5013333333333333,0.017703798487367983,0.9818350456430956,0.0185,0.0215,0.3634248065764023,0.0951384626619375,0.5719896024854132,0.2,0.023062055210376364,0.9742032926561258,
sample_size,sample_size_synthetic,synthetic,train_fraction,0.75,x_learner,12,6000,2000,0.5071666666666667,11.28883409500122,0.35316182111385813,0.035672442750899536,0.27074317772964934,-0.035672442750899654,1.0092853693263442,0.9736129265754446,0.92666429414075,0.01052221834039313,0.9371865124811432,0.3277374422967674,0.30219665758576775,0.3336408453703185,0.4345598036302593,0.5071666666666667,0.03349709694072112,0.9790534724486231,0.013666666666666667,0.018666666666666668,0.3553647854987097,0.09497040516103507,0.5663323473001313,0.2,0.031715526688110035,0.9822192023038969,
sample_size,sample_size_synthetic,synthetic,train_fraction,0.75,x_learner,13,6000,2000,0.5003333333333333,11.301719188690186,0.3412530221909892,0.02236134522991362,0.2458801076454592,0.022361345229913437,0.9893875482172994,1.011748893447213,1.0208287736673944,0.007171817173970085,1.0280005908413645,0.3341533415052689,0.2541812113024552,0.28894181684664294,0.4539389642638929,0.5003333333333333,0.023200405464595997,0.9796423429509361,0.0145,0.015333333333333332,0.3526232678325635,0.09550494597390412,0.5737880882409182,0.2,0.019716937435284503,0.9794365695399461,
sample_size,sample_size_synthetic,synthetic,train_fraction,0.75,x_learner,14,6000,2000,0.5013333333333333,11.30772352218628,0.3670438698870424,7.198998189617001e-05,0.2640565758110627,7.198998189612027e-05,1.0242686503744984,1.0243406403563946,1.0750879478818725,0.009817280539341722,1.0849052284212142,0.36886272065015274,0.2809562329306821,0.2952164682683056,0.4865551716319338,0.5013333333333333,0.022408357286417938,0.9674767426230256,0.018333333333333333,0.016666666666666666,0.3648541500739561,0.09935992543471002,0.6246127588527705,0.2,0.021013985718330845,0.9664973002302226,
sample_size,sample_size_synthetic,synthetic,train_fraction,0.75,x_learner,15,6000,2000,0.49833333333333335,11.36630368232727,0.3333320461444685,0.0017076760422405357,0.24507803479235551,-0.0017076760422406044,0.994233348418107,0.9925256723758664,1.023752213862672,0.007879259876675704,1.0316314737393477,0.33585605392493895,0.2746811785932208,0.29020557803648805,0.414695907373762,0.49833333333333335,0.02728385583178223,0.9787538550840829,0.012333333333333333,0.015,0.3448449427215858,0.08996263896529651,0.6019057886582033,0.15,0.027938846745364655,0.9827453885067727,
sample_size,sample_size_synthetic,synthetic,train_fraction,0.75,x_learner,16,6000,2000,0.4955,11.437545537948608,0.37231215367067444,0.027320259151842108,0.2723334888703655,-0.027320259151842243,1.0016643811772643,0.9743441220254222,1.0610821316816692,0.00920878338706621,1.0702909150687354,0.34591558862986976,0.28517511236038373,0.2963795796921978,0.5154047580864508,0.4955,0.015205857645298453,0.9691137049477426,0.017,0.015666666666666666,0.3676364452187294,0.09296122144156466,0.5803661028579948,0.2,0.014673863769019125,0.9648084027810745,
sample_size,sample_size_synthetic,synthetic,train_fraction,0.75,x_learner,17,6000,2000,0.49566666666666664,11.330118894577026,0.32046768868111813,0.0015959189496750348,0.2369249280721465,0.001595918949674961,0.9937781601215252,0.9953740790712002,1.0080690661704073,0.007337471453240818,1.015406537623648,0.32810850482765747,0.2676403244042013,0.28714460475411935,0.3860823742773629,0.49566666666666664,0.02558956225234848,0.9641814151661591,0.0115,0.012,0.35270471426520483,0.0964913849736536,0.5418963993962258,0.2,0.02369437964679253,0.9709079817930104,
sample_size,sample_size_synthetic,synthetic,train_fraction,0.75,x_learner,18,6000,2000,0.495,11.346057891845703,0.34686449624644433,0.022652596225278154,0.2629119469381869,-0.02265259622527796,1.0237966091927893,1.001144012967511,1.0931290961425224,0.00792337654729014,1.1010524726898125,0.30241018685669385,0.3088505929057754,0.32308082259453863,0.4359335812298534,0.495,0.034173951743245556,0.9704134981250416,0.012666666666666666,0.011,0.3462946294629463,0.09260799789802168,0.5596080275505191,0.2,0.0376748719748798,0.972081523705094,
sample_size,sample_size_synthetic,synthetic,train_fraction,0.75,x_learner,19,6000,2000,0.506,11.502782106399536,0.38231855349981053,0.06269513149516692,0.27752277259070235,-0.06269513149516706,0.9799029946616354,0.9172078631664685,0.9663889122449714,0.016475741763303797,0.9828646540082752,0.39483390035300486,0.27930212900966267,0.3226282743597246,0.49666630029338554,0.506,0.01999641601772402,0.9783158231307312,0.011,0.01633333333333333,0.3517706549743163,0.09344092080906634,0.5777394430377946,0.2,0.0212746369220421,0.9781047231158733,
sample_size,sample_size_synthetic,synthetic,train_fraction,0.75,x_learner,20,6000,2000,0.5013333333333333,11.485425233840942,0.3345326004989383,0.024101014445981117,0.24446730132006766,0.0241010144459811,0.9959894759218607,1.0200904903678418,0.9735854505897557,0.008296209436754354,0.98188166002651,0.3188346947852022,0.2705452791083176,0.2904049087331192,0.4341231640024145,0.5013333333333333,0.025877683242125648,0.9788934253402005,0.015166666666666667,0.018,0.35971455797019003,0.09697938316881133,0.5835783021663371,0.2,0.027570558885307437,0.9784447213209237,
sample_size,sample_size_synthetic,synthetic,train_fraction,0.75,x_learner,21,6000,2000,0.5006666666666667,11.404181957244873,0.3362404457049478,0.03017430721684422,0.25403322399318873,-0.030174307216844203,1.0207415090390914,0.9905672018222472,0.9382448261259162,0.007814551386063684,0.9460593775119799,0.31078044161010376,0.3011792193713379,0.2957539614472076,0.4212680127083373,0.5006666666666667,0.024030461097045697,0.9816348483330748,0.018333333333333333,0.020666666666666667,0.35359485083529035,0.09350718226852381,0.5838036677395252,0.2,0.026282909786277182,0.9759708490075967,
sample_size,sample_size_synthetic,synthetic,train_fraction,0.75,x_learner,22,6000,2000,0.484,11.790385723114014,0.3605042115717948,0.001974694711476599,0.26445356446935625,0.001974694711476526,0.9845333051330328,0.9865079998445094,0.9770916090859825,0.012270383707681631,0.9893619927936641,0.3672197074235916,0.29522857468384117,0.28682999585592095,0.464296753048282,0.484,0.013659992244887193,0.9800128137627263,0.018166666666666668,0.014,0.36353492643133234,0.09591496934767685,0.6360734654767747,0.2,0.015126341540155616,0.9816053309905833,
sample_size,sample_size_synthetic,synthetic,train_fraction,0.75,x_learner,23,6000,2000,0.4985,11.631608486175537,0.32956484835491057,0.002252167165540442,0.2440416106766484,0.0022521671655403655,0.9858277156315673,0.9880798827971078,1.030989853215039,0.010344255016457637,1.0413341082314966,0.32850705906589994,0.2711090133484094,0.2779746316317899,0.4192434570498112,0.4985,0.020232779317601673,0.9769406999556899,0.015833333333333335,0.021166666666666667,0.3631156013737457,0.09682776667424955,0.6170857866743547,0.15,0.025464782350892595,0.9732012578498234,
sample_size,sample_size_synthetic,synthetic,train_fraction,0.75,x_learner,24,6000,2000,0.496,11.26802372932434,0.34342076115004266,0.06839440858400125,0.25495421050370315,-0.06839440858400135,0.9898141538456205,0.9214197452616193,0.9591274535626603,0.009336064899014729,0.968463518461675,0.34511611300332523,0.27609835907335634,0.2887674095826839,0.4393509128030591,0.496,0.024774486788935342,0.9877499115627416,0.017,0.016,0.35924965864481995,0.09564749372264764,0.6082760979744093,0.15,0.02758203197606996,0.9842577814034624,
sample_size,sample_size_synthetic,synthetic,train_fraction,0.75,x_learner,25,6000,2000,0.49916666666666665,11.371609449386597,0.31126064127611974,0.015045834800233027,0.22963410781133273,0.015045834800233013,0.9607481280307981,0.9757939628310311,0.930757168403981,0.006756487908498587,0.9375136563124796,0.311801552339464,0.26341602353953797,0.27727318870499285,0.3795314434367312,0.49916666666666665,0.03386059705265428,0.9729736186753345,0.011333333333333334,0.009333333333333334,0.34798041105669736,0.09084640219139731,0.550819224037957,0.2,0.0294609479427401,0.9789880771186055,
sample_size,sample_size_synthetic,synthetic,train_fraction,0.75,x_learner,26,6000,2000,0.5025,11.578018426895142,0.3933888288738245,0.025072462044557042,0.29048291282804534,0.025072462044556987,0.9984765979427137,1.0235490599872707,0.9638552209271543,0.01887585338381481,0.9827310743109691,0.3984071398810585,0.32129769275987746,0.3330234864462546,0.4961390769986093,0.5025,0.023271620638784893,0.9737262603663266,0.017,0.0165,0.37001925048126205,0.10306204282148541,0.5547736497091927,0.2,0.025200432120718715,0.9707290451692931,
sample_size,sample_size_synthetic,synthetic,train_fraction,0.75,x_learner,27,6000,2000,0.4965,11.386942148208618,0.36418530054152326,0.034102992343282956,0.2706212632620545,-0.034102992343282935,0.9886827328665322,0.9545797405232492,1.0130964682660621,0.009682855675001933,1.022779323941064,0.3569344516570156,0.30324164182241753,0.3117367002579653,0.4625864958248395,0.4965,0.016992101102531878,0.9670366252170117,0.014333333333333333,0.0135,0.35923693594319456,0.09134907269284745,0.5766690614000222,0.15,0.017249130780206557,0.9675311157044532,
sample_size,sample_size_synthetic,synthetic,train_fraction,0.75,x_learner,28,6000,2000,0.5136666666666667,11.193647384643555,0.3655353768006971,0.015313766432109244,0.27363721189959256,0.015313766432109249,0.9834043175144798,0.998718083946589,1.015867644811926,0.012987931556379007,1.028855576368305,0.39772693353165306,0.27477856287607094,0.31334002818511547,0.4501027674159876,0.5136666666666667,0.024118732245580383,0.991624730325771,0.011833333333333333,0.013833333333333333,0.3669401450594867,0.09547819169049057,0.5518762245144926,0.2,0.01882351880269088,0.9911860749330021,
sample_size,sample_size_synthetic,synthetic,train_fraction,0.75,x_learner,29,6000,2000,0.49283333333333335,11.349271297454834,0.35553208728120705,0.03437228970410422,0.25979356402128734,-0.03437228970410403,1.0023774149168188,0.9680051252127145,0.9939267140214033,0.011328632030684793,1.005255346052088,0.323169458350143,0.2925653631762867,0.30518318108153286,0.4716380983235838,0.49283333333333335,0.021957235444880565,0.9748873745642506,0.016833333333333332,0.012833333333333334,0.3673070167415506,0.09094863530261764,0.6115952894512947,0.15,0.021851686948532956,0.9757825759161984,
sample_size,sample_size_synthetic,synthetic,train_fraction,0.75,neural_rep,0,6000,2000,0.504,8.65725827217102,0.37843308760039346,0.09512462854479309,0.2982294667942489,-0.09512462854479316,0.9761767889127134,0.8810521603679203,0.903510970363792,0.019054876096150086,0.9225658464599421,0.34609308641129877,0.3667681690061436,0.35310101064461447,0.4403030424457709,0.504,0.015468643267486934,0.9711220480206152,0.0125,0.015666666666666666,0.3557827700972862,0.09166971539601812,0.5495856201237015,0.2,0.015523792352969834,0.9709117505131559,
sample_size,sample_size_synthetic,synthetic,train_fraction,0.75,neural_rep,1,6000,2000,0.49316666666666664,5.15015172958374,0.4244411673633996,0.10404640958827893,0.2958651322607989,-0.104046409588279,0.9952623742528588,0.8912159646645799,0.9785541278565666,0.008945458987593469,0.9874995868441601,0.30770036244838384,0.24565670911301513,0.3364580417509173,0.6725849184818644,0.49316666666666664,0.021815742751296552,0.9742235472921142,0.02033333333333333,0.018333333333333333,0.363647365691303,0.09743299238034618,0.5875209499786687,0.2,0.028551091273580093,0.9648167322769728,
sample_size,sample_size_synthetic,synthetic,train_fraction,0.75,neural_rep,2,6000,2000,0.5003333333333333,6.246374607086182,0.41389427587328026,0.04490150529725212,0.3131370725910517,0.04490150529725213,1.0092771305266088,1.054178635823861,1.038751442838957,0.0076630287300969435,1.046414471569054,0.43026452587518443,0.3026570313801321,0.33028652267919545,0.547189051853856,0.5003333333333333,0.01971494313957048,0.979618723765972,0.014666666666666666,0.013666666666666667,0.3606183824970589,0.09424734691111307,0.572936226649471,0.15,0.017591698677665704,0.9793669573259696,
sample_size,sample_size_synthetic,synthetic,train_fraction,0.75,neural_rep,3,6000,2000,0.49683333333333335,5.841807842254639,0.39705026009393846,0.11793018022838708,0.2927076504028237,-0.11793018022838703,1.0015045942012186,0.8835744139728315,1.0144633268372254,0.008017815155799468,1.0224811419930249,0.2927170170972979,0.283921727096606,0.3454398551583443,0.5873432926449229,0.49683333333333335,0.014000795122922238,0.9818499595929883,0.018666666666666668,0.017333333333333333,0.3685925624350043,0.09941512317696688,0.5559504590456145,0.2,0.019197625073799098,0.9758861148044957,
sample_size,sample_size_synthetic,synthetic,train_fraction,0.75,neural_rep,4,6000,2000,0.49566666666666664,6.155364751815796,0.39804464531669304,0.04841814964723512,0.2808878015099894,-0.04841814964723504,1.0237232477201006,0.9753050980728655,1.03159113077534,0.004931645495224846,1.0365227762705649,0.3165938165783057,0.22150386489584603,0.2871534262768036,0.6340390063546919,0.49566666666666664,0.016439434223431127,0.9749579081045825,0.013166666666666667,0.010333333333333333,0.34022422128595436,0.0934124963730271,0.529576044676417,0.2,0.017193404491357145,0.9769899468579579,
sample_size,sample_size_synthetic,synthetic,train_fraction,0.75,neural_rep,5,6000,2000,0.49483333333333335,6.198084592819214,0.37579818602987825,0.08907547968401297,0.27516948560504784,-0.08907547968401297,0.9979068192407434,0.9088313395567305,0.9652561147513676,0.010099477328313178,0.9753555920796808,0.25510483817883417,0.30203332617053646,0.3261013977293033,0.5497748414692107,0.49483333333333335,0.021742661492394927,0.9922762061820163,0.023,0.016,0.3754908718586507,0.10122031512939438,0.5793968928051653,0.15,0.027021497048347824,0.9879391287029303,
sample_size,sample_size_synthetic,synthetic,train_fraction,0.75,neural_rep,6,6000,2000,0.49533333333333335,6.139467239379883,0.3796707684409883,0.009102585143491826,0.2783340842912876,-0.009102585143491708,0.972925580160135,0.9638229950166431,0.9302569835668802,0.009311576961198442,0.9395685605280787,0.316897300032614,0.24979656565035552,0.3181137919179896,0.5590894043417093,0.49533333333333335,0.019297142282775258,0.9808594026909708,0.018666666666666668,0.015666666666666666,0.35675241043219763,0.1032153445386503,0.6019157785857507,0.2,0.02281681048745643,0.9758864729507553,
sample_size,sample_size_synthetic,synthetic,train_fraction,0.75,neural_rep,7,6000,2000,0.5015,7.722404479980469,0.3966329563132105,0.07462485675554853,0.3014537135804852,-0.07462485675554853,1.009776751687524,0.9351518949319755,0.9273212743624024,0.007947756836478859,0.9352690311988813,0.37799365186630746,0.2694241212210496,0.31445750592900035,0.5611761997385306,0.5015,0.02851659217643125,0.9678988168064082,0.011166666666666667,0.0125,0.34455276764157544,0.09296158086100083,0.5586867071033734,0.15,0.025302031401405366,0.9722988721459459,
sample_size,sample_size_synthetic,synthetic,train_fraction,0.75,neural_rep,8,6000,2000,0.5005,7.885788679122925,0.3682103268685927,0.12217695653888028,0.28282586986512687,-0.12217695653888043,1.0128692173154303,0.8906922607765501,1.042363892051841,0.01316470252171964,1.0555285945735606,0.28899398972531054,0.300294374584694,0.3665915734930994,0.4839749580195153,0.5005,0.022737764937432382,0.973067871807892,0.014666666666666666,0.014666666666666666,0.36224102890769555,0.0946457352192512,0.5671737167647076,0.2,0.0235854278146069,0.9733076831505832,
sample_size,sample_size_synthetic,synthetic,train_fraction,0.75,neural_rep,9,6000,2000,0.5035,6.544605016708374,0.39040630324294406,0.09904179832864735,0.2872764415216014,-0.09904179832864746,0.9977204602086691,0.8986786618800218,0.9852108234204686,0.008802774429183757,0.9940135978496524,0.34017010282203825,0.2239574052063462,0.3262261905686879,0.5808374822905397,0.5035,0.03261341677346927,0.9653461751789688,0.014666666666666666,0.016666666666666666,0.36145171113384555,0.09383609404842402,0.5372528847559127,0.2,0.03475393493134254,0.9654650696119208,
sample_size,sample_size_synthetic,synthetic,train_fraction,0.75,neural_rep,10,6000,2000,0.49033333333333334,7.546831369400024,0.3898026393342295,0.041658025921424535,0.29004084182658624,-0.041658025921424494,1.008078342158642,0.9664203162372174,1.006676472145059,0.009859843487659559,1.0165363156327185,0.32323638986113795,0.30936758576186507,0.3688789164182249,0.5210783709762432,0.49033333333333334,0.02311649443179206,0.9774951458671833,0.019666666666666666,0.014,0.3583552785730133,0.09123719254751365,0.5809758837424671,0.15,0.030345437727232742,0.9755297703938344,
sample_size,sample_size_synthetic,synthetic,train_fraction,0.75,neural_rep,11,6000,2000,0.5013333333333333,6.324743032455444,0.4187039602542931,0.13212636437203262,0.3014564627226554,-0.1321263643720326,0.9978978781676284,0.8657715137955958,0.9556565301961107,0.008320941754944466,0.9639774719510552,0.26655599493886867,0.31077011717845643,0.36677820280838963,0.6317401452386896,0.5013333333333333,0.017703798487367983,0.9818350456430956,0.0185,0.0215,0.3634248065764023,0.0951384626619375,0.5719896024854132,0.2,0.023062055210376364,0.9742032926561258,
sample_size,sample_size_synthetic,synthetic,train_fraction,0.75,neural_rep,12,6000,2000,0.5071666666666667,5.746027946472168,0.3820394226434449,0.017248169047291206,0.26903749512154185,-0.017248169047291192,1.0092853693263442,0.992037200279053,0.9296359976577014,0.007550514823441712,0.9371865124811432,0.3250148112190012,0.2150901773363162,0.2965453813314637,0.5864971498035032,0.5071666666666667,0.03349709694072112,0.9790534724486231,0.013666666666666667,0.018666666666666668,0.3553647854987097,0.09497040516103507,0.5663323473001313,0.2,0.031715526688110035,0.9822192023038969,
sample_size,sample_size_synthetic,synthetic,train_fraction,0.75,neural_rep,13,6000,2000,0.5003333333333333,7.64531946182251,0.40499715646948337,0.09233412553910991,0.3063949968839845,-0.09233412553911004,0.9893875482172994,0.8970534226781894,1.019520093380143,0.008480497461221592,1.0280005908413645,0.3644437101234712,0.25514096189987506,0.2948615253588635,0.6092875672199121,0.5003333333333333,0.023200405464595997,0.9796423429509361,0.0145,0.015333333333333332,0.3526232678325635,0.09550494597390412,0.5737880882409182,0.2,0.019716937435284503,0.9794365695399461,
sample_size,sample_size_synthetic,synthetic,train_fraction,0.75,neural_rep,14,6000,2000,0.5013333333333333,5.564022541046143,0.4149705876401012,0.04567820993642213,0.30598341151785163,-0.0456782099364225,1.0242686503744984,0.9785904404380763,1.077650697239503,0.007254531181711155,1.0849052284212142,0.41492567880480646,0.23974327615608865,0.28805003428620407,0.6133427873379749,0.5013333333333333,0.022408357286417938,0.9674767426230256,0.018333333333333333,0.016666666666666666,0.3648541500739561,0.09935992543471002,0.6246127588527705,0.2,0.021013985718330845,0.9664973002302226,
sample_size,sample_size_synthetic,synthetic,train_fraction,0.75,neural_rep,15,6000,2000,0.49833333333333335,5.536571025848389,0.34288411972682725,0.0005725352463342714,0.2517380493581519,0.0005725352463341844,0.994233348418107,0.9948058836644412,1.0256434980478002,0.00598797569154752,1.0316314737393477,0.3004920178918306,0.23921857263803215,0.2756380734601437,0.4967703215680899,0.49833333333333335,0.02728385583178223,0.9787538550840829,0.012333333333333333,0.015,0.3448449427215858,0.08996263896529651,0.6019057886582033,0.15,0.027938846745364655,0.9827453885067727,
sample_size,sample_size_synthetic,synthetic,train_fraction,0.75,neural_rep,16,6000,2000,0.4955,7.975254774093628,0.41273904808887196,0.0851713610819016,0.3049154441129076,-0.0851713610819017,1.0016643811772643,0.9164930200953627,1.056588269135165,0.013702645933570512,1.0702909150687354,0.314806294920052,0.34034865840067213,0.36137401182664064,0.5795538786421185,0.4955,0.015205857645298453,0.9691137049477426,0.017,0.015666666666666666,0.3676364452187294,0.09296122144156466,0.5803661028579948,0.2,0.014673863769019125,0.9648084027810745,
sample_size,sample_size_synthetic,synthetic,train_fraction,0.75,neural_rep,17,6000,2000,0.49566666666666664,4.860747337341309,0.3730333059275943,0.006644139783989145,0.2778956032501295,0.006644139783989134,0.9937781601215252,1.0004222999055143,1.007782490142713,0.007624047480935037,1.015406537623648,0.38045055446308923,0.2634956083651841,0.3126100585915936,0.4946895800129923,0.49566666666666664,0.02558956225234848,0.9641814151661591,0.0115,0.012,0.35270471426520483,0.0964913849736536,0.5418963993962258,0.2,0.02369437964679253,0.9709079817930104,
sample_size,sample_size_synthetic,synthetic,train_fraction,0.75,neural_rep,18,6000,2000,0.495,6.582946300506592,0.4184488394338928,0.15274117089875816,0.31390590626574366,-0.15274117089875797,1.0237966091927893,0.8710554382940311,1.073822411251744,0.027230061438068498,1.1010524726898125,0.40654653275068564,0.37762062886512043,0.35461119394368595,0.5164989868218789,0.495,0.034173951743245556,0.9704134981250416,0.012666666666666666,0.011,0.3462946294629463,0.09260799789802168,0.5596080275505191,0.2,0.0376748719748798,0.972081523705094,
sample_size,sample_size_synthetic,synthetic,train_fraction,0.75,neural_rep,19,6000,2000,0.506,6.590469598770142,0.42729759924049365,0.009429039944050088,0.3190484090032903,0.009429039944050019,0.9799029946616354,0.9893320346056855,0.974514219704669,0.008350434303606158,0.9828646540082752,0.37974864766638505,0.309413412853313,0.36890006862411406,0.5952310452067323,0.506,0.01999641601772402,0.9783158231307312,0.011,0.01633333333333333,0.3517706549743163,0.09344092080906634,0.5777394430377946,0.2,0.0212746369220421,0.9781047231158733,
sample_size,sample_size_synthetic,synthetic,train_fraction,0.75,neural_rep,20,6000,2000,0.5013333333333333,6.751587390899658,0.37350001832426444,0.029078493960241203,0.2792091112595348,-0.029078493960241158,0.9959894759218607,0.9669109819616195,0.9753781519412258,0.006503508085284215,0.98188166002651,0.3011685975263658,0.2829432350996049,0.3291607664834437,0.5281125316978448,0.5013333333333333,0.025877683242125648,0.9788934253402005,0.015166666666666667,0.018,0.35971455797019003,0.09697938316881133,0.5835783021663371,0.2,0.027570558885307437,0.9784447213209237,
sample_size,sample_size_synthetic,synthetic,train_fraction,0.75,neural_rep,21,6000,2000,0.5006666666666667,7.169875383377075,0.3508703473317046,0.012686924952918677,0.2646533872539576,0.012686924952918751,1.0207415090390914,1.0334284339920101,0.9399180651014458,0.006141312410534061,0.9460593775119799,0.309069591893642,0.28233446455222116,0.29059399198715374,0.48245038279636815,0.5006666666666667,0.024030461097045697,0.9816348483330748,0.018333333333333333,0.020666666666666667,0.35359485083529035,0.09350718226852381,0.5838036677395252,0.2,0.026282909786277182,0.9759708490075967,
sample_size,sample_size_synthetic,synthetic,train_fraction,0.75,neural_rep,22,6000,2000,0.484,5.914027214050293,0.40051820011192624,0.13922410553063624,0.2961564015725762,-0.1392241055306363,0.9845333051330328,0.8453091996023966,0.9825305155465469,0.00683147724711719,0.9893619927936641,0.25028280339552683,0.2808298981027186,0.34920792158775954,0.6149847385423788,0.484,0.013659992244887193,0.9800128137627263,0.018166666666666668,0.014,0.36353492643133234,0.09591496934767685,0.6360734654767747,0.2,0.015126341540155616,0.9816053309905833,
sample_size,sample_size_synthetic,synthetic,train_fraction,0.75,neural_rep,23,6000,2000,0.4985,5.331516265869141,0.3657620373697992,0.04822956073578122,0.2770908966568511,0.04822956073578115,0.9858277156315673,1.0340572763673486,1.0356520966085736,0.005682011622923033,1.0413341082314966,0.3795604795116044,0.263998525198052,0.3017179022347613,0.4799295786684283,0.4985,0.020232779317601673,0.9769406999556899,0.015833333333333335,0.021166666666666667,0.3631156013737457,0.09682776667424955,0.6170857866743547,0.15,0.025464782350892595,0.9732012578498234,
sample_size,sample_size_synthetic,synthetic,train_fraction,0.75,neural_rep,24,6000,2000,0.496,6.753300189971924,0.3596642800618816,0.0963904137004834,0.2691428596558256,-0.09639041370048333,0.9898141538456205,0.8934237401451371,0.9627728586507495,0.005690659810925536,0.968463518461675,0.29493773605122764,0.25377245812674715,0.3002615554276107,0.5252502709101662,0.496,0.024774486788935342,0.9877499115627416,0.017,0.016,0.35924965864481995,0.09564749372264764,0.6082760979744093,0.15,0.02758203197606996,0.9842577814034624,
sample_size,sample_size_synthetic,synthetic,train_fraction,0.75,neural_rep,25,6000,2000,0.49916666666666665,5.660168886184692,0.37002170055399286,0.07261781463681927,0.2715469036696941,-0.07261781463681931,0.9607481280307981,0.8881303133939789,0.9301776297139113,0.007336026598568357,0.9375136563124796,0.2809740477288558,0.26441688425284154,0.3324254981893743,0.53693092619247,0.49916666666666665,0.03386059705265428,0.9729736186753345,0.011333333333333334,0.009333333333333334,0.34798041105669736,0.09084640219139731,0.550819224037957,0.2,0.0294609479427401,0.9789880771186055,
sample_size,sample_size_synthetic,synthetic,train_fraction,0.75,neural_rep,26,6000,2000,0.5025,5.134571552276611,0.4537139483328069,0.08296385383710647,0.31798779737764743,-0.08296385383710668,0.9984765979427137,0.9155127441056072,0.9751845913811669,0.007546482929802201,0.9827310743109691,0.35000518349671655,0.26126276040396545,0.31533225157199346,0.7302253763852957,0.5025,0.023271620638784893,0.9737262603663266,0.017,0.0165,0.37001925048126205,0.10306204282148541,0.5547736497091927,0.2,0.025200432120718715,0.9707290451692931,
sample_size,sample_size_synthetic,synthetic,train_fraction,0.75,neural_rep,27,6000,2000,0.4965,5.425164699554443,0.3898735766570014,0.058588269019571926,0.2813139984916255,-0.05858826901957197,0.9886827328665322,0.9300944638469603,1.0159537700176176,0.006825553923446526,1.022779323941064,0.3314333471263873,0.2492639116498656,0.3024724549716547,0.5869714438082307,0.4965,0.016992101102531878,0.9670366252170117,0.014333333333333333,0.0135,0.35923693594319456,0.09134907269284745,0.5766690614000222,0.15,0.017249130780206557,0.9675311157044532,
sample_size,sample_size_synthetic,synthetic,train_fraction,0.75,neural_rep,28,6000,2000,0.5136666666666667,5.161750793457031,0.4243769801009939,0.1332512269391899,0.30701347976348703,-0.13325122693918984,0.9834043175144798,0.8501530905752899,1.0188369941751068,0.010018582193198178,1.028855576368305,0.3250480683887706,0.2594301471851964,0.3592888955417353,0.6467878527516993,0.5136666666666667,0.024118732245580383,0.991624730325771,0.011833333333333333,0.013833333333333333,0.3669401450594867,0.09547819169049057,0.5518762245144926,0.2,0.01882351880269088,0.9911860749330021,
sample_size,sample_size_synthetic,synthetic,train_fraction,0.75,neural_rep,29,6000,2000,0.49283333333333335,5.575498580932617,0.41834204012487014,0.14503768795842698,0.30579933340956156,-0.1450376879584269,1.0023774149168188,0.8573397269583918,0.9967627168789598,0.008492629173128319,1.005255346052088,0.2747262935884875,0.30059287297477905,0.35638567612968297,0.6381213742861488,0.49283333333333335,0.021957235444880565,0.9748873745642506,0.016833333333333332,0.012833333333333334,0.3673070167415506,0.09094863530261764,0.6115952894512947,0.15,0.021851686948532956,0.9757825759161984,
sample_size,sample_size_synthetic,synthetic,train_fraction,1.0,s_learner,0,8000,2000,0.4985,8.008787870407104,0.3537012287212443,0.20220802273242156,0.26567906940605485,-0.20220802273242153,0.9761767889127134,0.7739687661802919,0.91706803707026,0.00549780938968214,0.9225658464599421,0.1988638000338389,0.2518323614775152,0.2919505010631632,0.5587636284453377,0.4985,0.015746230887094405,0.9729191972531951,0.016125,0.017125,0.35722671504043535,0.08919416888300816,0.5652672774162858,0.15,0.015523792352969834,0.9709117505131559,
sample_size,sample_size_synthetic,synthetic,train_fraction,1.0,s_learner,1,8000,2000,0.494,8.096357822418213,0.4471094037724156,0.3196708194352059,0.3555767203608827,-0.31967081943520576,0.9952623742528588,0.6755915548176529,0.9782090349854806,0.009290551858679441,0.9874995868441601,0.23911149601551313,0.317140282785747,0.37413772023297914,0.7084461698488943,0.494,0.023743832370498014,0.9721063727262115,0.019125,0.018,0.3624681954201405,0.09211997749669334,0.5907657114331166,0.2,0.028551091273580093,0.9649108490954305,
sample_size,sample_size_synthetic,synthetic,train_fraction,1.0,s_learner,2,8000,2000,0.5025,8.073037385940552,0.40436356392655287,0.21647669653806967,0.29372627175351124,-0.2164766965380696,1.0092771305266088,0.7928004339885392,1.0437625103510189,0.002651961218035126,1.046414471569054,0.2024718594156037,0.2476639203017651,0.3111093487476742,0.6744762925210053,0.5025,0.020515802081236056,0.9795045877309371,0.013875,0.014125,0.3580739518487962,0.09027413193102277,0.5668032581153729,0.15,0.017591698677665704,0.9793669573259696,
sample_size,sample_size_synthetic,synthetic,train_fraction,1.0,s_learner,3,8000,2000,0.492625,7.9755539894104,0.3962388539276452,0.25351572879964734,0.2931115525209167,-0.2535157287996474,1.0015045942012186,0.7479888654015713,1.0208278144155634,0.0016533275774615053,1.0224811419930249,0.18384237226360647,0.24698891672198192,0.29899081213178486,0.6662010724138336,0.492625,0.011834876952974882,0.9799692712946286,0.01875,0.01625,0.36435426982582897,0.09994829831609256,0.5635077625930822,0.2,0.017246274361952287,0.9773516795517425,
sample_size,sample_size_synthetic,synthetic,train_fraction,1.0,s_learner,4,8000,2000,0.496,8.359380722045898,0.43460689618984355,0.2655591389129316,0.3143605796367995,-0.2655591389129314,1.0237232477201006,0.758164108807169,1.0315546718656696,0.004968104404895257,1.0365227762705649,0.1946813833123392,0.2812201514822254,0.3537393605304309,0.7165301578206655,0.496,0.015139658857617753,0.9766752715861634,0.014875,0.012875,0.3462141577060932,0.0921235516822564,0.535841005070247,0.2,0.017193404491357145,0.9769899468579579,
sample_size,sample_size_synthetic,synthetic,train_fraction,1.0,s_learner,5,8000,2000,0.497875,8.08344030380249,0.37389167198101486,0.20401590445241424,0.26044939694305824,-0.2040159044524142,0.9979068192407434,0.7938909147883292,0.972963098025205,0.0023924940544758355,0.9753555920796808,0.18168430156621795,0.21993321900822288,0.24950967256022386,0.6446278356904872,0.497875,0.024814779796599608,0.9909443266762525,0.018875,0.016,0.3727357950402979,0.09811054060681518,0.5733700955454593,0.15,0.027021497048347824,0.9879391287029303,
sample_size,sample_size_synthetic,synthetic,train_fraction,1.0,s_learner,6,8000,2000,0.4965,8.02087926864624,0.4001045283386512,0.2256861241152628,0.2926888886634244,-0.22568612411526265,0.972925580160135,0.7472394560448722,0.9382280742149693,0.0013404863131093459,0.9395685605280787,0.1640006296584385,0.25635769474042236,0.30587575269778355,0.6739132615692874,0.4965,0.020181205130109417,0.977927005416299,0.017,0.01325,0.35743426427894964,0.0951944447053797,0.594772322864181,0.2,0.02281681048745643,0.9758864729507553,
sample_size,sample_size_synthetic,synthetic,train_fraction,1.0,s_learner,7,8000,2000,0.500875,8.067044496536255,0.43370520193181067,0.26507222145305454,0.31365893397208855,-0.2650722214530545,1.009776751687524,0.7447045302344695,0.9299666204707769,0.005302410728104334,0.9352690311988813,0.20946660637174405,0.2513925099695349,0.3214745798803487,0.7361932151058758,0.500875,0.027674598145697116,0.9705398819763426,0.009875,0.00975,0.3347860252822024,0.08814689982819109,0.5381116755128365,0.2,0.022536925345838454,0.9742429046663715,
sample_size,sample_size_synthetic,synthetic,train_fraction,1.0,s_learner,8,8000,2000,0.49675,8.074335098266602,0.42717369400360594,0.24514345145445826,0.30813577870802683,-0.24514345145445832,1.0128692173154303,0.7677257658609721,1.0534727071618495,0.0020558874117111436,1.0555285945735606,0.18310540373702236,0.22444709773960755,0.322881613256503,0.7360386094860736,0.49675,0.021390496730334985,0.9735220749611216,0.015625,0.01325,0.36484778981911986,0.0917155984793005,0.5624542407079769,0.2,0.0235854278146069,0.9733076831505832,
sample_size,sample_size_synthetic,synthetic,train_fraction,1.0,s_learner,9,8000,2000,0.50475,8.041460037231445,0.3905902737953351,0.22367087896255422,0.2842222492565421,-0.2236708789625543,0.9977204602086691,0.7740495812461149,0.9886648211075697,0.005348776742082673,0.9940135978496524,0.18658636948323729,0.24771263699194493,0.29982890134234036,0.6512830828844445,0.50475,0.025664800883686504,0.9774451465297186,0.015625,0.017,0.3589272681859538,0.09170820968730778,0.551273857866477,0.2,0.028826725965079212,0.9756256280497015,
sample_size,sample_size_synthetic,synthetic,train_fraction,1.0,s_learner,10,8000,2000,0.491375,7.990731477737427,0.39028330718099524,0.22738806328346672,0.2843194967638699,-0.22738806328346658,1.008078342158642,0.7806902788751752,1.0121465279747859,0.004389787657932631,1.0165363156327185,0.1968469622834359,0.23881844536048805,0.2815185496216025,0.6589753935245782,0.491375,0.018318032510716998,0.9784470145438374,0.019,0.0145,0.3625596966697403,0.09323697159753927,0.5816465929133725,0.15,0.022224073769534274,0.9755297703938344,
sample_size,sample_size_synthetic,synthetic,train_fraction,1.0,s_learner,11,8000,2000,0.503,8.190641164779663,0.39397681436643,0.24278669526430607,0.3030116059486437,-0.242786695264306,0.9978978781676284,0.7551111829033224,0.9584024148438529,0.005575057107202297,0.9639774719510552,0.19896185756165424,0.2918486476490798,0.32765323484617853,0.6235004609694655,0.503,0.022628938207661115,0.977375533336969,0.01425,0.018875,0.35062412246840885,0.09676058044003766,0.578685782905137,0.2,0.023062055210376364,0.9742032926561258,
sample_size,sample_size_synthetic,synthetic,train_fraction,1.0,s_learner,12,8000,2000,0.506,8.410587787628174,0.4172051169239075,0.2609168329341054,0.31832178576750253,-0.2609168329341055,1.0092853693263442,0.7483685363922388,0.9341048203715222,0.003081692109620948,0.9371865124811432,0.19729739412621577,0.2875211908204256,0.34886260806728286,0.673008634523115,0.506,0.02826353620798673,0.9792338515621636,0.014,0.017875,0.3510955577603175,0.09379590327822251,0.5677624030864704,0.2,0.028735521560314694,0.9822192023038969,
sample_size,sample_size_synthetic,synthetic,train_fraction,1.0,s_learner,13,8000,2000,0.50125,8.248708963394165,0.4031674397819244,0.17100868248486722,0.2759218865722332,-0.17100868248486728,0.9893875482172994,0.8183788657324321,1.0245795170777376,0.0034210737636268806,1.0280005908413645,0.20374982965932692,0.22312480856783112,0.2702885356023857,0.6970088752939437,0.50125,0.02507581558967714,0.9755194404231796,0.01225,0.01275,0.3446371539822124,0.09040569861543858,0.5670431543306537,0.15,0.019716937435284503,0.9794365695399461,
sample_size,sample_size_synthetic,synthetic,train_fraction,1.0,s_learner,14,8000,2000,0.505875,8.054378032684326,0.4115315455474907,0.19895323766262907,0.2832462060134842,-0.19895323766262932,1.0242686503744984,0.8253154127118694,1.0788628647204417,0.006042363700772491,1.0849052284212142,0.2104662511651239,0.23626673785917798,0.2844313834244068,0.7045662678187093,0.505875,0.022735964042290065,0.9700040892965421,0.0165,0.015125,0.3602076061626258,0.09584763219254509,0.600930018015893,0.15,0.021013985718330845,0.9664973002302226,
sample_size,sample_size_synthetic,synthetic,train_fraction,1.0,s_learner,15,8000,2000,0.5005,8.000250577926636,0.3922355573197346,0.243730412609096,0.2899872144263705,-0.24373041260909606,0.994233348418107,0.750502935809011,1.0289095165973272,0.0027219571420205035,1.0316314737393477,0.19143584107687264,0.26068912594878957,0.31647017147982404,0.6408081293417465,0.5005,0.02332706129955514,0.9844103847892702,0.016,0.019875,0.35436285436285436,0.09342442793811542,0.6115329707664686,0.15,0.027938846745364655,0.9827453885067727,
sample_size,sample_size_synthetic,synthetic,train_fraction,1.0,s_learner,16,8000,2000,0.492875,8.150986909866333,0.4337709778977889,0.24643148776418988,0.31018063187478945,-0.2464314877641898,1.0016643811772643,0.7552328934130744,1.0642616482448592,0.006029266823876167,1.0702909150687354,0.20617378342740156,0.25739724729486135,0.32550223984853227,0.733427818555762,0.492875,0.01614582828242945,0.9657312274364194,0.015625,0.01175,0.354557122255638,0.09242444808788568,0.5799557076068415,0.2,0.014673863769019125,0.9648084027810745,
sample_size,sample_size_synthetic,synthetic,train_fraction,1.0,s_learner,17,8000,2000,0.493625,8.140460014343262,0.3553643383081504,0.2053649954024993,0.2625451588178202,-0.2053649954024993,0.9937781601215252,0.7884131647190259,1.0113686660549925,0.004037871568655538,1.015406537623648,0.1745691186577957,0.22144176829801648,0.2902195398037719,0.5842919103880637,0.493625,0.025681201384102716,0.9665216306256832,0.0115,0.01125,0.34812077888411735,0.09120846463083566,0.5355235909120115,0.2,0.02369437964679253,0.9721805449623284,
sample_size,sample_size_synthetic,synthetic,train_fraction,1.0,s_learner,18,8000,2000,0.49675,8.142165660858154,0.4064724232185905,0.2517374351771954,0.29876822442907935,-0.2517374351771954,1.0237966091927893,0.7720591740155939,1.0984439890199051,0.002608483669907402,1.1010524726898125,0.19558564806066456,0.28661357076766564,0.3267928068292981,0.6585474167270713,0.49675,0.03604611169285388,0.9705093223324419,0.014375,0.011125,0.35609867016881463,0.09001182417262207,0.5695445984661492,0.15,0.0376748719748798,0.9773004964875711,
sample_size,sample_size_synthetic,synthetic,train_fraction,1.0,s_learner,19,8000,2000,0.5075,8.121545314788818,0.4644690233533974,0.3037944714191807,0.35250439222680097,-0.30379447141918076,0.9799029946616354,0.6761085232424547,0.9746010735383981,0.008263580469877074,0.9828646540082752,0.21944693704012835,0.32233555574085426,0.37304904808273814,0.756110530063521,0.5075,0.020463633795759287,0.9788911061874033,0.011375,0.015125,0.3494698807231627,0.09148591646966538,0.5871929967977904,0.2,0.0212746369220421,0.9781047231158733,
sample_size,sample_size_synthetic,synthetic,train_fraction,1.0,s_learner,20,8000,2000,0.498625,8.031448125839233,0.36171504433098906,0.2118946598683853,0.2606316159086865,-0.21189465986838524,0.9959894759218607,0.7840948160534754,0.9805030590514725,0.0013786009750375028,0.98188166002651,0.1564464982127429,0.24770474183552738,0.2937123146107136,0.5926643430278724,0.498625,0.02529853469388057,0.978843135635392,0.014625,0.01525,0.35744564068265766,0.09285093774467269,0.5828099881191594,0.2,0.027570558885307437,0.9794471325460131,
sample_size,sample_size_synthetic,synthetic,train_fraction,1.0,s_learner,21,8000,2000,0.502375,8.093143463134766,0.42506344123627576,0.27562559079006865,0.32235889361844317,-0.2756255907900686,1.0207415090390914,0.7451159182490228,0.9419537573390003,0.004105620172979552,0.9460593775119799,0.1876697959332041,0.2763375608831461,0.34089892200921035,0.7035063904578271,0.502375,0.02283844071725993,0.9893565168324596,0.017,0.019125,0.35290171234488477,0.09253494383104416,0.5764701228905,0.2,0.026282909786277182,0.9856881857000932,
sample_size,sample_size_synthetic,synthetic,train_fraction,1.0,s_learner,22,8000,2000,0.48775,8.072780132293701,0.38633810400163693,0.22835967825501446,0.2872711103849475,-0.22835967825501455,0.9845333051330328,0.7561736268780184,0.9835420555033404,0.005819937290323707,0.9893619927936641,0.19436642069764937,0.25513132247492326,0.31790185850006886,0.6269741889216028,0.48775,0.01286696866877158,0.9824486481655594,0.019,0.015875,0.36279226605770115,0.09307020042590104,0.6235918564238242,0.15,0.015126341540155616,0.9816053309905833,
sample_size,sample_size_synthetic,synthetic,train_fraction,1.0,s_learner,23,8000,2000,0.496,7.997193813323975,0.3602276145046814,0.249099004194972,0.2769573508134733,-0.24909900419497197,0.9858277156315673,0.7367287114365954,1.0398458124965202,0.0014882957349764414,1.0413341082314966,0.17080473509371472,0.28140315495931106,0.3206834579168358,0.5548476040084758,0.496,0.023055388156948676,0.9727327668926934,0.015375,0.0165,0.35497071812596004,0.09051909289858524,0.6066274920823285,0.15,0.025464782350892595,0.9732012578498234,
sample_size,sample_size_synthetic,synthetic,train_fraction,1.0,s_learner,24,8000,2000,0.498625,8.187137603759766,0.43926113838893427,0.30197065443747073,0.3338133116403483,-0.3019706544374708,0.9898141538456205,0.6878434994081498,0.9655789371887561,0.002884581272918907,0.968463518461675,0.19851393131349146,0.2977719711473095,0.3566640641424118,0.7186906207944387,0.498625,0.028831747190496512,0.986052544855966,0.013875,0.014125,0.34820082076870706,0.0905415647243534,0.5814749044429223,0.15,0.02758203197606996,0.9842577814034624,
sample_size,sample_size_synthetic,synthetic,train_fraction,1.0,s_learner,25,8000,2000,0.50075,8.030483722686768,0.3461212507713515,0.20414563814411635,0.25494870205336445,-0.20414563814411651,0.9607481280307981,0.7566024898866818,0.9366551875795378,0.0008584687329418195,0.9375136563124796,0.17364515039485096,0.2291014468120342,0.28687389870524166,0.5605915946540191,0.50075,0.03422893949814544,0.974437860100682,0.010375,0.0105,0.347209906222289,0.08679466322757708,0.5474777027991983,0.2,0.0294609479427401,0.9789880771186055,
sample_size,sample_size_synthetic,synthetic,train_fraction,1.0,s_learner,26,8000,2000,0.497625,8.154086112976074,0.39941963698074145,0.2144970626531113,0.27107511237015874,-0.21449706265311147,0.9984765979427137,0.7839795352896024,0.9794885375778725,0.0032425367330966015,0.9827310743109691,0.18538620118875704,0.22333278850818508,0.3107691076392906,0.6762552545794732,0.497625,0.023579930665042843,0.9740608492203652,0.0165,0.014625,0.3649851099765438,0.09664394432730991,0.5527805504666568,0.2,0.025200432120718715,0.9707290451692931,
sample_size,sample_size_synthetic,synthetic,train_fraction,1.0,s_learner,27,8000,2000,0.495125,8.267513990402222,0.4354414223383895,0.2708674120443676,0.32128481044696977,-0.27086741204436754,0.9886827328665322,0.7178153208221646,1.0170594625593095,0.005719861381754621,1.022779323941064,0.20181320018674453,0.27729461983268405,0.3248419146882407,0.7316377420938784,0.495125,0.016734532195594756,0.9670790816030446,0.0145,0.012125,0.35652764240900653,0.0890731768878561,0.5563893693613856,0.15,0.017249130780206557,0.9675311157044532,
sample_size,sample_size_synthetic,synthetic,train_fraction,1.0,s_learner,28,8000,2000,0.512875,8.211722135543823,0.38950475904435733,0.23587081794420217,0.2906520157405958,-0.23587081794420214,0.9834043175144798,0.7475334995702776,1.020009758746282,0.008845817622022967,1.028855576368305,0.20853150795086217,0.2570214334340852,0.31174414742771983,0.6325551428647175,0.512875,0.02208613543519174,0.9927261185944218,0.013,0.0165,0.37199134100854747,0.0933400042005947,0.5471242847873369,0.2,0.01882351880269088,0.9911860749330021,
sample_size,sample_size_synthetic,synthetic,train_fraction,1.0,s_learner,29,8000,2000,0.497375,8.019046068191528,0.43656834266500877,0.2803002846088708,0.32838741968062807,-0.2803002846088707,1.0023774149168188,0.722077130307948,1.0020120715787189,0.003243274473369251,1.005255346052088,0.2149049492420633,0.32119291014963014,0.372187154988985,0.688836243378042,0.497375,0.02171147509377958,0.9722148155933559,0.016125,0.014125,0.36770832246063784,0.09230733434573443,0.6100413620043347,0.15,0.021851686948532956,0.9757825759161984,
sample_size,sample_size_synthetic,synthetic,train_fraction,1.0,t_learner,0,8000,2000,0.4985,7.659228086471558,0.6580451961707116,0.04143025556970459,0.5216511393377934,-0.04143025556970447,0.9761767889127134,0.9347465333430088,0.8628913952170016,0.05967445124294046,0.9225658464599421,0.6571298073601779,0.629081485311931,0.6560078939371545,0.6886105321747917,0.4985,0.015746230887094405,0.9729191972531951,0.016125,0.017125,0.35722671504043535,0.08919416888300816,0.5652672774162858,0.15,0.015523792352969834,0.9709117505131559,
sample_size,sample_size_synthetic,synthetic,train_fraction,1.0,t_learner,1,8000,2000,0.494,7.624450445175171,0.6594524763958985,0.12012469340068999,0.5193651606798999,-0.12012469340068985,0.9952623742528588,0.8751376808521688,0.9212794839954936,0.06622010284866642,0.9874995868441601,0.6335146244871522,0.5906951032697705,0.6356630617459256,0.764971412514576,0.494,0.023743832370498014,0.9721063727262115,0.019125,0.018,0.3624681954201405,0.09211997749669334,0.5907657114331166,0.2,0.028551091273580093,0.9649108490954305,
sample_size,sample_size_synthetic,synthetic,train_fraction,1.0,t_learner,2,8000,2000,0.5025,7.555424690246582,0.6459722477941024,0.03507188193073396,0.5126132830345898,-0.03507188193073382,1.0092771305266088,0.9742052485958749,0.9985432867157618,0.047871184853292226,1.046414471569054,0.6140514058074026,0.6208718480691651,0.6281034022287182,0.7155876711420498,0.5025,0.020515802081236056,0.9795045877309371,0.013875,0.014125,0.3580739518487962,0.09027413193102277,0.5668032581153729,0.15,0.017591698677665704,0.9793669573259696,
sample_size,sample_size_synthetic,synthetic,train_fraction,1.0,t_learner,3,8000,2000,0.492625,7.67788553237915,0.6436376156610393,0.07598022868127796,0.5008901907598261,-0.07598022868127796,1.0015045942012186,0.9255243655199407,0.9696248089793503,0.05285633301367454,1.0224811419930249,0.6707281097904867,0.5855413429895119,0.5901590559950627,0.7183696459269746,0.492625,0.011834876952974882,0.9799692712946286,0.01875,0.01625,0.36435426982582897,0.09994829831609256,0.5635077625930822,0.2,0.017246274361952287,0.9773516795517425,
sample_size,sample_size_synthetic,synthetic,train_fraction,1.0,t_learner,4,8000,2000,0.496,7.585614204406738,0.6439559220930016,0.044032529465642956,0.5094599340888022,-0.044032529465642775,1.0237232477201006,0.9796907182544576,0.9792221084808682,0.05730066778969667,1.0365227762705649,0.6433453669625466,0.6486191742145735,0.6023613074758375,0.6791742628365876,0.496,0.015139658857617753,0.9766752715861634,0.014875,0.012875,0.3462141577060932,0.0921235516822564,0.535841005070247,0.2,0.017193404491357145,0.9769899468579579,
sample_size,sample_size_synthetic,synthetic,train_fraction,1.0,t_learner,5,8000,2000,0.497875,7.544746160507202,0.6369245768106693,0.010153689067304517,0.5023229027292112,-0.010153689067304628,0.9979068192407434,0.9877531301734389,0.9190473690170888,0.05630822306259198,0.9753555920796808,0.6045007427524548,0.6145015914796559,0.6339807790537821,0.6911777514162769,0.497875,0.024814779796599608,0.9909443266762525,0.018875,0.016,0.3727357950402979,0.09811054060681518,0.5733700955454593,0.15,0.027021497048347824,0.9879391287029303,
sample_size,sample_size_synthetic,synthetic,train_fraction,1.0,t_learner,6,8000,2000,0.4965,7.4329164028167725,0.6426279897446282,0.046916857781232446,0.5069842514607905,-0.046916857781232266,0.972925580160135,0.9260087223789025,0.8898776348478311,0.04969092568024758,0.9395685605280787,0.642815814173054,0.5939298660257876,0.6040628167422957,0.7218214388156364,0.4965,0.020181205130109417,0.977927005416299,0.017,0.01325,0.35743426427894964,0.0951944447053797,0.594772322864181,0.2,0.02281681048745643,0.9758864729507553,
sample_size,sample_size_synthetic,synthetic,train_fraction,1.0,t_learner,7,8000,2000,0.500875,7.717096328735352,0.6251776605719128,0.04771065245853556,0.49121984549528575,-0.04771065245853552,1.009776751687524,0.9620660992289884,0.8779423663211788,0.05732666487770244,0.9352690311988813,0.5778198948567349,0.5907233443517741,0.6093327081865287,0.713633084569625,0.500875,0.027674598145697116,0.9705398819763426,0.009875,0.00975,0.3347860252822024,0.08814689982819109,0.5381116755128365,0.2,0.022536925345838454,0.9742429046663715,
sample_size,sample_size_synthetic,synthetic,train_fraction,1.0,t_learner,8,8000,2000,0.49675,7.598708629608154,0.672681916671763,0.046760721770505276,0.527717283895414,-0.04676072177050528,1.0128692173154303,0.9661084955449251,0.9927359267320761,0.06279266784148452,1.0555285945735606,0.6180056898950719,0.6177454631479261,0.6631468012131496,0.7789092849151463,0.49675,0.021390496730334985,0.9735220749611216,0.015625,0.01325,0.36484778981911986,0.0917155984793005,0.5624542407079769,0.2,0.0235854278146069,0.9733076831505832,
sample_size,sample_size_synthetic,synthetic,train_fraction,1.0,t_learner,9,8000,2000,0.50475,7.512748718261719,0.6322934536909899,0.02698753565690981,0.4982084055685909,-0.02698753565690985,0.9977204602086691,0.9707329245517593,0.9459072981188965,0.048106299730755864,0.9940135978496524,0.6225100452673336,0.5779361053648835,0.6036867571160404,0.7163891730488197,0.50475,0.025664800883686504,0.9774451465297186,0.015625,0.017,0.3589272681859538,0.09170820968730778,0.551273857866477,0.2,0.028826725965079212,0.9756256280497015,
sample_size,sample_size_synthetic,synthetic,train_fraction,1.0,t_learner,10,8000,2000,0.491375,7.53466010093689,0.6397756331946147,0.056856440874346714,0.5003757309414337,-0.05685644087434664,1.008078342158642,0.9512219012842952,0.9557456147167284,0.06079070091599015,1.0165363156327185,0.6207541303763493,0.6166054024282627,0.6387269908438057,0.6809855812004248,0.491375,0.018318032510716998,0.9784470145438374,0.019,0.0145,0.3625596966697403,0.09323697159753927,0.5816465929133725,0.15,0.022224073769534274,0.9755297703938344,
sample_size,sample_size_synthetic,synthetic,train_fraction,1.0,t_learner,11,8000,2000,0.503,7.664093971252441,0.6303333320666797,0.06577259182129536,0.4942799916864272,-0.06577259182129533,0.9978978781676284,0.9321252863463331,0.9059060829780817,0.05807138897297348,0.9639774719510552,0.605529500941204,0.6040841406024682,0.5973518976905267,0.7077199466915803,0.503,0.022628938207661115,0.977375533336969,0.01425,0.018875,0.35062412246840885,0.09676058044003766,0.578685782905137,0.2,0.023062055210376364,0.9742032926561258,
sample_size,sample_size_synthetic,synthetic,train_fraction,1.0,t_learner,12,8000,2000,0.506,7.55335259437561,0.6380821833295846,0.11649851957743906,0.5044424110137218,-0.1164985195774391,1.0092853693263442,0.8927868497489051,0.8694208806152005,0.06776563186594264,0.9371865124811432,0.6441289630070999,0.6336039761231663,0.5929699555679303,0.6786943369298708,0.506,0.02826353620798673,0.9792338515621636,0.014,0.017875,0.3510955577603175,0.09379590327822251,0.5677624030864704,0.2,0.028735521560314694,0.9822192023038969,
sample_size,sample_size_synthetic,synthetic,train_fraction,1.0,t_learner,13,8000,2000,0.50125,7.5681703090667725,0.698313238043991,0.02312067646602123,0.5427006879769888,0.023120676466021138,0.9893875482172994,1.0125082246833206,0.971612631835926,0.05638795900543847,1.0280005908413645,0.687907092516155,0.6324392728625434,0.637997786193501,0.8187360604793184,0.50125,0.02507581558967714,0.9755194404231796,0.01225,0.01275,0.3446371539822124,0.09040569861543858,0.5670431543306537,0.15,0.019716937435284503,0.9794365695399461,
sample_size,sample_size_synthetic,synthetic,train_fraction,1.0,t_learner,14,8000,2000,0.505875,7.564761638641357,0.6584967202616075,0.02425518126966275,0.5153379855403405,-0.024255181269662956,1.0242686503744984,1.0000134691048357,1.02678338707294,0.05812184134827425,1.0849052284212142,0.5925820536917341,0.6146468627879034,0.6411260540887442,0.7710284358292157,0.505875,0.022735964042290065,0.9700040892965421,0.0165,0.015125,0.3602076061626258,0.09584763219254509,0.600930018015893,0.15,0.021013985718330845,0.9664973002302226,
sample_size,sample_size_synthetic,synthetic,train_fraction,1.0,t_learner,15,8000,2000,0.5005,7.601214170455933,0.6795579902675427,0.055790725374333716,0.5395653709695091,-0.055790725374333855,0.994233348418107,0.9384426230437732,0.9674931238893028,0.06413834985004496,1.0316314737393477,0.670215286250924,0.6516019054824898,0.6497102257913101,0.7424953184332087,0.5005,0.02332706129955514,0.9844103847892702,0.016,0.019875,0.35436285436285436,0.09342442793811542,0.6115329707664686,0.15,0.027938846745364655,0.9827453885067727,
sample_size,sample_size_synthetic,synthetic,train_fraction,1.0,t_learner,16,8000,2000,0.492875,7.515171051025391,0.6606093747845607,0.12622953481574195,0.5191644415835446,-0.12622953481574203,1.0016643811772643,0.8754348463615224,1.0100445121733932,0.06024640289534222,1.0702909150687354,0.6839823757239111,0.5714302410902622,0.6168407661566888,0.7554879500606356,0.492875,0.01614582828242945,0.9657312274364194,0.015625,0.01175,0.354557122255638,0.09242444808788568,0.5799557076068415,0.2,0.014673863769019125,0.9648084027810745,
sample_size,sample_size_synthetic,synthetic,train_fraction,1.0,t_learner,17,8000,2000,0.493625,7.651509046554565,0.6605052997522736,0.009725734934238783,0.519686103995321,-0.009725734934238632,0.9937781601215252,0.9840524251872864,0.9659207216126979,0.049485816010950145,1.015406537623648,0.680818723967788,0.5933628763834665,0.6206300552607897,0.7377626315659824,0.493625,0.025681201384102716,0.9665216306256832,0.0115,0.01125,0.34812077888411735,0.09120846463083566,0.5355235909120115,0.2,0.02369437964679253,0.9721805449623284,
sample_size,sample_size_synthetic,synthetic,train_fraction,1.0,t_learner,18,8000,2000,0.49675,7.687759160995483,0.6740926491386935,0.04039652191766163,0.5244158454480666,-0.04039652191766163,1.0237966091927893,0.9834000872751276,1.0453978915254662,0.055654581164346295,1.1010524726898125,0.7062725294395461,0.6643727725355054,0.639623121037958,0.6843053374024637,0.49675,0.03604611169285388,0.9705093223324419,0.014375,0.011125,0.35609867016881463,0.09001182417262207,0.5695445984661492,0.15,0.0376748719748798,0.9773004964875711,
sample_size,sample_size_synthetic,synthetic,train_fraction,1.0,t_learner,19,8000,2000,0.5075,7.745132684707642,0.6505654754122341,0.10028050534219524,0.5114112904753472,-0.10028050534219532,0.9799029946616354,0.8796224893194402,0.9091481423399093,0.0737165116683659,0.9828646540082752,0.6279098069697034,0.6381611127016215,0.6326919769024859,0.700801171590992,0.5075,0.020463633795759287,0.9788911061874033,0.011375,0.015125,0.3494698807231627,0.09148591646966538,0.5871929967977904,0.2,0.0212746369220421,0.9781047231158733,
sample_size,sample_size_synthetic,synthetic,train_fraction,1.0,t_learner,20,8000,2000,0.498625,7.857831001281738,0.6412041447346608,0.03895059970744308,0.5102174514563819,-0.038950599707442975,0.9959894759218607,0.9570388762144176,0.9263187067123825,0.05556295331412753,0.98188166002651,0.642781826762752,0.5972862447444262,0.6497716595404232,0.6726429040585773,0.498625,0.02529853469388057,0.978843135635392,0.014625,0.01525,0.35744564068265766,0.09285093774467269,0.5828099881191594,0.2,0.027570558885307437,0.9794471325460131,
sample_size,sample_size_synthetic,synthetic,train_fraction,1.0,t_learner,21,8000,2000,0.502375,7.5890772342681885,0.6724324451630255,0.05500859131584601,0.5292202552491961,-0.05500859131584592,1.0207415090390914,0.9657329177232454,0.8917902403843265,0.054269137127653355,0.9460593775119799,0.6310447369579282,0.6476675006827463,0.6406904141053471,0.7618967876440247,0.502375,0.02283844071725993,0.9893565168324596,0.017,0.019125,0.35290171234488477,0.09253494383104416,0.5764701228905,0.2,0.026282909786277182,0.9856881857000932,
sample_size,sample_size_synthetic,synthetic,train_fraction,1.0,t_learner,22,8000,2000,0.48775,7.543421030044556,0.6726911092316264,0.04021896480954068,0.5301148061880635,-0.040218964809540625,0.9845333051330328,0.9443143403234922,0.9358178400083094,0.05354415278535474,0.9893619927936641,0.6464009940046379,0.5945544832214922,0.6409780895106167,0.792383192625553,0.48775,0.01286696866877158,0.9824486481655594,0.019,0.015875,0.36279226605770115,0.09307020042590104,0.6235918564238242,0.15,0.015126341540155616,0.9816053309905833,
sample_size,sample_size_synthetic,synthetic,train_fraction,1.0,t_learner,23,8000,2000,0.496,7.602818727493286,0.6365869608673619,0.07131658951081099,0.49950518871702343,-0.07131658951081099,0.9858277156315673,0.9145111261207564,0.9857320770292544,0.055602031202242275,1.0413341082314966,0.6035546344730186,0.6321602389723064,0.5858831133233998,0.7168040513114264,0.496,0.023055388156948676,0.9727327668926934,0.015375,0.0165,0.35497071812596004,0.09051909289858524,0.6066274920823285,0.15,0.025464782350892595,0.9732012578498234,
sample_size,sample_size_synthetic,synthetic,train_fraction,1.0,t_learner,24,8000,2000,0.498625,7.524159669876099,0.6581079249102019,0.12135947215076248,0.5204080140616268,-0.12135947215076248,0.9898141538456205,0.8684546816948581,0.90103177396917,0.067431744492505,0.968463518461675,0.6536738189615219,0.6099385642686578,0.6534239880586803,0.7114399070688161,0.498625,0.028831747190496512,0.986052544855966,0.013875,0.014125,0.34820082076870706,0.0905415647243534,0.5814749044429223,0.15,0.02758203197606996,0.9842577814034624,
sample_size,sample_size_synthetic,synthetic,train_fraction,1.0,t_learner,25,8000,2000,0.50075,7.643415927886963,0.6466825207572918,0.035620477774545356,0.5083758720146149,-0.03562047777454549,0.9607481280307981,0.9251276502562528,0.8749450029774751,0.0625686533350045,0.9375136563124796,0.6279899704327048,0.6407955830156458,0.6272912377945219,0.6887005527962111,0.50075,0.03422893949814544,0.974437860100682,0.010375,0.0105,0.347209906222289,0.08679466322757708,0.5474777027991983,0.2,0.0294609479427401,0.9789880771186055,
sample_size,sample_size_synthetic,synthetic,train_fraction,1.0,t_learner,26,8000,2000,0.497625,7.636791467666626,0.6403466688885318,0.049073547175009224,0.506315207862708,-0.049073547175009266,0.9984765979427137,0.9494030507677045,0.9300575692116274,0.052673505099341655,0.9827310743109691,0.6611357534537529,0.6064740610281109,0.612491409566749,0.6783202985601289,0.497625,0.023579930665042843,0.9740608492203652,0.0165,0.014625,0.3649851099765438,0.09664394432730991,0.5527805504666568,0.2,0.025200432120718715,0.9707290451692931,
sample_size,sample_size_synthetic,synthetic,train_fraction,1.0,t_learner,27,8000,2000,0.495125,7.56076717376709,0.6683749162080317,0.0785486862126108,0.5271644710342578,-0.07854868621261084,0.9886827328665322,0.9101340466539214,0.9550089262655742,0.06777039767548987,1.022779323941064,0.6653830711909446,0.6576168679767409,0.6116260842408284,0.733225116226642,0.495125,0.016734532195594756,0.9670790816030446,0.0145,0.012125,0.35652764240900653,0.0890731768878561,0.5563893693613856,0.15,0.017249130780206557,0.9675311157044532,
sample_size,sample_size_synthetic,synthetic,train_fraction,1.0,t_learner,28,8000,2000,0.512875,7.442387819290161,0.6421289224966692,0.017646022680504192,0.5114665479598882,-0.017646022680504102,0.9834043175144798,0.9657582948339756,0.9748765406993107,0.0539790356689942,1.028855576368305,0.6392598195583923,0.6310827817680129,0.6266150249324851,0.670636435492371,0.512875,0.02208613543519174,0.9927261185944218,0.013,0.0165,0.37199134100854747,0.0933400042005947,0.5471242847873369,0.2,0.01882351880269088,0.9911860749330021,
sample_size,sample_size_synthetic,synthetic,train_fraction,1.0,t_learner,29,8000,2000,0.497375,7.545603275299072,0.6741168616304538,0.12051150482401352,0.5273646363489265,-0.12051150482401349,1.0023774149168188,0.8818659100928052,0.9273997400358617,0.07785560601622643,1.005255346052088,0.5850312313171384,0.6283310235217301,0.668260135657323,0.7963046821995422,0.497375,0.02171147509377958,0.9722148155933559,0.016125,0.014125,0.36770832246063784,0.09230733434573443,0.6100413620043347,0.15,0.021851686948532956,0.9757825759161984,
sample_size,sample_size_synthetic,synthetic,train_fraction,1.0,x_learner,0,8000,2000,0.4985,15.467886447906494,0.31255941926781805,0.001818512355317159,0.23439193473378764,0.0018185123553171474,0.9761767889127134,0.9779953012680306,0.9138795986498298,0.00868624781011229,0.9225658464599421,0.29507885765048364,0.25204261874700096,0.31603685657673114,0.3745627499900129,0.4985,0.015746230887094405,0.9729191972531951,0.016125,0.017125,0.35722671504043535,0.08919416888300816,0.5652672774162858,0.15,0.015523792352969834,0.9709117505131559,
sample_size,sample_size_synthetic,synthetic,train_fraction,1.0,x_learner,1,8000,2000,0.494,15.338509559631348,0.32173249033613965,0.07349589960522895,0.233909889109854,-0.07349589960522894,0.9952623742528588,0.9217664746476298,0.971378253357292,0.01612133348686806,0.9874995868441601,0.35109505427210985,0.24881628000217423,0.2728950261574727,0.39293537346697743,0.494,0.023743832370498014,0.9721063727262115,0.019125,0.018,0.3624681954201405,0.09211997749669334,0.5907657114331166,0.2,0.028551091273580093,0.9649108490954305,
sample_size,sample_size_synthetic,synthetic,train_fraction,1.0,x_learner,2,8000,2000,0.5025,15.227065801620483,0.33484531597808687,0.019304831361776298,0.2496152047903265,0.01930483136177658,1.0092771305266088,1.0285819618883851,1.0395119586104025,0.006902512958651519,1.046414471569054,0.3473527913248248,0.2591570065300759,0.27017760364677934,0.4332127529779867,0.5025,0.020515802081236056,0.9795045877309371,0.013875,0.014125,0.3580739518487962,0.09027413193102277,0.5668032581153729,0.15,0.017591698677665704,0.9793669573259696,
sample_size,sample_size_synthetic,synthetic,train_fraction,1.0,x_learner,3,8000,2000,0.492625,15.586715698242188,0.3065359794779737,0.0030533401658627835,0.22651158693880108,0.0030533401658626564,1.0015045942012186,1.0045579343670814,1.0168927262634917,0.005588415729533169,1.0224811419930249,0.27895321807310564,0.25599528072982203,0.2526303087938277,0.4107148308833467,0.492625,0.011834876952974882,0.9799692712946286,0.01875,0.01625,0.36435426982582897,0.09994829831609256,0.5635077625930822,0.2,0.017246274361952287,0.9773516795517425,
sample_size,sample_size_synthetic,synthetic,train_fraction,1.0,x_learner,4,8000,2000,0.496,15.345607042312622,0.307126121429856,0.010713503052775408,0.22557154769623997,-0.010713503052775466,1.0237232477201006,1.0130097446673252,1.0262316637877162,0.010291112482848641,1.0365227762705649,0.2947251311461483,0.23730905803655256,0.25527951338493415,0.41104707266787305,0.496,0.015139658857617753,0.9766752715861634,0.014875,0.012875,0.3462141577060932,0.0921235516822564,0.535841005070247,0.2,0.017193404491357145,0.9769899468579579,
sample_size,sample_size_synthetic,synthetic,train_fraction,1.0,x_learner,5,8000,2000,0.497875,15.312331914901733,0.3083273940648327,0.02448660119584889,0.23108265720641527,0.02448660119584876,0.9979068192407434,1.0223934204365923,0.9679812835178876,0.007374308561793219,0.9753555920796808,0.3136753208690336,0.25335543495052804,0.2813824732513936,0.37216373833154265,0.497875,0.024814779796599608,0.9909443266762525,0.018875,0.016,0.3727357950402979,0.09811054060681518,0.5733700955454593,0.15,0.027021497048347824,0.9879391287029303,
sample_size,sample_size_synthetic,synthetic,train_fraction,1.0,x_learner,6,8000,2000,0.4965,15.094741106033325,0.3115340962412227,0.008326737939312934,0.22856748220919185,-0.008326737939312913,0.972925580160135,0.964598842220822,0.9330116255936582,0.006556934934420444,0.9395685605280787,0.29011281998997973,0.2655374871919802,0.26032073272324063,0.4071504429212958,0.4965,0.020181205130109417,0.977927005416299,0.017,0.01325,0.35743426427894964,0.0951944447053797,0.594772322864181,0.2,0.02281681048745643,0.9758864729507553,
sample_size,sample_size_synthetic,synthetic,train_fraction,1.0,x_learner,7,8000,2000,0.500875,15.18376612663269,0.3175784689122799,0.0365437581364898,0.23448542407247486,-0.03654375813648986,1.009776751687524,0.9732329935510342,0.9275825867163049,0.007686444482576382,0.9352690311988813,0.287465606993789,0.2536882815503091,0.280181246908407,0.42181581898651643,0.500875,0.027674598145697116,0.9705398819763426,0.009875,0.00975,0.3347860252822024,0.08814689982819109,0.5381116755128365,0.2,0.022536925345838454,0.9742429046663715,
sample_size,sample_size_synthetic,synthetic,train_fraction,1.0,x_learner,8,8000,2000,0.49675,15.50728464126587,0.2983387189308823,0.02734267798709611,0.22368785885121978,-0.02734267798709613,1.0128692173154303,0.9855265393283342,1.0484105461216253,0.0071180484519353104,1.0555285945735606,0.28890973996905894,0.22645723479150393,0.26459426129322766,0.3889243174520816,0.49675,0.021390496730334985,0.9735220749611216,0.015625,0.01325,0.36484778981911986,0.0917155984793005,0.5624542407079769,0.2,0.0235854278146069,0.9733076831505832,
sample_size,sample_size_synthetic,synthetic,train_fraction,1.0,x_learner,9,8000,2000,0.50475,15.187420129776001,0.3306962996208994,0.0156680696307534,0.2353810904382547,0.015668069630753272,0.9977204602086691,1.0133885298394225,0.9862318808822362,0.007781716967416141,0.9940135978496524,0.3659815255081755,0.2569013399305365,0.24314967399757395,0.422347760613573,0.50475,0.025664800883686504,0.9774451465297186,0.015625,0.017,0.3589272681859538,0.09170820968730778,0.551273857866477,0.2,0.028826725965079212,0.9756256280497015,
sample_size,sample_size_synthetic,synthetic,train_fraction,1.0,x_learner,10,8000,2000,0.491375,15.132049322128296,0.32010807119312407,0.00999706940906897,0.2376807941057482,0.00999706940906909,1.008078342158642,1.0180754115677109,1.006006841132599,0.010529474500119429,1.0165363156327185,0.3064502821048471,0.2508861869400238,0.2809222176281756,0.4172574294309831,0.491375,0.018318032510716998,0.9784470145438374,0.019,0.0145,0.3625596966697403,0.09323697159753927,0.5816465929133725,0.15,0.022224073769534274,0.9755297703938344,
sample_size,sample_size_synthetic,synthetic,train_fraction,1.0,x_learner,11,8000,2000,0.503,15.156509637832642,0.3094971919728979,0.005270315232489775,0.23390946208343247,0.005270315232489867,0.9978978781676284,1.0031681934001182,0.9568648559196694,0.007112616031385799,0.9639774719510552,0.28648311812628946,0.2557735197316283,0.26639746008152326,0.4058248024102042,0.503,0.022628938207661115,0.977375533336969,0.01425,0.018875,0.35062412246840885,0.09676058044003766,0.578685782905137,0.2,0.023062055210376364,0.9742032926561258,
sample_size,sample_size_synthetic,synthetic,train_fraction,1.0,x_learner,12,8000,2000,0.506,15.096580982208252,0.3233021362210113,0.037670222074007165,0.24209116996802788,-0.03767022207400722,1.0092853693263442,0.971615147252337,0.9250378541534534,0.012148658327689743,0.9371865124811432,0.3240340253618532,0.24599579746179048,0.28900680602507617,0.4111692708002302,0.506,0.02826353620798673,0.9792338515621636,0.014,0.017875,0.3510955577603175,0.09379590327822251,0.5677624030864704,0.2,0.028735521560314694,0.9822192023038969,
sample_size,sample_size_synthetic,synthetic,train_fraction,1.0,x_learner,13,8000,2000,0.50125,15.298001766204834,0.3251991705064128,0.039031362527190305,0.233844286842921,0.039031362527190326,0.9893875482172994,1.0284189107444897,1.018771403235219,0.00922918760614544,1.0280005908413645,0.31445156676487607,0.243261089292866,0.2704048042037323,0.4379994274550367,0.50125,0.02507581558967714,0.9755194404231796,0.01225,0.01275,0.3446371539822124,0.09040569861543858,0.5670431543306537,0.15,0.019716937435284503,0.9794365695399461,
sample_size,sample_size_synthetic,synthetic,train_fraction,1.0,x_learner,14,8000,2000,0.505875,15.25706934928894,0.3352608769149881,0.02186222152029904,0.23829536657340122,0.021862221520298923,1.0242686503744984,1.0461308718947975,1.0766538293579628,0.008251399063251341,1.0849052284212142,0.32783154162491274,0.2502112323500636,0.26622389389283774,0.45677683851248185,0.505875,0.022735964042290065,0.9700040892965421,0.0165,0.015125,0.3602076061626258,0.09584763219254509,0.600930018015893,0.15,0.021013985718330845,0.9664973002302226,
sample_size,sample_size_synthetic,synthetic,train_fraction,1.0,x_learner,15,8000,2000,0.5005,15.400495290756226,0.3175634080888588,0.016476526861396,0.23236124830440189,-0.016476526861396015,0.994233348418107,0.977756821556711,1.0213296874915987,0.010301786247749023,1.0316314737393477,0.30344354576584126,0.2659374304872556,0.28196060992139227,0.40135219530941973,0.5005,0.02332706129955514,0.9844103847892702,0.016,0.019875,0.35436285436285436,0.09342442793811542,0.6115329707664686,0.15,0.027938846745364655,0.9827453885067727,
sample_size,sample_size_synthetic,synthetic,train_fraction,1.0,x_learner,16,8000,2000,0.492875,15.554725170135498,0.32429427560470625,0.035744908266276854,0.2375152639728678,-0.03574490826627694,1.0016643811772643,0.9659194729109875,1.0632176892233685,0.007073225845366959,1.0702909150687354,0.30321263643736124,0.2538861713057129,0.26422335657978535,0.4409728287798095,0.492875,0.01614582828242945,0.9657312274364194,0.015625,0.01175,0.354557122255638,0.09242444808788568,0.5799557076068415,0.2,0.014673863769019125,0.9648084027810745,
sample_size,sample_size_synthetic,synthetic,train_fraction,1.0,x_learner,17,8000,2000,0.493625,15.75560975074768,0.295132088232252,0.015393349502418552,0.2191451765345079,0.015393349502418573,0.9937781601215252,1.0091715096239438,1.009729614741033,0.00567692288261501,1.015406537623648,0.29505912411191554,0.2633421872004567,0.27515619204539415,0.3410159434911895,0.493625,0.025681201384102716,0.9665216306256832,0.0115,0.01125,0.34812077888411735,0.09120846463083566,0.5355235909120115,0.2,0.02369437964679253,0.9721805449623284,
sample_size,sample_size_synthetic,synthetic,train_fraction,1.0,x_learner,18,8000,2000,0.49675,15.548573017120361,0.30420422707931405,0.03276690239003077,0.22804503716525393,-0.032766902390030606,1.0237966091927893,0.9910297068027585,1.0937127966806905,0.007339676009121998,1.1010524726898125,0.26872463593686174,0.2609948292560286,0.27416146906703837,0.39327484678391583,0.49675,0.03604611169285388,0.9705093223324419,0.014375,0.011125,0.35609867016881463,0.09001182417262207,0.5695445984661492,0.15,0.0376748719748798,0.9773004964875711,
sample_size,sample_size_synthetic,synthetic,train_fraction,1.0,x_learner,19,8000,2000,0.5075,15.383547306060791,0.36877460849575266,0.08319964253023293,0.26508994587167,-0.08319964253023292,0.9799029946616354,0.8967033521314025,0.9694123024320886,0.013452351576186516,0.9828646540082752,0.39839476400216933,0.2729852342159114,0.3002770123192299,0.4696522514298846,0.5075,0.020463633795759287,0.9788911061874033,0.011375,0.015125,0.3494698807231627,0.09148591646966538,0.5871929967977904,0.2,0.0212746369220421,0.9781047231158733,
sample_size,sample_size_synthetic,synthetic,train_fraction,1.0,x_learner,20,8000,2000,0.498625,15.529543161392212,0.3056038291586972,0.017181936807322162,0.21606293147252717,0.017181936807322325,0.9959894759218607,1.0131714127291829,0.9765039036286335,0.005377756397876521,0.98188166002651,0.24727272682736673,0.23790577387710946,0.24953787469508593,0.4399576025048148,0.498625,0.02529853469388057,0.978843135635392,0.014625,0.01525,0.35744564068265766,0.09285093774467269,0.5828099881191594,0.2,0.027570558885307437,0.9794471325460131,
sample_size,sample_size_synthetic,synthetic,train_fraction,1.0,x_learner,21,8000,2000,0.502375,15.238120317459106,0.3252371500595353,0.032181894411591694,0.245460619890991,-0.03218189441159158,1.0207415090390914,0.9885596146274997,0.9393189544306304,0.006740423081349478,0.9460593775119799,0.3009117798872191,0.27773170083803683,0.29063077413260485,0.4134824921531679,0.502375,0.02283844071725993,0.9893565168324596,0.017,0.019125,0.35290171234488477,0.09253494383104416,0.5764701228905,0.2,0.026282909786277182,0.9856881857000932,
sample_size,sample_size_synthetic,synthetic,train_fraction,1.0,x_learner,22,8000,2000,0.48775,15.481186866760254,0.3388825205345987,0.013311864847172727,0.2464831408100525,0.013311864847172785,0.9845333051330328,0.9978451699802056,0.9797879176521116,0.009574075141552507,0.9893619927936641,0.3524449596088984,0.26995562188393984,0.27197289512807454,0.4339385991943118,0.48775,0.01286696866877158,0.9824486481655594,0.019,0.015875,0.36279226605770115,0.09307020042590104,0.6235918564238242,0.15,0.015126341540155616,0.9816053309905833,
sample_size,sample_size_synthetic,synthetic,train_fraction,1.0,x_learner,23,8000,2000,0.496,15.18638825416565,0.3026059201779664,0.027481568998779293,0.2293739026141647,-0.027481568998779328,0.9858277156315673,0.958346146632788,1.033723136794605,0.007610971436891711,1.0413341082314966,0.2709475562174962,0.24460954887342545,0.27541307957240685,0.3964626056605644,0.496,0.023055388156948676,0.9727327668926934,0.015375,0.0165,0.35497071812596004,0.09051909289858524,0.6066274920823285,0.15,0.025464782350892595,0.9732012578498234,
sample_size,sample_size_synthetic,synthetic,train_fraction,1.0,x_learner,24,8000,2000,0.498625,15.329585075378418,0.319280594584843,0.07677928501075992,0.22986108600152966,-0.07677928501075999,0.9898141538456205,0.9130348688348606,0.9606392566350603,0.007824261826614665,0.968463518461675,0.29064102757118665,0.24263403275715023,0.27119747164452473,0.4368853887780954,0.498625,0.028831747190496512,0.986052544855966,0.013875,0.014125,0.34820082076870706,0.0905415647243534,0.5814749044429223,0.15,0.02758203197606996,0.9842577814034624,
sample_size,sample_size_synthetic,synthetic,train_fraction,1.0,x_learner,25,8000,2000,0.50075,15.170234441757202,0.3048578697545325,0.012417846390282872,0.22114427005377016,0.012417846390282958,0.9607481280307981,0.973165974421081,0.92791332818356,0.009600328128919644,0.9375136563124796,0.2968160159028779,0.28428243230150735,0.27338728300038595,0.35790561309797064,0.50075,0.03422893949814544,0.974437860100682,0.010375,0.0105,0.347209906222289,0.08679466322757708,0.5474777027991983,0.2,0.0294609479427401,0.9789880771186055,
sample_size,sample_size_synthetic,synthetic,train_fraction,1.0,x_learner,26,8000,2000,0.497625,15.468480587005615,0.35281576252812985,0.02055608055062974,0.25382219289171415,0.020556080550629567,0.9984765979427137,1.0190326784933434,0.9710162911185415,0.01171478319242758,0.9827310743109691,0.32787847094824296,0.25999736251971606,0.29235401759874263,0.48717764451843487,0.497625,0.023579930665042843,0.9740608492203652,0.0165,0.014625,0.3649851099765438,0.09664394432730991,0.5527805504666568,0.2,0.025200432120718715,0.9707290451692931,
sample_size,sample_size_synthetic,synthetic,train_fraction,1.0,x_learner,27,8000,2000,0.495125,15.507046461105347,0.32755826641876307,0.03758147947734192,0.2403146797502294,-0.037581479477341966,0.9886827328665322,0.9511012533891903,1.0130674519541307,0.009711871986933351,1.022779323941064,0.3235101931987315,0.254419578896997,0.2562853894802526,0.4405761041028109,0.495125,0.016734532195594756,0.9670790816030446,0.0145,0.012125,0.35652764240900653,0.0890731768878561,0.5563893693613856,0.15,0.017249130780206557,0.9675311157044532,
sample_size,sample_size_synthetic,synthetic,train_fraction,1.0,x_learner,28,8000,2000,0.512875,15.589537143707275,0.342410361958011,0.007212594622211133,0.25469552092249303,-0.007212594622211152,0.9834043175144798,0.9761917228922686,1.0163846917218353,0.012470884646469615,1.028855576368305,0.3564592735757344,0.2679419750317115,0.27736738296401253,0.439534575512012,0.512875,0.02208613543519174,0.9927261185944218,0.013,0.0165,0.37199134100854747,0.0933400042005947,0.5471242847873369,0.2,0.01882351880269088,0.9911860749330021,
sample_size,sample_size_synthetic,synthetic,train_fraction,1.0,x_learner,29,8000,2000,0.497375,15.53252100944519,0.33749047218804223,0.06302604718227678,0.23827245295527025,-0.06302604718227676,1.0023774149168188,0.939351367734542,0.9943224899750307,0.010932856077057407,1.005255346052088,0.30991973855892396,0.2632486371019597,0.27501039800619537,0.46326932444835345,0.497375,0.02171147509377958,0.9722148155933559,0.016125,0.014125,0.36770832246063784,0.09230733434573443,0.6100413620043347,0.15,0.021851686948532956,0.9757825759161984,
sample_size,sample_size_synthetic,synthetic,train_fraction,1.0,neural_rep,0,8000,2000,0.4985,7.9924046993255615,0.32114350893448745,0.03085012222653949,0.2467001100833853,0.030850122226539583,0.9761767889127134,1.007026911139253,0.9137692878623673,0.008796558597574777,0.9225658464599421,0.3261511258989714,0.286506033302188,0.2768842694927941,0.38393677941393095,0.4985,0.015746230887094405,0.9729191972531951,0.016125,0.017125,0.35722671504043535,0.08919416888300816,0.5652672774162858,0.15,0.015523792352969834,0.9709117505131559,
sample_size,sample_size_synthetic,synthetic,train_fraction,1.0,neural_rep,1,8000,2000,0.494,7.886758327484131,0.35079180266145277,0.04088295642612605,0.25891479029135794,-0.04088295642612607,0.9952623742528588,0.9543794178267327,0.980281004714724,0.007218582129436046,0.9874995868441601,0.2712563487925117,0.2558842681464656,0.3148910508935928,0.5039904918546759,0.494,0.023743832370498014,0.9721063727262115,0.019125,0.018,0.3624681954201405,0.09211997749669334,0.5907657114331166,0.2,0.028551091273580093,0.9649108490954305,
sample_size,sample_size_synthetic,synthetic,train_fraction,1.0,neural_rep,2,8000,2000,0.5025,8.736998796463013,0.38597883250953396,0.009986529838421854,0.28274685096129093,0.009986529838422045,1.0092771305266088,1.0192636603650307,1.0373573037626838,0.009057167806370225,1.046414471569054,0.3910718391153472,0.25909907308970265,0.3032085615958353,0.5328355203359408,0.5025,0.020515802081236056,0.9795045877309371,0.013875,0.014125,0.3580739518487962,0.09027413193102277,0.5668032581153729,0.15,0.017591698677665704,0.9793669573259696,
sample_size,sample_size_synthetic,synthetic,train_fraction,1.0,neural_rep,3,8000,2000,0.492625,9.235435962677002,0.3300873022070376,0.013669418363986274,0.24849563307459352,0.013669418363986193,1.0015045942012186,1.015174012565205,1.018262893798549,0.004218248194475915,1.0224811419930249,0.29172204552356473,0.2564808212552614,0.28409320943449173,0.4519263138502388,0.492625,0.011834876952974882,0.9799692712946286,0.01875,0.01625,0.36435426982582897,0.09994829831609256,0.5635077625930822,0.2,0.017246274361952287,0.9773516795517425,
sample_size,sample_size_synthetic,synthetic,train_fraction,1.0,neural_rep,4,8000,2000,0.496,7.766348361968994,0.36344830807635,0.07592255327429609,0.2515646325060315,-0.07592255327429591,1.0237232477201006,0.9478006944458045,1.031061966215275,0.005460810055289977,1.0365227762705649,0.2679899789577318,0.1981720118713524,0.2656637955552708,0.58882141876337,0.496,0.015139658857617753,0.9766752715861634,0.014875,0.012875,0.3462141577060932,0.0921235516822564,0.535841005070247,0.2,0.017193404491357145,0.9769899468579579,
sample_size,sample_size_synthetic,synthetic,train_fraction,1.0,neural_rep,5,8000,2000,0.497875,11.307854890823364,0.3615071017584449,0.10854033033993327,0.28169673726031796,0.10854033033993325,0.9979068192407434,1.1064471495806767,0.967894976413076,0.007460615666604831,0.9753555920796808,0.41426365539814924,0.3208963678754598,0.30628204502404316,0.3928765611277334,0.497875,0.024814779796599608,0.9909443266762525,0.018875,0.016,0.3727357950402979,0.09811054060681518,0.5733700955454593,0.15,0.027021497048347824,0.9879391287029303,
sample_size,sample_size_synthetic,synthetic,train_fraction,1.0,neural_rep,6,8000,2000,0.4965,7.036968231201172,0.37969396028830293,0.04367729246990404,0.2683712385739206,-0.04367729246990399,0.972925580160135,0.9292482876902309,0.9307477714526333,0.008820789075445368,0.9395685605280787,0.35946869790236974,0.20678221217613998,0.26186028503268005,0.5797607929104741,0.4965,0.020181205130109417,0.977927005416299,0.017,0.01325,0.35743426427894964,0.0951944447053797,0.594772322864181,0.2,0.02281681048745643,0.9758864729507553,
sample_size,sample_size_synthetic,synthetic,train_fraction,1.0,neural_rep,7,8000,2000,0.500875,10.307713508605957,0.38223924449261826,0.07383268459154901,0.28671093208277665,-0.07383268459154911,1.009776751687524,0.935944067095975,0.9292303820028879,0.006038649195993395,0.9352690311988813,0.29938842612253774,0.26959273504055675,0.3650469432115992,0.537451780990853,0.500875,0.027674598145697116,0.9705398819763426,0.009875,0.00975,0.3347860252822024,0.08814689982819109,0.5381116755128365,0.2,0.022536925345838454,0.9742429046663715,
sample_size,sample_size_synthetic,synthetic,train_fraction,1.0,neural_rep,8,8000,2000,0.49675,8.120666980743408,0.40952869501794986,0.2186126025232471,0.30436237710938485,-0.21861260252324724,1.0128692173154303,0.7942566147921832,1.0496666995883992,0.005861894985161431,1.0555285945735606,0.2580883000139383,0.26870942365735045,0.36408284749803427,0.6320477540216348,0.49675,0.021390496730334985,0.9735220749611216,0.015625,0.01325,0.36484778981911986,0.0917155984793005,0.5624542407079769,0.2,0.0235854278146069,0.9733076831505832,
sample_size,sample_size_synthetic,synthetic,train_fraction,1.0,neural_rep,9,8000,2000,0.50475,7.077149868011475,0.4030997704421626,0.06972593086552081,0.2892029562724341,-0.06972593086552091,0.9977204602086691,0.9279945293431483,0.985500392127027,0.008513205722625372,0.9940135978496524,0.3835555038841892,0.19982053870819505,0.2973721717459346,0.6119513207304283,0.50475,0.025664800883686504,0.9774451465297186,0.015625,0.017,0.3589272681859538,0.09170820968730778,0.551273857866477,0.2,0.028826725965079212,0.9756256280497015,
sample_size,sample_size_synthetic,synthetic,train_fraction,1.0,neural_rep,10,8000,2000,0.491375,10.35952115058899,0.34424924062277695,0.08233875878180119,0.26341154938796435,-0.0823387587818011,1.008078342158642,0.9257395833768407,1.0066412223826662,0.009895093250052334,1.0165363156327185,0.25925409275964156,0.29753926828406346,0.3404707723868489,0.4498527659624826,0.491375,0.018318032510716998,0.9784470145438374,0.019,0.0145,0.3625596966697403,0.09323697159753927,0.5816465929133725,0.15,0.022224073769534274,0.9755297703938344,
sample_size,sample_size_synthetic,synthetic,train_fraction,1.0,neural_rep,11,8000,2000,0.503,7.349522590637207,0.39215582380158837,0.11636902907038738,0.30311417085839626,0.11636902907038743,0.9978978781676284,1.1142669072380158,0.958306404085882,0.0056710678651732405,0.9639774719510552,0.351405946276053,0.34466153202506394,0.371000932615736,0.4850003688949433,0.503,0.022628938207661115,0.977375533336969,0.01425,0.018875,0.35062412246840885,0.09676058044003766,0.578685782905137,0.2,0.023062055210376364,0.9742032926561258,
sample_size,sample_size_synthetic,synthetic,train_fraction,1.0,neural_rep,12,8000,2000,0.506,8.18462085723877,0.3574339611984277,0.013916497437024722,0.26043105289759466,0.013916497437024644,1.0092853693263442,1.0232018667633689,0.931378747755643,0.005807764725500153,0.9371865124811432,0.3324339515257963,0.24535061719276066,0.2882038219215993,0.5072134126951449,0.506,0.02826353620798673,0.9792338515621636,0.014,0.017875,0.3510955577603175,0.09379590327822251,0.5677624030864704,0.2,0.028735521560314694,0.9822192023038969,
sample_size,sample_size_synthetic,synthetic,train_fraction,1.0,neural_rep,13,8000,2000,0.50125,6.185222864151001,0.43417662926669504,0.08643963606540506,0.30911942515229546,-0.08643963606540515,0.9893875482172994,0.9029479121518943,1.018435969076655,0.009564621764709624,1.0280005908413645,0.374517168004865,0.22059757701178856,0.2895735797671821,0.6937277011857892,0.50125,0.02507581558967714,0.9755194404231796,0.01225,0.01275,0.3446371539822124,0.09040569861543858,0.5670431543306537,0.15,0.019716937435284503,0.9794365695399461,
sample_size,sample_size_synthetic,synthetic,train_fraction,1.0,neural_rep,14,8000,2000,0.505875,6.992758274078369,0.3855511914736367,0.026468763311116694,0.2842394576351377,0.026468763311116427,1.0242686503744984,1.0507374136856151,1.077650697239503,0.007254531181711155,1.0849052284212142,0.40243752497361845,0.2528564146482551,0.27296689789019496,0.5423980362312397,0.505875,0.022735964042290065,0.9700040892965421,0.0165,0.015125,0.3602076061626258,0.09584763219254509,0.600930018015893,0.15,0.021013985718330845,0.9664973002302226,
sample_size,sample_size_synthetic,synthetic,train_fraction,1.0,neural_rep,15,8000,2000,0.5005,8.073448419570923,0.33975542003824283,0.022256837550200137,0.2500494265177503,0.02225683755020006,0.994233348418107,1.016490185968307,1.0250291822944875,0.006602291444860242,1.0316314737393477,0.29316271457000703,0.25983564914566204,0.2962066225050282,0.469614391585918,0.5005,0.02332706129955514,0.9844103847892702,0.016,0.019875,0.35436285436285436,0.09342442793811542,0.6115329707664686,0.15,0.027938846745364655,0.9827453885067727,
sample_size,sample_size_synthetic,synthetic,train_fraction,1.0,neural_rep,16,8000,2000,0.492875,10.194669008255005,0.3445907192530372,0.04377953942713564,0.2637928034629633,-0.043779539427135666,1.0016643811772643,0.9578848417501287,1.0614903044690336,0.00880061059970183,1.0702909150687354,0.34305020810999726,0.2868955984358553,0.2820780608656433,0.44205259084570525,0.492875,0.01614582828242945,0.9657312274364194,0.015625,0.01175,0.354557122255638,0.09242444808788568,0.5799557076068415,0.2,0.014673863769019125,0.9648084027810745,
sample_size,sample_size_synthetic,synthetic,train_fraction,1.0,neural_rep,17,8000,2000,0.493625,7.522729158401489,0.33088307826574226,0.03597722744290999,0.24709675763321134,-0.035977227442909925,0.9937781601215252,0.9578009326786152,1.0093812589254514,0.00602527869819669,1.015406537623648,0.24728134121499903,0.25574790946210146,0.31392257443000005,0.46133719586260363,0.493625,0.025681201384102716,0.9665216306256832,0.0115,0.01125,0.34812077888411735,0.09120846463083566,0.5355235909120115,0.2,0.02369437964679253,0.9721805449623284,
sample_size,sample_size_synthetic,synthetic,train_fraction,1.0,neural_rep,18,8000,2000,0.49675,8.31705117225647,0.3452046342712694,0.002788593158216557,0.26102919328048413,0.002788593158216746,1.0237966091927893,1.0265852023510058,1.0959288369049942,0.005123635784818337,1.1010524726898125,0.28277247890183044,0.2816752426226161,0.32512038646873814,0.4600657292833994,0.49675,0.03604611169285388,0.9705093223324419,0.014375,0.011125,0.35609867016881463,0.09001182417262207,0.5695445984661492,0.15,0.0376748719748798,0.9773004964875711,
sample_size,sample_size_synthetic,synthetic,train_fraction,1.0,neural_rep,19,8000,2000,0.5075,9.031898736953735,0.36901522644887025,0.0059856131226575515,0.2763027408029035,-0.005985613122657626,0.9799029946616354,0.9739173815389779,0.9734033729100942,0.009461281098181007,0.9828646540082752,0.34269413107508945,0.26458213640951045,0.3173941232346093,0.5064651474289681,0.5075,0.020463633795759287,0.9788911061874033,0.011375,0.015125,0.3494698807231627,0.09148591646966538,0.5871929967977904,0.2,0.0212746369220421,0.9781047231158733,
sample_size,sample_size_synthetic,synthetic,train_fraction,1.0,neural_rep,20,8000,2000,0.498625,6.269771575927734,0.3935220123741579,0.017288042851920538,0.29108884782582595,0.017288042851920545,0.9959894759218607,1.0132775187737812,0.9735523870110594,0.008329273015450611,0.98188166002651,0.3885550059162315,0.2704265087130175,0.3192326370713724,0.5416856386163571,0.498625,0.02529853469388057,0.978843135635392,0.014625,0.01525,0.35744564068265766,0.09285093774467269,0.5828099881191594,0.2,0.027570558885307437,0.9794471325460131,
sample_size,sample_size_synthetic,synthetic,train_fraction,1.0,neural_rep,21,8000,2000,0.502375,6.871952772140503,0.38735781846435835,0.17318239035279948,0.2781003698169453,-0.17318239035279945,1.0207415090390914,0.847559118686292,0.9407547455598212,0.005304631952158689,0.9460593775119799,0.2240578333887386,0.24263328660057118,0.30710107794915653,0.6299209645303786,0.502375,0.02283844071725993,0.9893565168324596,0.017,0.019125,0.35290171234488477,0.09253494383104416,0.5764701228905,0.2,0.026282909786277182,0.9856881857000932,
sample_size,sample_size_synthetic,synthetic,train_fraction,1.0,neural_rep,22,8000,2000,0.48775,6.869038820266724,0.36940500748937294,0.041176639219838385,0.2718757268302633,0.04117663921983828,0.9845333051330328,1.0257099443528712,0.9811728853094974,0.00818910748416668,0.9893619927936641,0.3499595051338192,0.27552636411891784,0.3055260189759614,0.504090921762629,0.48775,0.01286696866877158,0.9824486481655594,0.019,0.015875,0.36279226605770115,0.09307020042590104,0.6235918564238242,0.15,0.015126341540155616,0.9816053309905833,
sample_size,sample_size_synthetic,synthetic,train_fraction,1.0,neural_rep,23,8000,2000,0.496,7.934181451797485,0.33481724993319284,0.04181176476498494,0.2547589236710964,0.041811764764985014,0.9858277156315673,1.0276394803965523,1.0359552364241926,0.005378871807304009,1.0413341082314966,0.3383361949472527,0.267871942459861,0.30482425955747366,0.4114192215100529,0.496,0.023055388156948676,0.9727327668926934,0.015375,0.0165,0.35497071812596004,0.09051909289858524,0.6066274920823285,0.15,0.025464782350892595,0.9732012578498234,
sample_size,sample_size_synthetic,synthetic,train_fraction,1.0,neural_rep,24,8000,2000,0.498625,10.575299978256226,0.36884328306140196,0.10451588178469062,0.28144692209622046,-0.10451588178469069,0.9898141538456205,0.8852982720609299,0.957343239814882,0.011120278646792991,0.968463518461675,0.3049311494066516,0.3017730659868187,0.3568534831323547,0.4824801262029491,0.498625,0.028831747190496512,0.986052544855966,0.013875,0.014125,0.34820082076870706,0.0905415647243534,0.5814749044429223,0.15,0.02758203197606996,0.9842577814034624,
sample_size,sample_size_synthetic,synthetic,train_fraction,1.0,neural_rep,25,8000,2000,0.50075,7.490490198135376,0.2961010107779615,0.10133809942684358,0.22218066064231362,-0.10133809942684374,0.9607481280307981,0.8594100286039545,0.9285014607055468,0.009012195606932782,0.9375136563124796,0.24701354491955724,0.2344176020956646,0.26319696079043065,0.4067717918189448,0.50075,0.03422893949814544,0.974437860100682,0.010375,0.0105,0.347209906222289,0.08679466322757708,0.5474777027991983,0.2,0.0294609479427401,0.9789880771186055,
sample_size,sample_size_synthetic,synthetic,train_fraction,1.0,neural_rep,26,8000,2000,0.497625,7.327362537384033,0.42255365559311636,0.07221704864880873,0.2910909262852667,-0.07221704864880875,0.9984765979427137,0.926259549293905,0.9746889327466147,0.008042141564354344,0.9827310743109691,0.30121839024979136,0.2598271510613298,0.3249329555430348,0.6711052635534678,0.497625,0.023579930665042843,0.9740608492203652,0.0165,0.014625,0.3649851099765438,0.09664394432730991,0.5527805504666568,0.2,0.025200432120718715,0.9707290451692931,
sample_size,sample_size_synthetic,synthetic,train_fraction,1.0,neural_rep,27,8000,2000,0.495125,6.0241782665252686,0.40453455635453206,0.04428441562694363,0.2908136251463271,-0.04428441562694359,0.9886827328665322,0.9443983172395886,1.0144186916197626,0.008360632321301464,1.022779323941064,0.4160746900413482,0.19607557543582357,0.24572980632223246,0.6185837958184623,0.495125,0.016734532195594756,0.9670790816030446,0.0145,0.012125,0.35652764240900653,0.0890731768878561,0.5563893693613856,0.15,0.017249130780206557,0.9675311157044532,
sample_size,sample_size_synthetic,synthetic,train_fraction,1.0,neural_rep,28,8000,2000,0.512875,8.068363666534424,0.3594206460551308,0.011998137172095302,0.2743055134457619,-0.011998137172095313,0.9834043175144798,0.9714061803423845,1.0173739330282978,0.01148164334000712,1.028855576368305,0.4181998902247406,0.2478253481161302,0.2910539418565678,0.44239332592121894,0.512875,0.02208613543519174,0.9927261185944218,0.013,0.0165,0.37199134100854747,0.0933400042005947,0.5471242847873369,0.2,0.01882351880269088,0.9911860749330021,
sample_size,sample_size_synthetic,synthetic,train_fraction,1.0,neural_rep,29,8000,2000,0.497375,6.574858903884888,0.41332776770205737,0.12873358945308677,0.2938158855409808,-0.1287335894530867,1.0023774149168188,0.873643825463732,0.9993032104026484,0.005952135649439749,1.005255346052088,0.31484896682197966,0.21236370112891217,0.3103271168476165,0.6654534103130522,0.497375,0.02171147509377958,0.9722148155933559,0.016125,0.014125,0.36770832246063784,0.09230733434573443,0.6100413620043347,0.15,0.021851686948532956,0.9757825759161984,
