experiment,config_name,dataset,condition,condition_value,model,seed,n_train,n_test,treated_fraction_train,fit_seconds,pehe,abs_ate_error,cate_mae,cate_bias,ate_true,ate_hat,policy_value,policy_regret,optimal_policy_value,pehe_tau_q1,pehe_tau_q2,pehe_tau_q3,pehe_tau_q4,diag_treated_fraction,diag_ps_min,diag_ps_max,diag_ps_frac_below_0.1,diag_ps_frac_above_0.9,diag_ps_ks_treated_vs_control,diag_smd_mean,diag_smd_max,diag_smd_frac_above_0.1,diag_true_ps_min,diag_true_ps_max,error
treatment_imbalance,treatment_imbalance,synthetic,treated_fraction,0.5,s_learner,0,2000,2000,0.5015,1.850606918334961,0.4919751091964288,0.30030690573211816,0.3763214486958152,-0.30030690573211816,0.988634815670337,0.6883279099382188,0.9639414386956262,0.010699811080515653,0.9746412497761419,0.2693005200626528,0.35049603910098026,0.3982285918300791,0.7837102636771406,0.5015,0.028614529247713533,0.9742087337563412,0.0235,0.025,0.3961445653010877,0.10901961827433163,0.6463457674163098,0.25,0.030255797901506145,0.9618833171064568,
treatment_imbalance,treatment_imbalance,synthetic,treated_fraction,0.5,s_learner,1,2000,2000,0.504,1.8481521606445312,0.6016798312882509,0.41154047784251113,0.44534055081028506,-0.4115404778425113,0.9947717733296532,0.583231295487142,1.0516256881524566,0.012273562629399715,1.0638992507818563,0.22787364693386164,0.42677730560199656,0.49911695188379473,0.9822888975828974,0.504,0.0400474627699318,0.9516231435316647,0.015,0.0165,0.377192140296979,0.10720741637231476,0.5475038568343314,0.15,0.04823166296560886,0.9599710610726617,
treatment_imbalance,treatment_imbalance,synthetic,treated_fraction,0.5,s_learner,2,2000,2000,0.507,1.9534211158752441,0.467859227832675,0.2708672365842464,0.3357507656018117,-0.2708672365842465,0.9804604494287746,0.7095932128445283,0.9317223130892608,0.0059241414096177225,0.9376464544988785,0.20316831488024203,0.24091011947192081,0.35407382706018525,0.8067748777871366,0.507,0.03065240216029745,0.9766421970155198,0.016,0.0225,0.3726110317622254,0.10434600355279218,0.5970206145257971,0.15,0.038529832493794255,0.9659987332756537,
treatment_imbalance,treatment_imbalance,synthetic,treated_fraction,0.5,s_learner,3,2000,2000,0.4975,1.8730716705322266,0.5463582246454811,0.3636095354078587,0.4112159866056948,-0.36360953540785873,1.0087926713972664,0.6451831359894077,0.8915684998566414,0.010949916170674312,0.9025184160273158,0.2625677069613136,0.4238795058585774,0.45288997543738535,0.8604093633111732,0.4975,0.02710922010657526,0.9708120361692915,0.0225,0.018,0.3667641691042276,0.11446476020211335,0.6809082392728507,0.2,0.028289045013268385,0.9593894594492443,
treatment_imbalance,treatment_imbalance,synthetic,treated_fraction,0.5,s_learner,4,2000,2000,0.4795,1.8647761344909668,0.5819295131683466,0.44684009538930725,0.463202222738047,-0.4468400953893073,0.9903193784566898,0.5434792830673826,0.9177791654896782,0.004556418194870959,0.9223355836845492,0.2194080252514272,0.4057129603852804,0.48235660065504876,0.9534972759376833,0.4795,0.012552305516356348,0.9771045164612736,0.0195,0.0095,0.3662927380927339,0.1000328571608901,0.5569797449163424,0.2,0.017193404491357145,0.9769899468579579,
treatment_imbalance,treatment_imbalance,synthetic,treated_fraction,0.5,s_learner,5,2000,2000,0.5025,1.9071123600006104,0.5241636431974991,0.304279978997134,0.3686552610821683,-0.304279978997134,0.9664879542782492,0.6622079752811152,0.9680908601870079,0.012177550010522675,0.9802684101975305,0.2583733928505317,0.3147549315231982,0.35566408248682746,0.8981456912872406,0.5025,0.015963375239138947,0.9603199240263416,0.0305,0.016,0.37606440161004023,0.1152547001794896,0.6098531315723713,0.15,0.027943533029464323,0.9320319340477532,
treatment_imbalance,treatment_imbalance,synthetic,treated_fraction,0.5,s_learner,6,2000,2000,0.492,1.856534719467163,0.5571710163492894,0.36487883887225203,0.4140929448451177,-0.36487883887225225,1.003619649399195,0.6387408105269429,1.0218558097756787,0.014077668255031428,1.0359334780307101,0.2387762028269265,0.35708356266692964,0.4380158275835019,0.9302567144943316,0.492,0.032312212231972906,0.9655440861709046,0.015,0.0115,0.3553869790666411,0.09680856401643036,0.5423450155934014,0.15,0.026336015377497433,0.9561696257484746,
treatment_imbalance,treatment_imbalance,synthetic,treated_fraction,0.5,s_learner,7,2000,2000,0.5055,1.9095747470855713,0.6024078699562964,0.4297890122208333,0.4667487295728322,-0.4297890122208333,0.9985860310672204,0.5687970188463871,0.9937557203007741,0.00849514423154396,1.002250864532318,0.22565793034849674,0.361744138328661,0.49625204717551713,1.0116988433673948,0.5055,0.028966682825451964,0.9582037089304637,0.009,0.0205,0.38823397631113366,0.11654949019167812,0.5358975997063444,0.25,0.02971233266409221,0.9656940169490835,
treatment_imbalance,treatment_imbalance,synthetic,treated_fraction,0.5,s_learner,8,2000,2000,0.4925,1.9151010513305664,0.5817265180246252,0.386863042225588,0.45071907955195234,-0.386863042225588,1.0063284488837538,0.6194654066581659,1.0336668074196584,0.008293689545949556,1.041960496965608,0.24260349687053653,0.3531321242611715,0.47219897202914796,0.9731866953610773,0.4925,0.026265791169016634,0.9673170564827458,0.0175,0.0165,0.376034607786752,0.10186432388624574,0.5277392885616098,0.2,0.02879480163107263,0.9655988709120248,
treatment_imbalance,treatment_imbalance,synthetic,treated_fraction,0.5,s_learner,9,2000,2000,0.4895,1.8638463020324707,0.5973895267216734,0.4236979425040882,0.46680789584452453,-0.42369794250408827,1.000148146210073,0.5764502037059848,0.9003365255966176,0.006934174408492311,0.9072707000051099,0.22296484033522196,0.39190684024791994,0.49355453516304987,0.9902507843511894,0.4895,0.033181406310617716,0.971011923266994,0.022,0.013,0.37151583848477177,0.11280238399758895,0.5776465505594623,0.25,0.035819472134631776,0.9654650696119208,
treatment_imbalance,treatment_imbalance,synthetic,treated_fraction,0.5,s_learner,10,2000,2000,0.4945,1.7979044914245605,0.5905673418917238,0.4353287651864035,0.469097070343895,-0.43532876518640345,1.0102761104198241,0.5749473452334206,1.0149745871857552,0.006358335340888255,1.0213329225266434,0.24737622795744102,0.3958887201696128,0.5175680110417383,0.9535615440371626,0.4945,0.027591771242000646,0.9763142187154301,0.022,0.017,0.3785388031951866,0.11058039073535975,0.5904365694326016,0.2,0.034386486017649716,0.9738601279717383,
treatment_imbalance,treatment_imbalance,synthetic,treated_fraction,0.5,s_learner,11,2000,2000,0.485,1.7814414501190186,0.4755194847998435,0.2809921638228414,0.34972710738738544,-0.28099216382284126,1.004209171295834,0.7232170074729927,1.023021766859978,0.00494035317045638,1.0279621200304343,0.20428474226686663,0.3278869380980971,0.3935171601879286,0.7748401552813825,0.485,0.030366338101620018,0.9695850252982309,0.018,0.012,0.36369732759483536,0.11056061217099941,0.5745972347548176,0.25,0.02335924492611696,0.9659980123959844,
treatment_imbalance,treatment_imbalance,synthetic,treated_fraction,0.5,s_learner,12,2000,2000,0.4995,1.814173936843872,0.614817940487078,0.4359637521042359,0.47031971317039706,-0.4359637521042358,1.0076912717470716,0.5717275196428357,1.0093682764754046,0.006964080512412929,1.0163323569878175,0.23582746257783127,0.38703756169073267,0.4822786981177366,1.0363392257632362,0.4995,0.02827685261611543,0.9885055248206732,0.031,0.036,0.421993421993422,0.10577004751833623,0.6983956475246054,0.2,0.040759956163083894,0.9790636568070907,
treatment_imbalance,treatment_imbalance,synthetic,treated_fraction,0.5,s_learner,13,2000,2000,0.501,1.791555643081665,0.4838484312137291,0.30254474710728896,0.3651141579497415,-0.3025447471072888,0.9934729095450703,0.6909281624377813,0.9676579242674582,0.004322483378307318,0.9719804076457655,0.22077254919328457,0.3371937307433722,0.3697272040697199,0.7983100159667295,0.501,0.029797982132540864,0.9680958843119472,0.009,0.01,0.33170132680530723,0.09860889392293262,0.5433266313618397,0.15,0.02854443844361873,0.9794365695399461,
treatment_imbalance,treatment_imbalance,synthetic,treated_fraction,0.5,s_learner,14,2000,2000,0.504,1.8368616104125977,0.564913687359449,0.32824310184027083,0.39146716916541685,-0.32824310184027083,0.9864716718243007,0.6582285699840299,0.8480276279705867,0.005603539114980349,0.8536311670855671,0.20576734985827705,0.30547822862613505,0.36032464353320176,1.0054943547800796,0.504,0.026168134819385156,0.9728339103810405,0.0285,0.0225,0.40890616999487966,0.11686818516322106,0.6312584881353379,0.15,0.02434791943468717,0.9664973002302226,
treatment_imbalance,treatment_imbalance,synthetic,treated_fraction,0.5,s_learner,15,2000,2000,0.5215,1.839982509613037,0.5012935207020659,0.36280620725818347,0.3959441121253453,-0.3628062072581835,0.9872567721697856,0.6244505649116021,1.0531115560808162,0.0034540521878259067,1.056565608268642,0.19108254538327304,0.31127027660487944,0.4175728890297317,0.8351119288400957,0.5215,0.037102515922878956,0.9651806227952491,0.01,0.016,0.371492890354265,0.09627517763497498,0.6111511999687926,0.15,0.027938846745364655,0.9594469453739467,
treatment_imbalance,treatment_imbalance,synthetic,treated_fraction,0.5,s_learner,16,2000,2000,0.4965,1.8731768131256104,0.6539569630530301,0.38951630895957956,0.4731484494761605,-0.3895163089595798,1.003893844164219,0.6143775352046393,1.0089646111683879,0.012425054912820643,1.0213896660812085,0.28244296283786274,0.3382224035788024,0.45103741737145836,1.1458776831293125,0.4965,0.018099334507720503,0.9792576526507237,0.03,0.0315,0.40525785763502414,0.11553145485936378,0.7482541978535057,0.25,0.03181518901303306,0.9629198231247029,
treatment_imbalance,treatment_imbalance,synthetic,treated_fraction,0.5,s_learner,17,2000,2000,0.4925,1.8123059272766113,0.5739313437283969,0.387445571121269,0.4283462109427125,-0.3874455711212689,0.9793423811024536,0.5918968099811847,0.8954188399998178,0.005615439240546638,0.9010342792403644,0.22782693459049821,0.3861575049608788,0.4848699279794236,0.938864831290558,0.4925,0.026105301253780168,0.9739059966570436,0.0175,0.012,0.3656222650096272,0.09827040729878243,0.5912218839904231,0.15,0.02369437964679253,0.9690666264366539,
treatment_imbalance,treatment_imbalance,synthetic,treated_fraction,0.5,s_learner,18,2000,2000,0.514,1.9132378101348877,0.587009388736664,0.38393025151936444,0.42363441144281483,-0.38393025151936444,0.9985727292068496,0.6146424776874851,1.0727596667253678,0.006709130019343812,1.0794687967447116,0.22192485506489698,0.30233651513246157,0.4259268399761738,1.0277394646357907,0.514,0.030865142260502444,0.9682530219498647,0.017,0.0255,0.3949656530720085,0.10901040600335313,0.6484246353759319,0.2,0.04548582124628716,0.9568863136044911,
treatment_imbalance,treatment_imbalance,synthetic,treated_fraction,0.5,s_learner,19,2000,2000,0.49,1.8122990131378174,0.5201928693460859,0.31283991546134615,0.3668328120238781,-0.3128399154613463,1.0013442425231096,0.6885043270617635,0.9266027137097171,0.004893144658602244,0.9314958583683194,0.19206329690147894,0.319057449235129,0.3944664530236261,0.8877571384021211,0.49,0.028639032735851253,0.9603535998158355,0.011,0.0115,0.3667066826730692,0.10183948103512781,0.5686019813182949,0.2,0.02597494661414801,0.964467516427441,
treatment_imbalance,treatment_imbalance,synthetic,treated_fraction,0.5,s_learner,20,2000,2000,0.4815,1.9589447975158691,0.5715760690141202,0.3923372307704729,0.4438811975419377,-0.39233723077047317,0.9972729066129272,0.6049356758424543,1.0283461430076821,0.005895432902155884,1.034241575909838,0.2392992698429543,0.38630109935486007,0.4931095362363507,0.9258223998376597,0.4815,0.045887744475715864,0.9605413717677646,0.0205,0.021,0.36713560864823946,0.10814924866513102,0.608090504467289,0.2,0.06087925632310017,0.9557405797190407,
treatment_imbalance,treatment_imbalance,synthetic,treated_fraction,0.5,s_learner,21,2000,2000,0.485,1.9483697414398193,0.4652541867045092,0.26676365150850323,0.34722129201566576,-0.26676365150850323,0.9942709486025046,0.7275072970940014,0.9821313223968604,0.0041135201748475625,0.986244842571708,0.21625276848105146,0.3219261435471926,0.41482129853824684,0.7371346020154346,0.485,0.023477663499994285,0.9779659564066838,0.024,0.014,0.36293664297868083,0.1018585086015494,0.6105872151172923,0.15,0.032872322840714174,0.9759708490075967,
treatment_imbalance,treatment_imbalance,synthetic,treated_fraction,0.5,s_learner,22,2000,2000,0.4845,1.908130407333374,0.591052393743447,0.38456003734150024,0.43598313350048806,-0.38456003734150024,1.005694401834314,0.6211343644928137,1.0303698004627497,0.006238374491791321,1.036608174954541,0.21991090157859475,0.39450375766224893,0.4713912681415618,0.985478554549301,0.4845,0.034219647218210955,0.9715700675033144,0.019,0.012,0.39171643949835794,0.11215321185551727,0.5721118836119686,0.15,0.03711008186248405,0.9579292297150516,
treatment_imbalance,treatment_imbalance,synthetic,treated_fraction,0.5,s_learner,23,2000,2000,0.5095,1.949843168258667,0.5356880554578058,0.357701559847892,0.40706067626720405,-0.3577015598478922,0.9863786558371623,0.6286770959892704,0.9831884143498398,0.005469726675747633,0.9886581410255875,0.20555649805417367,0.3003608571819354,0.42827587032235936,0.9121164572141673,0.5095,0.03343433008754991,0.9807621761707214,0.0125,0.0145,0.35997595131842597,0.10462234707657854,0.5771773054928375,0.2,0.025464782350892595,0.9732012578498234,
treatment_imbalance,treatment_imbalance,synthetic,treated_fraction,0.5,s_learner,24,2000,2000,0.4985,1.824702262878418,0.48747219913645556,0.31327687364841383,0.37337098758585924,-0.3132768736484137,0.9987093506981598,0.685432477049746,0.9558606545829806,0.012409543181654548,0.9682701977646352,0.23828979630497446,0.3493502394345967,0.41518566283841396,0.7741510371245908,0.4985,0.02606832422755538,0.9746277408550127,0.025,0.0215,0.38979050811457305,0.11282957453595018,0.5910811456998403,0.25,0.03061599735796627,0.9782816224506061,
treatment_imbalance,treatment_imbalance,synthetic,treated_fraction,0.5,s_learner,25,2000,2000,0.494,1.939485788345337,0.5718826159462563,0.35085378069263873,0.40792464691433294,-0.3508537806926389,0.9991239276584803,0.6482701469658416,0.9587831508586084,0.008488645553145768,0.9672717964117542,0.22973374475443573,0.326209635677624,0.44010979833103997,0.9774006093774037,0.494,0.03541556417481448,0.9655634999167437,0.0085,0.0085,0.3181378118449057,0.10049890231683926,0.600592811033575,0.15,0.03899025445080996,0.9756290023588512,
treatment_imbalance,treatment_imbalance,synthetic,treated_fraction,0.5,s_learner,26,2000,2000,0.5015,1.8832709789276123,0.7065454397411135,0.5096171224889499,0.5592395925828614,-0.5096171224889496,1.0171306539049356,0.5075135314159858,1.0193232318134815,0.005833425485214816,1.0251566572986963,0.23800146265013564,0.4479118078690567,0.5943930496563672,1.1773924801628075,0.5015,0.02970454911521404,0.9676002971135022,0.0275,0.023,0.3818444365999294,0.10436878847557915,0.6772436761102943,0.15,0.033894051748721864,0.9581517856447924,
treatment_imbalance,treatment_imbalance,synthetic,treated_fraction,0.5,s_learner,27,2000,2000,0.5025,1.8627490997314453,0.5559526315068195,0.38854160271485005,0.43189021188004867,-0.3885416027148501,0.9959384935616975,0.6073968908468474,0.9560792108366859,0.006544010678047885,0.9626232215147338,0.22505365641058458,0.3869046322312939,0.5169366689925522,0.8767927072361563,0.5025,0.018838961581934238,0.9719022664894751,0.0185,0.014,0.35241381034525865,0.1148452780017188,0.6144849196634338,0.25,0.017249130780206557,0.9643938427362861,
treatment_imbalance,treatment_imbalance,synthetic,treated_fraction,0.5,s_learner,28,2000,2000,0.5155,1.865556240081787,0.5042578166091711,0.2625553972221978,0.3660099658139352,-0.2625553972221978,0.9766359953808899,0.7140805981586921,0.8436998893700872,0.004287772882600405,0.8479876622526876,0.26478149627262265,0.28424831087201285,0.3719328593845518,0.8531491004237559,0.5155,0.054322568352990576,0.9714135389687693,0.007,0.008,0.33972147233491384,0.09347980992333009,0.5192338131723825,0.15,0.04987510113925712,0.9689901252091718,
treatment_imbalance,treatment_imbalance,synthetic,treated_fraction,0.5,s_learner,29,2000,2000,0.499,1.8896193504333496,0.4944000258792623,0.3020954356735005,0.3602406050452692,-0.3020954356735005,0.9856623929546574,0.6835669572811569,0.8792186966357048,0.00894306374999998,0.8881617603857048,0.1960358889390993,0.2756859430669028,0.39974889829438925,0.8387452245546632,0.499,0.012072386528027395,0.9788842501699636,0.0265,0.021,0.3819295277181109,0.11317612905105323,0.6367503934939059,0.25,0.027173964070335486,0.9682146497692586,
treatment_imbalance,treatment_imbalance,synthetic,treated_fraction,0.5,t_learner,0,2000,2000,0.5015,1.7968740463256836,0.9324565704275815,0.15966248098674718,0.739936533093013,-0.1596624809867472,0.988634815670337,0.8289723346835898,0.8441113214075917,0.13052992836855015,0.9746412497761419,0.9819102428305805,0.9467731375529519,0.8238590047758202,0.9688293266703859,0.5015,0.028614529247713533,0.9742087337563412,0.0235,0.025,0.3961445653010877,0.10901961827433163,0.6463457674163098,0.25,0.030255797901506145,0.9618833171064568,
treatment_imbalance,treatment_imbalance,synthetic,treated_fraction,0.5,t_learner,1,2000,2000,0.504,1.8086028099060059,0.8454711099550226,0.09648770815605545,0.6654020799011006,-0.09648770815605545,0.9947717733296532,0.8982840651735977,0.9649499205189143,0.09894933026294206,1.0638992507818563,0.8329531957461858,0.8009689356874615,0.8001136662537982,0.9400752363019295,0.504,0.0400474627699318,0.9516231435316647,0.015,0.0165,0.377192140296979,0.10720741637231476,0.5475038568343314,0.15,0.04823166296560886,0.9599710610726617,
treatment_imbalance,treatment_imbalance,synthetic,treated_fraction,0.5,t_learner,2,2000,2000,0.507,1.861149549484253,0.9332154237233103,0.0754340456789705,0.7491062654092373,-0.07543404567897054,0.9804604494287746,0.9050264037498041,0.8182531747936337,0.11939327970524483,0.9376464544988785,0.894401151296585,0.8534222534996206,0.9132064889385382,1.0589310906059137,0.507,0.03065240216029745,0.9766421970155198,0.016,0.0225,0.3726110317622254,0.10434600355279218,0.5970206145257971,0.15,0.038529832493794255,0.9659987332756537,
treatment_imbalance,treatment_imbalance,synthetic,treated_fraction,0.5,t_learner,3,2000,2000,0.4975,1.83211088180542,0.9092445050134348,0.16064406577394108,0.7229508404409091,-0.16064406577394125,1.0087926713972664,0.8481486056233253,0.7742020475452336,0.12831636848208217,0.9025184160273158,0.9160898410778934,0.8803827057648022,0.9062286628050739,0.933465363451241,0.4975,0.02710922010657526,0.9708120361692915,0.0225,0.018,0.3667641691042276,0.11446476020211335,0.6809082392728507,0.2,0.028289045013268385,0.9593894594492443,
treatment_imbalance,treatment_imbalance,synthetic,treated_fraction,0.5,t_learner,4,2000,2000,0.4795,1.8387587070465088,0.964904050695261,0.24564107063803564,0.7629642970536133,-0.2456410706380356,0.9903193784566898,0.7446783078186542,0.7591825807103693,0.1631530029741799,0.9223355836845492,0.9083278394386971,0.9624794193330326,0.9201491806052065,1.0611591290117777,0.4795,0.012552305516356348,0.9771045164612736,0.0195,0.0095,0.3662927380927339,0.1000328571608901,0.5569797449163424,0.2,0.017193404491357145,0.9769899468579579,
treatment_imbalance,treatment_imbalance,synthetic,treated_fraction,0.5,t_learner,5,2000,2000,0.5025,1.7945380210876465,0.9008312697322725,0.03541134266632229,0.7131987735011593,0.03541134266632244,0.9664879542782492,1.0018992969445715,0.8872813357351158,0.09298707446241472,0.9802684101975305,0.892738935685583,0.9044015657616475,0.8314487466328944,0.9694100723590995,0.5025,0.015963375239138947,0.9603199240263416,0.0305,0.016,0.37606440161004023,0.1152547001794896,0.6098531315723713,0.15,0.027943533029464323,0.9320319340477532,
treatment_imbalance,treatment_imbalance,synthetic,treated_fraction,0.5,t_learner,6,2000,2000,0.492,1.780836582183838,0.9045510485274187,0.14227986919518798,0.7071788918398828,-0.14227986919518804,1.003619649399195,0.8613397802040069,0.9225240654834126,0.11340941254729753,1.0359334780307101,0.8976971210539405,0.9302558920780118,0.7734119193212924,1.0017226436122795,0.492,0.032312212231972906,0.9655440861709046,0.015,0.0115,0.3553869790666411,0.09680856401643036,0.5423450155934014,0.15,0.026336015377497433,0.9561696257484746,
treatment_imbalance,treatment_imbalance,synthetic,treated_fraction,0.5,t_learner,7,2000,2000,0.5055,1.7855968475341797,0.8895373938066508,0.2456346477440121,0.6860816871067172,-0.2456346477440121,0.9985860310672204,0.7529513833232083,0.8792443108544019,0.12300655367791613,1.002250864532318,0.8642870780786908,0.7998201593925647,0.8467699560435955,1.0302345853050618,0.5055,0.028966682825451964,0.9582037089304637,0.009,0.0205,0.38823397631113366,0.11654949019167812,0.5358975997063444,0.25,0.02971233266409221,0.9656940169490835,
treatment_imbalance,treatment_imbalance,synthetic,treated_fraction,0.5,t_learner,8,2000,2000,0.4925,1.8288030624389648,0.9089974148511029,0.09143215286786144,0.7171989517556717,-0.09143215286786142,1.0063284488837538,0.9148962960158924,0.924372153250017,0.11758834371559101,1.041960496965608,0.8740770712551382,0.9137753137510365,0.8327858066173427,1.0062688262119066,0.4925,0.026265791169016634,0.9673170564827458,0.0175,0.0165,0.376034607786752,0.10186432388624574,0.5277392885616098,0.2,0.02879480163107263,0.9655988709120248,
treatment_imbalance,treatment_imbalance,synthetic,treated_fraction,0.5,t_learner,9,2000,2000,0.4895,1.8071255683898926,0.9053577917663791,0.17281977120854852,0.7121404533869523,-0.17281977120854858,1.000148146210073,0.8273283750015245,0.7815849214361386,0.12568577856897134,0.9072707000051099,0.9144817852378344,0.8671098123203902,0.8852432337726547,0.9523019370735478,0.4895,0.033181406310617716,0.971011923266994,0.022,0.013,0.37151583848477177,0.11280238399758895,0.5776465505594623,0.25,0.035819472134631776,0.9654650696119208,
treatment_imbalance,treatment_imbalance,synthetic,treated_fraction,0.5,t_learner,10,2000,2000,0.4945,1.826979160308838,0.8621942635188714,0.14536614491945465,0.683243304701773,-0.14536614491945457,1.0102761104198241,0.8649099655003695,0.9105117479330489,0.11082117459359453,1.0213329225266434,0.8622976161655648,0.8366473349591955,0.8122556062276424,0.9328561949153907,0.4945,0.027591771242000646,0.9763142187154301,0.022,0.017,0.3785388031951866,0.11058039073535975,0.5904365694326016,0.2,0.034386486017649716,0.9738601279717383,
treatment_imbalance,treatment_imbalance,synthetic,treated_fraction,0.5,t_learner,11,2000,2000,0.485,1.8362853527069092,0.949929273471435,0.03407017468465601,0.7464358864747344,-0.03407017468465591,1.004209171295834,0.9701389966111781,0.923459452965746,0.10450266706468825,1.0279621200304343,0.9386609278677183,0.9084167004142862,1.0023353624745048,0.9478824190942206,0.485,0.030366338101620018,0.9695850252982309,0.018,0.012,0.36369732759483536,0.11056061217099941,0.5745972347548176,0.25,0.02335924492611696,0.9659980123959844,
treatment_imbalance,treatment_imbalance,synthetic,treated_fraction,0.5,t_learner,12,2000,2000,0.4995,1.8133344650268555,0.8812983521069256,0.16820282713350432,0.6832584258649522,-0.16820282713350437,1.0076912717470716,0.8394884446135673,0.9035742320801676,0.11275812490764991,1.0163323569878175,0.904505512733321,0.8552636471811588,0.7818444386466333,0.9725534878392427,0.4995,0.02827685261611543,0.9885055248206732,0.031,0.036,0.421993421993422,0.10577004751833623,0.6983956475246054,0.2,0.040759956163083894,0.9790636568070907,
treatment_imbalance,treatment_imbalance,synthetic,treated_fraction,0.5,t_learner,13,2000,2000,0.501,1.8732314109802246,0.8682957878273281,0.004597391727934719,0.6907108196269982,-0.004597391727934543,0.9934729095450703,0.9888755178171356,0.8808522752009423,0.0911281324448232,0.9719804076457655,0.8904147497988258,0.8174193518074198,0.8453049302758545,0.91662263343073,0.501,0.029797982132540864,0.9680958843119472,0.009,0.01,0.33170132680530723,0.09860889392293262,0.5433266313618397,0.15,0.02854443844361873,0.9794365695399461,
treatment_imbalance,treatment_imbalance,synthetic,treated_fraction,0.5,t_learner,14,2000,2000,0.504,1.847938060760498,0.8872004410456882,0.10506572011030813,0.6977373259801891,-0.10506572011030807,0.9864716718243007,0.8814059517139926,0.7391137293589313,0.1145174377266358,0.8536311670855671,0.8987450380435197,0.8329077989203877,0.8393693573753751,0.970813847941845,0.504,0.026168134819385156,0.9728339103810405,0.0285,0.0225,0.40890616999487966,0.11686818516322106,0.6312584881353379,0.15,0.02434791943468717,0.9664973002302226,
treatment_imbalance,treatment_imbalance,synthetic,treated_fraction,0.5,t_learner,15,2000,2000,0.5215,1.8612706661224365,0.9289724887173991,0.09114536793085726,0.7337050681082132,-0.09114536793085716,0.9872567721697856,0.8961114042389283,0.9381641848328387,0.1184014234358034,1.056565608268642,0.8825949804469696,0.9259401828875797,0.8947920789009309,1.0074559806340286,0.5215,0.037102515922878956,0.9651806227952491,0.01,0.016,0.371492890354265,0.09627517763497498,0.6111511999687926,0.15,0.027938846745364655,0.9594469453739467,
treatment_imbalance,treatment_imbalance,synthetic,treated_fraction,0.5,t_learner,16,2000,2000,0.4965,1.8245973587036133,0.9390291147938247,0.17236038517822194,0.732595381179869,-0.17236038517822197,1.003893844164219,0.831533458985997,0.895377758936454,0.12601190714475452,1.0213896660812085,0.8959470530647915,0.8514008131503347,0.8321208235889899,1.1432730129513868,0.4965,0.018099334507720503,0.9792576526507237,0.03,0.0315,0.40525785763502414,0.11553145485936378,0.7482541978535057,0.25,0.03181518901303306,0.9629198231247029,
treatment_imbalance,treatment_imbalance,synthetic,treated_fraction,0.5,t_learner,17,2000,2000,0.4925,1.899702548980713,0.8928885595482197,0.1793980045204141,0.7086922070771716,-0.17939800452041402,0.9793423811024536,0.7999443765820395,0.7688016637397984,0.13223261550056598,0.9010342792403644,0.8656802098465476,0.8604455945658874,0.8567948938520321,0.9824121243295288,0.4925,0.026105301253780168,0.9739059966570436,0.0175,0.012,0.3656222650096272,0.09827040729878243,0.5912218839904231,0.15,0.02369437964679253,0.9690666264366539,
treatment_imbalance,treatment_imbalance,synthetic,treated_fraction,0.5,t_learner,18,2000,2000,0.514,1.8203752040863037,0.924046385214979,0.10312007002896106,0.7278419791793282,-0.10312007002896088,0.9985727292068496,0.8954526591778885,0.9501017929669868,0.1293670037777248,1.0794687967447116,0.8943942114038701,0.8802308454010465,0.8582144907145796,1.0507937140346821,0.514,0.030865142260502444,0.9682530219498647,0.017,0.0255,0.3949656530720085,0.10901040600335313,0.6484246353759319,0.2,0.04548582124628716,0.9568863136044911,
treatment_imbalance,treatment_imbalance,synthetic,treated_fraction,0.5,t_learner,19,2000,2000,0.49,1.8487257957458496,0.8417405431911308,0.06291319160437181,0.6604194217801491,-0.06291319160437191,1.0013442425231096,0.9384310509187378,0.8331068045587307,0.09838905380958873,0.9314958583683194,0.7858751217191094,0.7850526887829294,0.8440153522590885,0.9422522073497279,0.49,0.028639032735851253,0.9603535998158355,0.011,0.0115,0.3667066826730692,0.10183948103512781,0.5686019813182949,0.2,0.02597494661414801,0.964467516427441,
treatment_imbalance,treatment_imbalance,synthetic,treated_fraction,0.5,t_learner,20,2000,2000,0.4815,1.8267707824707031,0.9032740506297483,0.14874362205098235,0.7149127159716138,-0.14874362205098246,0.9972729066129272,0.8485292845619449,0.9132710478012012,0.12097052810863684,1.034241575909838,0.9643058087247242,0.8576348841688176,0.8282459577721627,0.9550923454383142,0.4815,0.045887744475715864,0.9605413717677646,0.0205,0.021,0.36713560864823946,0.10814924866513102,0.608090504467289,0.2,0.06087925632310017,0.9557405797190407,
treatment_imbalance,treatment_imbalance,synthetic,treated_fraction,0.5,t_learner,21,2000,2000,0.485,1.828099250793457,0.9661411973425817,0.08671466784962789,0.7637176156444444,-0.08671466784962795,0.9942709486025046,0.9075562807528768,0.8517927008477068,0.13445214172400122,0.986244842571708,0.890266170399151,0.9914132578475122,0.9276909997346048,1.0476786529411826,0.485,0.023477663499994285,0.9779659564066838,0.024,0.014,0.36293664297868083,0.1018585086015494,0.6105872151172923,0.15,0.032872322840714174,0.9759708490075967,
treatment_imbalance,treatment_imbalance,synthetic,treated_fraction,0.5,t_learner,22,2000,2000,0.4845,1.8019442558288574,1.0051447315167985,0.14181441844329845,0.795444172373031,-0.14181441844329845,1.005694401834314,0.8638799833910155,0.8777351511084787,0.1588730238460624,1.036608174954541,0.9596963163557447,1.0340194330493186,0.9355296207450015,1.084359186958916,0.4845,0.034219647218210955,0.9715700675033144,0.019,0.012,0.39171643949835794,0.11215321185551727,0.5721118836119686,0.15,0.03711008186248405,0.9579292297150516,
treatment_imbalance,treatment_imbalance,synthetic,treated_fraction,0.5,t_learner,23,2000,2000,0.5095,1.796588659286499,0.8956794679754497,0.11319832315254019,0.7064839033925009,-0.11319832315254028,0.9863786558371623,0.8731803326846221,0.8633983888765877,0.12525975214899976,0.9886581410255875,0.9063780229918744,0.8345245136057001,0.8639518838259098,0.9719062174270269,0.5095,0.03343433008754991,0.9807621761707214,0.0125,0.0145,0.35997595131842597,0.10462234707657854,0.5771773054928375,0.2,0.025464782350892595,0.9732012578498234,
treatment_imbalance,treatment_imbalance,synthetic,treated_fraction,0.5,t_learner,24,2000,2000,0.4985,1.9174563884735107,0.8431665441662493,0.03461372727839673,0.6586009125692078,-0.034613727278396664,0.9987093506981598,0.9640956234197631,0.8724439573747828,0.09582624038985244,0.9682701977646352,0.761262845915821,0.7993639430968966,0.8229071683622111,0.9736730678045047,0.4985,0.02606832422755538,0.9746277408550127,0.025,0.0215,0.38979050811457305,0.11282957453595018,0.5910811456998403,0.25,0.03061599735796627,0.9782816224506061,
treatment_imbalance,treatment_imbalance,synthetic,treated_fraction,0.5,t_learner,25,2000,2000,0.494,1.828289270401001,0.9110373893945836,0.09886410392179168,0.7124465810681639,-0.09886410392179175,0.9991239276584803,0.9002598237366887,0.8627142182873951,0.10455757812435906,0.9672717964117542,0.9130540501210078,0.846471873458131,0.8487290178304884,1.024418480306751,0.494,0.03541556417481448,0.9655634999167437,0.0085,0.0085,0.3181378118449057,0.10049890231683926,0.600592811033575,0.15,0.03899025445080996,0.9756290023588512,
treatment_imbalance,treatment_imbalance,synthetic,treated_fraction,0.5,t_learner,26,2000,2000,0.5015,1.842346429824829,1.0203762862101722,0.2667178923465068,0.8123150057473749,-0.26671789234650656,1.0171306539049356,0.7504127615584288,0.8493654661834426,0.17579119111525376,1.0251566572986963,1.0010160992901105,1.0515250740072877,0.8831042342418991,1.1300706884970784,0.5015,0.02970454911521404,0.9676002971135022,0.0275,0.023,0.3818444365999294,0.10436878847557915,0.6772436761102943,0.15,0.033894051748721864,0.9581517856447924,
treatment_imbalance,treatment_imbalance,synthetic,treated_fraction,0.5,t_learner,27,2000,2000,0.5025,1.8198482990264893,0.9359140177141978,0.1420908987606374,0.7399707539222494,-0.1420908987606374,0.9959384935616975,0.8538475948010601,0.8066797055490247,0.1559435159657091,0.9626232215147338,0.8482231481766781,0.9205657025124138,0.914982234697463,1.0486295736144553,0.5025,0.018838961581934238,0.9719022664894751,0.0185,0.014,0.35241381034525865,0.1148452780017188,0.6144849196634338,0.25,0.017249130780206557,0.9643938427362861,
treatment_imbalance,treatment_imbalance,synthetic,treated_fraction,0.5,t_learner,28,2000,2000,0.5155,1.8216538429260254,0.859857077366753,0.03540109670946845,0.6775003619474319,-0.03540109670946836,0.9766359953808899,0.9412348986714214,0.7488679533114342,0.09911970894125344,0.8479876622526876,0.796183604447051,0.8406977923979525,0.808457736761839,0.9813927611958487,0.5155,0.054322568352990576,0.9714135389687693,0.007,0.008,0.33972147233491384,0.09347980992333009,0.5192338131723825,0.15,0.04987510113925712,0.9689901252091718,
treatment_imbalance,treatment_imbalance,synthetic,treated_fraction,0.5,t_learner,29,2000,2000,0.499,1.7930095195770264,0.9165350221281969,0.045360804701736646,0.7271512191863158,-0.04536080470173661,0.9856623929546574,0.9403015882529208,0.7752794121822884,0.11288234820341647,0.8881617603857048,0.9403258484806055,0.8344040661334262,0.9026904732572253,0.982269234853672,0.499,0.012072386528027395,0.9788842501699636,0.0265,0.021,0.3819295277181109,0.11317612905105323,0.6367503934939059,0.25,0.027173964070335486,0.9682146497692586,
treatment_imbalance,treatment_imbalance,synthetic,treated_fraction,0.5,x_learner,0,2000,2000,0.5015,3.667595386505127,0.5409349148897394,0.033924579682191536,0.40671135001076797,0.033924579682191605,0.988634815670337,1.0225593953525285,0.9445423256400156,0.03009892413612625,0.9746412497761419,0.6424122571110894,0.45641426497485227,0.4490873457269545,0.5897078896673321,0.5015,0.028614529247713533,0.9742087337563412,0.0235,0.025,0.3961445653010877,0.10901961827433163,0.6463457674163098,0.25,0.030255797901506145,0.9618833171064568,
treatment_imbalance,treatment_imbalance,synthetic,treated_fraction,0.5,x_learner,1,2000,2000,0.504,3.629769802093506,0.48037596860363796,0.08484019607423277,0.3575487389870754,-0.08484019607423278,0.9947717733296532,0.9099315772554204,1.0381998538097632,0.025699396972093114,1.0638992507818563,0.4832338094836713,0.38456297534430695,0.42229781513376813,0.6027480763528094,0.504,0.0400474627699318,0.9516231435316647,0.015,0.0165,0.377192140296979,0.10720741637231476,0.5475038568343314,0.15,0.04823166296560886,0.9599710610726617,
treatment_imbalance,treatment_imbalance,synthetic,treated_fraction,0.5,x_learner,2,2000,2000,0.507,3.7426397800445557,0.481878243619971,0.04033895312024749,0.3652907244573017,0.040338953120247385,0.9804604494287746,1.0207994025490221,0.9176995892644689,0.019946865234409583,0.9376464544988785,0.4982092179611201,0.44302484147120547,0.43798877405319986,0.5408409798438261,0.507,0.03065240216029745,0.9766421970155198,0.016,0.0225,0.3726110317622254,0.10434600355279218,0.5970206145257971,0.15,0.038529832493794255,0.9659987332756537,
treatment_imbalance,treatment_imbalance,synthetic,treated_fraction,0.5,x_learner,3,2000,2000,0.4975,3.7168257236480713,0.5024396402335846,0.07757679596220035,0.385514044245394,-0.07757679596220046,1.0087926713972664,0.931215875435066,0.8598631442508745,0.04265527177644124,0.9025184160273158,0.5508238887844809,0.417038714679558,0.4657248425292682,0.5617423727707107,0.4975,0.02710922010657526,0.9708120361692915,0.0225,0.018,0.3667641691042276,0.11446476020211335,0.6809082392728507,0.2,0.028289045013268385,0.9593894594492443,
treatment_imbalance,treatment_imbalance,synthetic,treated_fraction,0.5,x_learner,4,2000,2000,0.4795,3.7696681022644043,0.4749235331611991,0.09858140760475853,0.3669861311334431,-0.09858140760475857,0.9903193784566898,0.8917379708519313,0.8880913921054171,0.034244191579132055,0.9223355836845492,0.46533640280666033,0.4333855668703777,0.452177475547405,0.5416492985874175,0.4795,0.012552305516356348,0.9771045164612736,0.0195,0.0095,0.3662927380927339,0.1000328571608901,0.5569797449163424,0.2,0.017193404491357145,0.9769899468579579,
treatment_imbalance,treatment_imbalance,synthetic,treated_fraction,0.5,x_learner,5,2000,2000,0.5025,3.773747205734253,0.48582497646111933,0.034960326677795805,0.3678581422486217,0.03496032667779586,0.9664879542782492,1.001448280956045,0.9511131265546453,0.02915528364288522,0.9802684101975305,0.5252454864547255,0.4076265890620641,0.410767038230394,0.5773489535504369,0.5025,0.015963375239138947,0.9603199240263416,0.0305,0.016,0.37606440161004023,0.1152547001794896,0.6098531315723713,0.15,0.027943533029464323,0.9320319340477532,
treatment_imbalance,treatment_imbalance,synthetic,treated_fraction,0.5,x_learner,6,2000,2000,0.492,3.7096405029296875,0.48783950787278346,0.0780968617588742,0.3609299560151948,-0.0780968617588743,1.003619649399195,0.9255227876403207,1.0075756373313076,0.028357840699402503,1.0359334780307101,0.4206320379464468,0.396293476675592,0.4513403309986113,0.6436315843537302,0.492,0.032312212231972906,0.9655440861709046,0.015,0.0115,0.3553869790666411,0.09680856401643036,0.5423450155934014,0.15,0.026336015377497433,0.9561696257484746,
treatment_imbalance,treatment_imbalance,synthetic,treated_fraction,0.5,x_learner,7,2000,2000,0.5055,3.681788921356201,0.5190572434392594,0.1333179542519478,0.3933294380903607,-0.13331795425194787,0.9985860310672204,0.8652680768152726,0.9728527231227189,0.029398141409599177,1.002250864532318,0.4537275444306564,0.4195504698341489,0.4538740487678947,0.699849094025963,0.5055,0.028966682825451964,0.9582037089304637,0.009,0.0205,0.38823397631113366,0.11654949019167812,0.5358975997063444,0.25,0.02971233266409221,0.9656940169490835,
treatment_imbalance,treatment_imbalance,synthetic,treated_fraction,0.5,x_learner,8,2000,2000,0.4925,3.735347270965576,0.5359803676705994,0.04260325998658476,0.4120170974453531,-0.04260325998658471,1.0063284488837538,0.9637251888971691,1.0177222907662946,0.024238206199313383,1.041960496965608,0.5552675865929123,0.46256098390310024,0.4707338663262239,0.6365726106711526,0.4925,0.026265791169016634,0.9673170564827458,0.0175,0.0165,0.376034607786752,0.10186432388624574,0.5277392885616098,0.2,0.02879480163107263,0.9655988709120248,
treatment_imbalance,treatment_imbalance,synthetic,treated_fraction,0.5,x_learner,9,2000,2000,0.4895,3.7064831256866455,0.4870746212062917,0.12664068812808638,0.3656102568498142,-0.12664068812808651,1.000148146210073,0.8735074580819866,0.8720679872523978,0.03520271275271214,0.9072707000051099,0.44075859408249335,0.41903811969670923,0.4386136545756686,0.6218711478242551,0.4895,0.033181406310617716,0.971011923266994,0.022,0.013,0.37151583848477177,0.11280238399758895,0.5776465505594623,0.25,0.035819472134631776,0.9654650696119208,
treatment_imbalance,treatment_imbalance,synthetic,treated_fraction,0.5,x_learner,10,2000,2000,0.4945,3.7047972679138184,0.483439155052993,0.1125258685776338,0.37126020144455657,-0.1125258685776337,1.0102761104198241,0.8977502418421903,0.9923519642335792,0.02898095829306424,1.0213329225266434,0.46767800340110405,0.41898250422461764,0.41944625394460533,0.6038621141400329,0.4945,0.027591771242000646,0.9763142187154301,0.022,0.017,0.3785388031951866,0.11058039073535975,0.5904365694326016,0.2,0.034386486017649716,0.9738601279717383,
treatment_imbalance,treatment_imbalance,synthetic,treated_fraction,0.5,x_learner,11,2000,2000,0.485,3.632822036743164,0.5081236283855927,0.016474117655454812,0.3904649946311488,0.01647411765545488,1.004209171295834,1.020683288951289,1.004904936418539,0.02305718361189535,1.0279621200304343,0.5168829596033062,0.4424069643090033,0.5245432996680626,0.5428820292392444,0.485,0.030366338101620018,0.9695850252982309,0.018,0.012,0.36369732759483536,0.11056061217099941,0.5745972347548176,0.25,0.02335924492611696,0.9659980123959844,
treatment_imbalance,treatment_imbalance,synthetic,treated_fraction,0.5,x_learner,12,2000,2000,0.4995,3.6894993782043457,0.5145168523979484,0.11906701291979072,0.37144893686882746,-0.11906701291979072,1.0076912717470716,0.8886242588272809,0.9854134159026313,0.030918941085186225,1.0163323569878175,0.4376718622996973,0.37532585404715874,0.45154124964494624,0.7229071238478252,0.4995,0.02827685261611543,0.9885055248206732,0.031,0.036,0.421993421993422,0.10577004751833623,0.6983956475246054,0.2,0.040759956163083894,0.9790636568070907,
treatment_imbalance,treatment_imbalance,synthetic,treated_fraction,0.5,x_learner,13,2000,2000,0.501,3.659130573272705,0.471759912455236,0.04686628939058757,0.36088948082148453,0.04686628939058767,0.9934729095450703,1.0403391989356578,0.9546527050785044,0.017327702567261127,0.9719804076457655,0.475901217524606,0.39963655607642373,0.39942189786638854,0.5869416169516974,0.501,0.029797982132540864,0.9680958843119472,0.009,0.01,0.33170132680530723,0.09860889392293262,0.5433266313618397,0.15,0.02854443844361873,0.9794365695399461,
treatment_imbalance,treatment_imbalance,synthetic,treated_fraction,0.5,x_learner,14,2000,2000,0.504,3.6843230724334717,0.5223598673040396,0.05782433976847734,0.3832621125585998,-0.05782433976847739,0.9864716718243007,0.9286473320558234,0.8272546025668887,0.026376564518678425,0.8536311670855671,0.5074765979834549,0.3839358208124953,0.4163420568062234,0.7163514525776529,0.504,0.026168134819385156,0.9728339103810405,0.0285,0.0225,0.40890616999487966,0.11686818516322106,0.6312584881353379,0.15,0.02434791943468717,0.9664973002302226,
treatment_imbalance,treatment_imbalance,synthetic,treated_fraction,0.5,x_learner,15,2000,2000,0.5215,3.722102642059326,0.4398853739203904,0.06563454711627514,0.33222644374585997,-0.06563454711627527,0.9872567721697856,0.9216222250535104,1.038375473455671,0.01819013481297116,1.056565608268642,0.45288155490073473,0.38863626830741727,0.37212490348107874,0.5285638780245039,0.5215,0.037102515922878956,0.9651806227952491,0.01,0.016,0.371492890354265,0.09627517763497498,0.6111511999687926,0.15,0.027938846745364655,0.9594469453739467,
treatment_imbalance,treatment_imbalance,synthetic,treated_fraction,0.5,x_learner,16,2000,2000,0.4965,3.771181106567383,0.552656722429676,0.06963855109024963,0.4137482453073626,-0.06963855109024977,1.003893844164219,0.9342552930739693,0.989906168728602,0.03148349735260647,1.0213896660812085,0.49857710921597354,0.4413747998326346,0.46719778725320316,0.7483670163837416,0.4965,0.018099334507720503,0.9792576526507237,0.03,0.0315,0.40525785763502414,0.11553145485936378,0.7482541978535057,0.25,0.03181518901303306,0.9629198231247029,
treatment_imbalance,treatment_imbalance,synthetic,treated_fraction,0.5,x_learner,17,2000,2000,0.4925,4.008254528045654,0.496026556527997,0.041917849017990005,0.37530067346822327,-0.041917849017989894,0.9793423811024536,0.9374245320844636,0.8700060663179823,0.031028212922382115,0.9010342792403644,0.5000404410198468,0.4466453446570913,0.41216371101767896,0.603951941701531,0.4925,0.026105301253780168,0.9739059966570436,0.0175,0.012,0.3656222650096272,0.09827040729878243,0.5912218839904231,0.15,0.02369437964679253,0.9690666264366539,
treatment_imbalance,treatment_imbalance,synthetic,treated_fraction,0.5,x_learner,18,2000,2000,0.514,3.8093278408050537,0.5184745430458774,0.09921339351786151,0.39688741313485093,-0.09921339351786147,0.9985727292068496,0.8993593356889881,1.0514801657513355,0.027988630993376118,1.0794687967447116,0.5073820026790924,0.4438412736754901,0.4285169138876624,0.6612148582708888,0.514,0.030865142260502444,0.9682530219498647,0.017,0.0255,0.3949656530720085,0.10901040600335313,0.6484246353759319,0.2,0.04548582124628716,0.9568863136044911,
treatment_imbalance,treatment_imbalance,synthetic,treated_fraction,0.5,x_learner,19,2000,2000,0.49,3.716454267501831,0.4762356972051144,0.005353433478797132,0.3646284038266957,-0.0053534334787971255,1.0013442425231096,0.9959908090443125,0.9135439255799838,0.017951932788335623,0.9314958583683194,0.4399055400451261,0.38564464860984227,0.43686218709553887,0.6116490067776332,0.49,0.028639032735851253,0.9603535998158355,0.011,0.0115,0.3667066826730692,0.10183948103512781,0.5686019813182949,0.2,0.02597494661414801,0.964467516427441,
treatment_imbalance,treatment_imbalance,synthetic,treated_fraction,0.5,x_learner,20,2000,2000,0.4815,3.6642203330993652,0.47817191905509177,0.05430467879247103,0.3628828899673152,-0.054304678792471264,0.9972729066129272,0.9429682278204562,1.0044277513790771,0.02981382453076087,1.034241575909838,0.5012072083288928,0.3946153265682056,0.42124654985520565,0.5746433322357695,0.4815,0.045887744475715864,0.9605413717677646,0.0205,0.021,0.36713560864823946,0.10814924866513102,0.608090504467289,0.2,0.06087925632310017,0.9557405797190407,
treatment_imbalance,treatment_imbalance,synthetic,treated_fraction,0.5,x_learner,21,2000,2000,0.485,3.670950412750244,0.51949616070243,0.010058888969234459,0.39488573338876914,0.010058888969234374,0.9942709486025046,1.004329837571739,0.9535057704136749,0.03273907215803307,0.986244842571708,0.5039611614693307,0.44082343084225994,0.4993977432591514,0.6179035430525295,0.485,0.023477663499994285,0.9779659564066838,0.024,0.014,0.36293664297868083,0.1018585086015494,0.6105872151172923,0.15,0.032872322840714174,0.9759708490075967,
treatment_imbalance,treatment_imbalance,synthetic,treated_fraction,0.5,x_learner,22,2000,2000,0.4845,3.818952798843384,0.553495057899149,0.05118095478010576,0.41136488649277275,-0.05118095478010578,1.005694401834314,0.9545134470542082,1.008876419443558,0.027731755510983058,1.036608174954541,0.47845418366740705,0.46442665646525727,0.489170124083178,0.7358866631997312,0.4845,0.034219647218210955,0.9715700675033144,0.019,0.012,0.39171643949835794,0.11215321185551727,0.5721118836119686,0.15,0.03711008186248405,0.9579292297150516,
treatment_imbalance,treatment_imbalance,synthetic,treated_fraction,0.5,x_learner,23,2000,2000,0.5095,3.8360562324523926,0.46692244842208763,0.044081332624681835,0.3625343211089427,-0.044081332624682015,0.9863786558371623,0.9422973232124805,0.9676430110209648,0.02101513000462263,0.9886581410255875,0.4718101615337513,0.38744553769143575,0.42088240837887075,0.5676314089931948,0.5095,0.03343433008754991,0.9807621761707214,0.0125,0.0145,0.35997595131842597,0.10462234707657854,0.5771773054928375,0.2,0.025464782350892595,0.9732012578498234,
treatment_imbalance,treatment_imbalance,synthetic,treated_fraction,0.5,x_learner,24,2000,2000,0.4985,3.6403470039367676,0.4916356467658721,0.0038586192384698625,0.36918779788576245,0.003858619238469899,0.9987093506981598,1.0025679699366297,0.9465757699245855,0.021694427840049713,0.9682701977646352,0.4662551739646363,0.3966695426307459,0.4501881749829395,0.6240291904145521,0.4985,0.02606832422755538,0.9746277408550127,0.025,0.0215,0.38979050811457305,0.11282957453595018,0.5910811456998403,0.25,0.03061599735796627,0.9782816224506061,
treatment_imbalance,treatment_imbalance,synthetic,treated_fraction,0.5,x_learner,25,2000,2000,0.494,3.6993753910064697,0.48862869771414524,0.02007804423314319,0.3689047277273262,-0.020078044233143216,0.9991239276584803,0.9790458834253372,0.9470735632579217,0.020198233153832512,0.9672717964117542,0.4846073478042816,0.3945397308290154,0.42641929534250894,0.6186216296981155,0.494,0.03541556417481448,0.9655634999167437,0.0085,0.0085,0.3181378118449057,0.10049890231683926,0.600592811033575,0.15,0.03899025445080996,0.9756290023588512,
treatment_imbalance,treatment_imbalance,synthetic,treated_fraction,0.5,x_learner,26,2000,2000,0.5015,3.7100422382354736,0.5634179524628036,0.1583945794916367,0.439898927889765,-0.15839457949163657,1.0171306539049356,0.8587360744132989,0.9863467672498971,0.0388098900487992,1.0251566572986963,0.516928953925544,0.5398244177953846,0.48835859349723204,0.687487523764784,0.5015,0.02970454911521404,0.9676002971135022,0.0275,0.023,0.3818444365999294,0.10436878847557915,0.6772436761102943,0.15,0.033894051748721864,0.9581517856447924,
treatment_imbalance,treatment_imbalance,synthetic,treated_fraction,0.5,x_learner,27,2000,2000,0.5025,3.808419704437256,0.5321273649281485,0.01509848008921233,0.4044806706206839,-0.015098480089212359,0.9959384935616975,0.9808400134724852,0.9317413282423145,0.030881893272419303,0.9626232215147338,0.5412646250876403,0.4390147005145447,0.488394634572223,0.6390676875757569,0.5025,0.018838961581934238,0.9719022664894751,0.0185,0.014,0.35241381034525865,0.1148452780017188,0.6144849196634338,0.25,0.017249130780206557,0.9643938427362861,
treatment_imbalance,treatment_imbalance,synthetic,treated_fraction,0.5,x_learner,28,2000,2000,0.5155,3.761030912399292,0.5103138256200089,0.02041357820365375,0.3919324754644824,0.020413578203653793,0.9766359953808899,0.9970495735845436,0.8305214883068466,0.017466173945841046,0.8479876622526876,0.5440195666836865,0.42224513561330007,0.4119225429056171,0.6306761273729057,0.5155,0.054322568352990576,0.9714135389687693,0.007,0.008,0.33972147233491384,0.09347980992333009,0.5192338131723825,0.15,0.04987510113925712,0.9689901252091718,
treatment_imbalance,treatment_imbalance,synthetic,treated_fraction,0.5,x_learner,29,2000,2000,0.499,3.7607779502868652,0.48022574174350713,0.004388289099649834,0.36235002182366405,0.0043882890996498215,0.9856623929546574,0.9900506820543072,0.8679209789596826,0.02024078142602226,0.8881617603857048,0.45000890416967193,0.41100789929398873,0.41769184203696247,0.6136489795592666,0.499,0.012072386528027395,0.9788842501699636,0.0265,0.021,0.3819295277181109,0.11317612905105323,0.6367503934939059,0.25,0.027173964070335486,0.9682146497692586,
treatment_imbalance,treatment_imbalance,synthetic,treated_fraction,0.5,neural_rep,0,2000,2000,0.5015,3.047989845275879,0.5359075380762899,0.13609765626327075,0.39007872035408364,-0.13609765626327078,0.988634815670337,0.8525371594070662,0.9502338420979449,0.024407407678196935,0.9746412497761419,0.43600740712613545,0.364269556956144,0.41489494552669776,0.8086129930012734,0.5015,0.028614529247713533,0.9742087337563412,0.0235,0.025,0.3961445653010877,0.10901961827433163,0.6463457674163098,0.25,0.030255797901506145,0.9618833171064568,
treatment_imbalance,treatment_imbalance,synthetic,treated_fraction,0.5,neural_rep,1,2000,2000,0.504,2.8736517429351807,0.556440083190044,0.1966675352606917,0.4235507329986896,-0.1966675352606918,0.9947717733296532,0.7981042380689615,1.0309516508750138,0.032947599906842484,1.0638992507818563,0.43026841264167787,0.4281834493909766,0.48439091246276955,0.7971171403226217,0.504,0.0400474627699318,0.9516231435316647,0.015,0.0165,0.377192140296979,0.10720741637231476,0.5475038568343314,0.15,0.04823166296560886,0.9599710610726617,
treatment_imbalance,treatment_imbalance,synthetic,treated_fraction,0.5,neural_rep,2,2000,2000,0.507,2.578780174255371,0.4440203766555979,0.05252677161666064,0.33395736404735704,-0.05252677161666075,0.9804604494287746,0.927933677812114,0.9271497359962285,0.010496718502649993,0.9376464544988785,0.39874222407357746,0.30439032008128186,0.34362701881867924,0.6472155925663216,0.507,0.03065240216029745,0.9766421970155198,0.016,0.0225,0.3726110317622254,0.10434600355279218,0.5970206145257971,0.15,0.038529832493794255,0.9659987332756537,
treatment_imbalance,treatment_imbalance,synthetic,treated_fraction,0.5,neural_rep,3,2000,2000,0.4975,2.666351795196533,0.4685394332971216,0.13291599463254544,0.3440094247578536,-0.1329159946325454,1.0087926713972664,0.8758766767647209,0.873765208928917,0.028753207098398792,0.9025184160273158,0.33389479556599555,0.38749150248710107,0.40315410812914343,0.6737567575248335,0.4975,0.02710922010657526,0.9708120361692915,0.0225,0.018,0.3667641691042276,0.11446476020211335,0.6809082392728507,0.2,0.028289045013268385,0.9593894594492443,
treatment_imbalance,treatment_imbalance,synthetic,treated_fraction,0.5,neural_rep,4,2000,2000,0.4795,1.8145229816436768,0.5290207108391888,0.16418851914660515,0.40025845955489386,-0.16418851914660512,0.9903193784566898,0.8261308593100847,0.9164202871713446,0.005915296513204549,0.9223355836845492,0.44299056610121545,0.20207064778271341,0.3452500933892379,0.8736022176322151,0.4795,0.012552305516356348,0.9771045164612736,0.0195,0.0095,0.3662927380927339,0.1000328571608901,0.5569797449163424,0.2,0.017193404491357145,0.9769899468579579,
treatment_imbalance,treatment_imbalance,synthetic,treated_fraction,0.5,neural_rep,5,2000,2000,0.5025,2.303544521331787,0.4916015791553449,0.05253618801664173,0.368720146008228,-0.05253618801664175,0.9664879542782492,0.9139517662616075,0.9674766608690138,0.012791749328516677,0.9802684101975305,0.3665460336979565,0.4087614037414589,0.43785257905164876,0.6881363887497475,0.5025,0.015963375239138947,0.9603199240263416,0.0305,0.016,0.37606440161004023,0.1152547001794896,0.6098531315723713,0.15,0.027943533029464323,0.9320319340477532,
treatment_imbalance,treatment_imbalance,synthetic,treated_fraction,0.5,neural_rep,6,2000,2000,0.492,2.4181058406829834,0.44057975045890335,0.09040694025016616,0.326078283119171,-0.09040694025016621,1.003619649399195,0.9132127091490287,1.0232855406128738,0.012647937417836319,1.0359334780307101,0.315778835242877,0.322943696220903,0.3837913757357955,0.6520255687105965,0.492,0.032312212231972906,0.9655440861709046,0.015,0.0115,0.3553869790666411,0.09680856401643036,0.5423450155934014,0.15,0.026336015377497433,0.9561696257484746,
treatment_imbalance,treatment_imbalance,synthetic,treated_fraction,0.5,neural_rep,7,2000,2000,0.5055,2.0199990272521973,0.4974112222240998,0.151903710475491,0.3721239067845014,-0.15190371047549098,0.9985860310672204,0.8466823205917294,0.9845272478409174,0.017723616691400657,1.002250864532318,0.41054427562087636,0.30663382225042846,0.41497635280196876,0.7449130280778351,0.5055,0.028966682825451964,0.9582037089304637,0.009,0.0205,0.38823397631113366,0.11654949019167812,0.5358975997063444,0.25,0.02971233266409221,0.9656940169490835,
treatment_imbalance,treatment_imbalance,synthetic,treated_fraction,0.5,neural_rep,8,2000,2000,0.4925,2.751931667327881,0.4572722985218108,0.046748251252134665,0.35608667062274596,0.046748251252134804,1.0063284488837538,1.0530767001358885,1.0310923906568223,0.010868106308785652,1.041960496965608,0.500016930391632,0.3808604428057905,0.37403450606469474,0.5490158473870559,0.4925,0.026265791169016634,0.9673170564827458,0.0175,0.0165,0.376034607786752,0.10186432388624574,0.5277392885616098,0.2,0.02879480163107263,0.9655988709120248,
treatment_imbalance,treatment_imbalance,synthetic,treated_fraction,0.5,neural_rep,9,2000,2000,0.4895,3.075960636138916,0.5026834681972275,0.0765889429098574,0.3799073762093422,-0.07658894290985749,1.000148146210073,0.9235592033002156,0.9010592134216068,0.006211486583503123,0.9072707000051099,0.39426445583730146,0.355053395495624,0.4373164620175616,0.7334913864892751,0.4895,0.033181406310617716,0.971011923266994,0.022,0.013,0.37151583848477177,0.11280238399758895,0.5776465505594623,0.25,0.035819472134631776,0.9654650696119208,
treatment_imbalance,treatment_imbalance,synthetic,treated_fraction,0.5,neural_rep,10,2000,2000,0.4945,2.6019437313079834,0.5120018219875557,0.19765976984621392,0.38956216564544155,-0.19765976984621392,1.0102761104198241,0.8126163405736102,1.0015559838077843,0.019776938718859105,1.0213329225266434,0.3655145804388919,0.3916221336642584,0.45548786528251756,0.7444094729149517,0.4945,0.027591771242000646,0.9763142187154301,0.022,0.017,0.3785388031951866,0.11058039073535975,0.5904365694326016,0.2,0.034386486017649716,0.9738601279717383,
treatment_imbalance,treatment_imbalance,synthetic,treated_fraction,0.5,neural_rep,11,2000,2000,0.485,2.80816388130188,0.4586361857963683,0.042755436776726,0.34410949423050347,-0.042755436776725934,1.004209171295834,0.9614537345191081,1.011925415995667,0.016036704034767313,1.0279621200304343,0.3719874011792806,0.3872256384270701,0.4048476862846172,0.6238338183410614,0.485,0.030366338101620018,0.9695850252982309,0.018,0.012,0.36369732759483536,0.11056061217099941,0.5745972347548176,0.25,0.02335924492611696,0.9659980123959844,
treatment_imbalance,treatment_imbalance,synthetic,treated_fraction,0.5,neural_rep,12,2000,2000,0.4995,2.2146799564361572,0.5273611692822223,0.1392284485593207,0.39347382255814256,-0.13922844855932073,1.0076912717470716,0.8684628231877509,1.0085586276437417,0.00777372934407583,1.0163323569878175,0.4230077226929325,0.3423457212486736,0.429020615164143,0.7951379735089349,0.4995,0.02827685261611543,0.9885055248206732,0.031,0.036,0.421993421993422,0.10577004751833623,0.6983956475246054,0.2,0.040759956163083894,0.9790636568070907,
treatment_imbalance,treatment_imbalance,synthetic,treated_fraction,0.5,neural_rep,13,2000,2000,0.501,2.3861706256866455,0.4921866325050841,0.006764880654690497,0.3670928685013701,-0.006764880654690424,0.9934729095450703,0.9867080288903798,0.9650176218135624,0.006962785832203111,0.9719804076457655,0.48801845873732064,0.2993469029156058,0.3506602727923869,0.7199010443098638,0.501,0.029797982132540864,0.9680958843119472,0.009,0.01,0.33170132680530723,0.09860889392293262,0.5433266313618397,0.15,0.02854443844361873,0.9794365695399461,
treatment_imbalance,treatment_imbalance,synthetic,treated_fraction,0.5,neural_rep,14,2000,2000,0.504,3.0177485942840576,0.4731695766229461,0.03401815766458505,0.35373794037189055,-0.034018157664585096,0.9864716718243007,0.9524535141597157,0.8450019850397447,0.008629182045822414,0.8536311670855671,0.45501893122860043,0.30630176195098974,0.3473783217664936,0.6884933531866143,0.504,0.026168134819385156,0.9728339103810405,0.0285,0.0225,0.40890616999487966,0.11686818516322106,0.6312584881353379,0.15,0.02434791943468717,0.9664973002302226,
treatment_imbalance,treatment_imbalance,synthetic,treated_fraction,0.5,neural_rep,15,2000,2000,0.5215,2.5465803146362305,0.4650701217626518,0.11640552478835364,0.35034180586766445,-0.11640552478835368,0.9872567721697856,0.8708512473814319,1.0445132125921994,0.012052395676442673,1.056565608268642,0.3604515168055202,0.3337353058642887,0.41519100272246356,0.6719172222349236,0.5215,0.037102515922878956,0.9651806227952491,0.01,0.016,0.371492890354265,0.09627517763497498,0.6111511999687926,0.15,0.027938846745364655,0.9594469453739467,
treatment_imbalance,treatment_imbalance,synthetic,treated_fraction,0.5,neural_rep,16,2000,2000,0.4965,2.4534597396850586,0.5285292723716652,0.10321063704526479,0.4115095483597786,0.10321063704526486,1.003893844164219,1.1071044812094837,1.0075246180318564,0.013865048049352069,1.0213896660812085,0.6005409424217532,0.40722339821748077,0.40494798755184486,0.6533831761011285,0.4965,0.018099334507720503,0.9792576526507237,0.03,0.0315,0.40525785763502414,0.11553145485936378,0.7482541978535057,0.25,0.03181518901303306,0.9629198231247029,
treatment_imbalance,treatment_imbalance,synthetic,treated_fraction,0.5,neural_rep,17,2000,2000,0.4925,2.059929847717285,0.48449552741451185,0.15768824017772098,0.3621198532813753,-0.15768824017772087,0.9793423811024536,0.8216541409247327,0.8872198672425629,0.013814411997801535,0.9010342792403644,0.3400065586591979,0.3332296569560539,0.4293156982167261,0.7266259226018771,0.4925,0.026105301253780168,0.9739059966570436,0.0175,0.012,0.3656222650096272,0.09827040729878243,0.5912218839904231,0.15,0.02369437964679253,0.9690666264366539,
treatment_imbalance,treatment_imbalance,synthetic,treated_fraction,0.5,neural_rep,18,2000,2000,0.514,2.944544553756714,0.5233887867946463,0.0050280148393999635,0.40811120290251995,0.005028014839400088,0.9985727292068496,1.0036007440462495,1.0641727866043922,0.01529601014031945,1.0794687967447116,0.5561299134779171,0.39950221940871805,0.4351992220681716,0.66140942063392,0.514,0.030865142260502444,0.9682530219498647,0.017,0.0255,0.3949656530720085,0.10901040600335313,0.6484246353759319,0.2,0.04548582124628716,0.9568863136044911,
treatment_imbalance,treatment_imbalance,synthetic,treated_fraction,0.5,neural_rep,19,2000,2000,0.49,2.397104024887085,0.45744729646192733,0.08560938742830371,0.345499492487763,-0.08560938742830379,1.0013442425231096,0.9157348550948059,0.9241203645571012,0.007375493811218159,0.9314958583683194,0.33168485201349407,0.34178463865740094,0.43369457539395784,0.6496995853144565,0.49,0.028639032735851253,0.9603535998158355,0.011,0.0115,0.3667066826730692,0.10183948103512781,0.5686019813182949,0.2,0.02597494661414801,0.964467516427441,
treatment_imbalance,treatment_imbalance,synthetic,treated_fraction,0.5,neural_rep,20,2000,2000,0.4815,2.709763288497925,0.46033637250075116,0.12061152905211447,0.3504016252626787,-0.12061152905211472,0.9972729066129272,0.8766613775608127,1.02372414985116,0.010517426058678003,1.034241575909838,0.34690610196881017,0.34726592537608464,0.4071312164542689,0.6640369036932855,0.4815,0.045887744475715864,0.9605413717677646,0.0205,0.021,0.36713560864823946,0.10814924866513102,0.608090504467289,0.2,0.06087925632310017,0.9557405797190407,
treatment_imbalance,treatment_imbalance,synthetic,treated_fraction,0.5,neural_rep,21,2000,2000,0.485,2.1763064861297607,0.4895940294223606,0.08159711295351213,0.3648510706834387,-0.0815971129535121,0.9942709486025046,0.9126738356489925,0.9750762951073835,0.011168547464324496,0.986244842571708,0.41827106769626865,0.3323451382678852,0.4030472946830863,0.7148133713289521,0.485,0.023477663499994285,0.9779659564066838,0.024,0.014,0.36293664297868083,0.1018585086015494,0.6105872151172923,0.15,0.032872322840714174,0.9759708490075967,
treatment_imbalance,treatment_imbalance,synthetic,treated_fraction,0.5,neural_rep,22,2000,2000,0.4845,2.123605728149414,0.5102201927166267,0.10339786148756325,0.378160798799237,-0.10339786148756323,1.005694401834314,0.9022965403467507,1.0250069363987997,0.011601238555741356,1.036608174954541,0.3880289446163499,0.37467989514165007,0.4421580534592178,0.7448780774736802,0.4845,0.034219647218210955,0.9715700675033144,0.019,0.012,0.39171643949835794,0.11215321185551727,0.5721118836119686,0.15,0.03711008186248405,0.9579292297150516,
treatment_imbalance,treatment_imbalance,synthetic,treated_fraction,0.5,neural_rep,23,2000,2000,0.5095,2.2873332500457764,0.44778899480980977,0.07765081267442375,0.3477063770302956,-0.07765081267442384,0.9863786558371623,0.9087278431627386,0.9727892443237411,0.015868896701846325,0.9886581410255875,0.4164363562026131,0.33886346935350004,0.3731035320835368,0.6120506516688864,0.5095,0.03343433008754991,0.9807621761707214,0.0125,0.0145,0.35997595131842597,0.10462234707657854,0.5771773054928375,0.2,0.025464782350892595,0.9732012578498234,
treatment_imbalance,treatment_imbalance,synthetic,treated_fraction,0.5,neural_rep,24,2000,2000,0.4985,2.270709753036499,0.48708230922021084,0.09426125157155785,0.35513022657950305,-0.0942612515715578,0.9987093506981598,0.904448099126602,0.9600391186826043,0.008231079082030912,0.9682701977646352,0.35068729675402044,0.29717476761832395,0.3906395340677017,0.7649202805723574,0.4985,0.02606832422755538,0.9746277408550127,0.025,0.0215,0.38979050811457305,0.11282957453595018,0.5910811456998403,0.25,0.03061599735796627,0.9782816224506061,
treatment_imbalance,treatment_imbalance,synthetic,treated_fraction,0.5,neural_rep,25,2000,2000,0.494,2.797635555267334,0.46604344186883245,0.02302066899736388,0.3538218434436335,-0.023020668997364022,0.9991239276584803,0.9761032586611165,0.953374632002294,0.013897164409460205,0.9672717964117542,0.4057476919071485,0.39936127498742263,0.43654507609335286,0.5950577601602065,0.494,0.03541556417481448,0.9655634999167437,0.0085,0.0085,0.3181378118449057,0.10049890231683926,0.600592811033575,0.15,0.03899025445080996,0.9756290023588512,
treatment_imbalance,treatment_imbalance,synthetic,treated_fraction,0.5,neural_rep,26,2000,2000,0.5015,2.8413074016571045,0.5373866513119134,0.16723421028000418,0.3977476148794379,-0.167234210280004,1.0171306539049356,0.8498964436249314,1.0072157123076897,0.017940944991006624,1.0251566572986963,0.4364236054709767,0.36385933483019317,0.4618335292624938,0.7867580722982891,0.5015,0.02970454911521404,0.9676002971135022,0.0275,0.023,0.3818444365999294,0.10436878847557915,0.6772436761102943,0.15,0.033894051748721864,0.9581517856447924,
treatment_imbalance,treatment_imbalance,synthetic,treated_fraction,0.5,neural_rep,27,2000,2000,0.5025,2.8245480060577393,0.5123130273093763,0.03251627107369148,0.3984110106040581,-0.032516271073691566,0.9959384935616975,0.963422222488006,0.9485728817233713,0.014050339791362498,0.9626232215147338,0.45928054085289566,0.39726303915534544,0.45416761532254835,0.6890818467430054,0.5025,0.018838961581934238,0.9719022664894751,0.0185,0.014,0.35241381034525865,0.1148452780017188,0.6144849196634338,0.25,0.017249130780206557,0.9643938427362861,
treatment_imbalance,treatment_imbalance,synthetic,treated_fraction,0.5,neural_rep,28,2000,2000,0.5155,1.8900988101959229,0.5361913000902904,0.023502903277185627,0.41043002334595835,0.023502903277185513,0.9766359953808899,1.0001388986580755,0.839839203712656,0.008148458540031656,0.8479876622526876,0.6390474615087168,0.30324379921827427,0.2611142304863161,0.7625518605200136,0.5155,0.054322568352990576,0.9714135389687693,0.007,0.008,0.33972147233491384,0.09347980992333009,0.5192338131723825,0.15,0.04987510113925712,0.9689901252091718,
treatment_imbalance,treatment_imbalance,synthetic,treated_fraction,0.5,neural_rep,29,2000,2000,0.499,2.9139840602874756,0.5253119342693273,0.15347899509135865,0.38441307316059115,-0.15347899509135857,0.9856623929546574,0.8321833978632988,0.8666940581292072,0.021467702256497634,0.8881617603857048,0.3556681562328906,0.3819488766672176,0.457397350218857,0.788805042713625,0.499,0.012072386528027395,0.9788842501699636,0.0265,0.021,0.3819295277181109,0.11317612905105323,0.6367503934939059,0.25,0.027173964070335486,0.9682146497692586,
treatment_imbalance,treatment_imbalance,synthetic,treated_fraction,0.25,s_learner,0,2000,2000,0.247,2.0151803493499756,0.5955105615868541,0.3667827020961417,0.44409285113168284,-0.3667827020961417,0.988634815670337,0.6218521135741952,0.9692739173208083,0.005367332455333607,0.9746412497761419,0.23019369372482293,0.3324044715682945,0.48887328615991577,1.007994224475464,0.247,0.007676085637586193,0.8724039045953162,0.1935,0.0,0.3633643563398229,0.11721737912236241,0.6095138029681287,0.3,0.00830925166248445,0.8714167552915396,
treatment_imbalance,treatment_imbalance,synthetic,treated_fraction,0.25,s_learner,1,2000,2000,0.2585,2.1215498447418213,0.6887610680516354,0.48207717235444547,0.520029138791081,-0.4820771723544455,0.9947717733296532,0.5126946009752077,1.0546078741143645,0.009291376667491802,1.0638992507818563,0.23901796531076508,0.3835459792257855,0.575489008672591,1.1671086198079388,0.2585,0.015601700059162314,0.855766272749191,0.1605,0.0,0.35615505712060996,0.09882759774961405,0.540169156966987,0.15,0.01342655627743356,0.8656000846868334,
treatment_imbalance,treatment_imbalance,synthetic,treated_fraction,0.25,s_learner,2,2000,2000,0.264,1.9324219226837158,0.532886194250049,0.3462828641214818,0.39467743752968115,-0.3462828641214819,0.9804604494287746,0.6341775853072928,0.9350734513160944,0.002573003182784084,0.9376464544988785,0.1873776682672421,0.2587956062931806,0.4174119069476896,0.9271205572230472,0.264,0.005495570408167527,0.9382609019051216,0.2155,0.002,0.3797348484848485,0.11770383827915369,0.6220951728755048,0.2,0.010647474444223407,0.8841230581137303,
treatment_imbalance,treatment_imbalance,synthetic,treated_fraction,0.25,s_learner,3,2000,2000,0.261,1.9174883365631104,0.6341826863808409,0.47148456979661235,0.5018501635756267,-0.4714845697966124,1.0087926713972664,0.537308101600654,0.8929210991128764,0.009597316914439324,0.9025184160273158,0.30253041551446785,0.4864549264118049,0.5313816107942977,0.9991102315504862,0.261,0.011383579394509177,0.8712998230529329,0.177,0.0,0.3707920509749636,0.10972742711844441,0.6130772123918963,0.15,0.007757703126997202,0.8638417975530128,
treatment_imbalance,treatment_imbalance,synthetic,treated_fraction,0.25,s_learner,4,2000,2000,0.241,1.8624989986419678,0.6929370402790486,0.5373015459100707,0.5606648367066809,-0.5373015459100706,0.9903193784566898,0.45301783254661915,0.9149052856313439,0.007430298053205275,0.9223355836845492,0.25851218468073206,0.459783411166144,0.580167094424853,1.1427264654751788,0.241,0.004038062657624902,0.9334360499220279,0.2115,0.001,0.3916651632689879,0.1158707762771621,0.5905750833971293,0.2,0.0046761931597566414,0.9193722252316605,
treatment_imbalance,treatment_imbalance,synthetic,treated_fraction,0.25,s_learner,5,2000,2000,0.25,1.8548672199249268,0.5738955877617733,0.42038778258985743,0.45258388253073145,-0.4203877825898575,0.9664879542782492,0.5461001716883918,0.9758694192803146,0.004398990917215961,0.9802684101975305,0.2145671312037611,0.41860977796462356,0.4680745629775611,0.9365135269191186,0.25,0.0023515172695018926,0.8928848657753,0.244,0.0,0.414,0.12448441729455273,0.6269412414330784,0.25,0.0076609763848174426,0.7864455805500425,
treatment_imbalance,treatment_imbalance,synthetic,treated_fraction,0.25,s_learner,6,2000,2000,0.2515,1.8934962749481201,0.5364399758843449,0.3549580556291777,0.40400329887308284,-0.3549580556291777,1.003619649399195,0.6486615937700172,1.0269523086680319,0.008981169362678232,1.0359334780307101,0.23449119155578402,0.33863872962671604,0.4479336531193446,0.8836088077819829,0.2515,0.010261920294554165,0.8883642991486893,0.1785,0.0,0.3522180211981285,0.10721743827948457,0.572013174066926,0.2,0.007211604243077523,0.8541976925318047,
treatment_imbalance,treatment_imbalance,synthetic,treated_fraction,0.25,s_learner,7,2000,2000,0.253,1.8882434368133545,0.6214969069740879,0.44891977179783005,0.4800012035028443,-0.4489197717978301,0.9985860310672204,0.5496662592693904,0.9908228604963704,0.011428004035947681,1.002250864532318,0.26267623346257957,0.4247329191150761,0.49156218258586165,1.0266466704561774,0.253,0.009580141604873665,0.8782452370217938,0.186,0.0,0.3727426173733141,0.11543796983965797,0.5450860949766734,0.25,0.008156682194352931,0.8831733195947208,
treatment_imbalance,treatment_imbalance,synthetic,treated_fraction,0.25,s_learner,8,2000,2000,0.26,1.8704144954681396,0.6608671231495725,0.40082435167270825,0.4874522129338218,-0.4008243516727082,1.0063284488837538,0.6055040972110456,1.0384477121780582,0.003512784787549794,1.041960496965608,0.22954054891755032,0.24134847480751548,0.5185856689611221,1.1692358067981112,0.26,0.009788858143715799,0.8772901300985394,0.1645,0.0,0.3567047817047817,0.1076863130594736,0.5320185946756109,0.15,0.00789938071867933,0.8828770641387084,
treatment_imbalance,treatment_imbalance,synthetic,treated_fraction,0.25,s_learner,9,2000,2000,0.251,1.8082737922668457,0.6201878396544337,0.4508846081895612,0.47354559510068883,-0.4508846081895613,1.000148146210073,0.5492635380205118,0.9053837671558912,0.0018869328492187032,0.9072707000051099,0.21072965150292355,0.37970894965795926,0.4988371951484182,1.0493366505009243,0.251,0.01238291151515844,0.8885271151393115,0.175,0.0,0.352286448332172,0.10675103238494921,0.5475588710171377,0.15,0.009878332084039482,0.8824606855516397,
treatment_imbalance,treatment_imbalance,synthetic,treated_fraction,0.25,s_learner,10,2000,2000,0.242,1.8247709274291992,0.6518305818465769,0.4934270993540699,0.5146576013466868,-0.49342709935406986,1.0102761104198241,0.5168490110657542,1.0173841592533168,0.003948763273326605,1.0213329225266434,0.22884040470060305,0.4238057776323743,0.5494384375000725,1.0796622458626355,0.242,0.005124307105427106,0.9423876998504647,0.2525,0.0005,0.4101812076146449,0.12233232134554602,0.6298864706349572,0.25,0.009472945445573668,0.9091341656421658,
treatment_imbalance,treatment_imbalance,synthetic,treated_fraction,0.25,s_learner,11,2000,2000,0.239,1.8333516120910645,0.47382341397425776,0.26278181661558053,0.3501340721191569,-0.2627818166155805,1.004209171295834,0.7414273546802536,1.0227051440746637,0.005256975955770571,1.0279621200304343,0.21721191378341337,0.36318163806471193,0.4296106742430419,0.7310179624198724,0.239,0.008743588178069141,0.8717487896030242,0.191,0.0,0.3605803858609295,0.1128293655877874,0.5723280375981251,0.25,0.006382304294291562,0.8841208095764866,
treatment_imbalance,treatment_imbalance,synthetic,treated_fraction,0.25,s_learner,12,2000,2000,0.2565,1.8111059665679932,0.6151414579731087,0.4196027431673143,0.4534425677415802,-0.4196027431673141,1.0076912717470716,0.5880885285797574,1.0082461211029659,0.008086235884851689,1.0163323569878175,0.24902743906529298,0.35700974852653605,0.4773504341525115,1.0470253054884286,0.2565,0.009947241172566611,0.9337254338612172,0.206,0.0015,0.38486375094876846,0.10845195242813661,0.679019731891791,0.2,0.011282693135232993,0.9262465610241732,
treatment_imbalance,treatment_imbalance,synthetic,treated_fraction,0.25,s_learner,13,2000,2000,0.243,1.8164184093475342,0.6052887123842707,0.4551386075821394,0.48333915265007193,-0.45513860758213937,0.9934729095450703,0.5383343019629309,0.9697392864737904,0.002241121171975169,0.9719804076457655,0.21525497394594023,0.3642307631016867,0.5076339686906255,1.0143010906986811,0.243,0.007282439017003263,0.925323352560604,0.209,0.0005,0.3504139689373801,0.110392710574622,0.5696521374941117,0.25,0.007829233102884296,0.9274905652169695,
treatment_imbalance,treatment_imbalance,synthetic,treated_fraction,0.25,s_learner,14,2000,2000,0.2395,1.814054012298584,0.5827152075562455,0.37292127088556204,0.4323187340357701,-0.3729212708855622,0.9864716718243007,0.6135504009387387,0.8372986812617644,0.016332485823802645,0.8536311670855671,0.29991561935042615,0.4770883585642352,0.45110044156786194,0.9149720014725515,0.2395,0.004162117508735503,0.9155797316792759,0.27,0.0015,0.41569591481266444,0.11842940433394074,0.6956007581500545,0.2,0.006657331817976288,0.8856801048976073,
treatment_imbalance,treatment_imbalance,synthetic,treated_fraction,0.25,s_learner,15,2000,2000,0.2435,1.8871805667877197,0.4610508287161002,0.27912083101808494,0.3584869366347396,-0.27912083101808505,0.9872567721697856,0.7081359411517006,1.0531165670852176,0.003449041183424484,1.056565608268642,0.22748643033931837,0.2702858416045809,0.40684403862617136,0.7482946496622407,0.2435,0.012908097928047698,0.8217893823219911,0.177,0.0,0.35442455597009354,0.10365432902765045,0.5436218918924437,0.15,0.007659664793664004,0.864015364514899,
treatment_imbalance,treatment_imbalance,synthetic,treated_fraction,0.25,s_learner,16,2000,2000,0.268,1.8620572090148926,0.6386208529886144,0.4153318347733578,0.46532263803707713,-0.4153318347733579,1.003893844164219,0.5885620093908611,1.0125504622712584,0.00883920380995007,1.0213896660812085,0.24910108610644602,0.39035728690167626,0.4516051940667441,1.101348701203625,0.268,0.008599310571518519,0.8789442149320168,0.181,0.0,0.375948128211402,0.11473709860958418,0.6402270349458286,0.3,0.008747716016776642,0.8745925818162762,
treatment_imbalance,treatment_imbalance,synthetic,treated_fraction,0.25,s_learner,17,2000,2000,0.245,1.8847649097442627,0.5990402930382505,0.4229803036539116,0.4627892681178862,-0.4229803036539115,0.9793423811024536,0.556362077448542,0.8927960183624973,0.008238260877867054,0.9010342792403644,0.2424334513813835,0.3588306239921465,0.5203121217927167,0.9885034100020547,0.245,0.009014398096888662,0.8830513170779104,0.175,0.0,0.3604946614407352,0.10108650710616388,0.5860726585025996,0.3,0.006475486058355403,0.8937660628990804,
treatment_imbalance,treatment_imbalance,synthetic,treated_fraction,0.25,s_learner,18,2000,2000,0.2625,1.8665273189544678,0.6086273578819907,0.4523125090115655,0.47428472687560563,-0.4523125090115655,0.9985727292068496,0.5462602201952841,1.0543296255737862,0.025139171170925456,1.0794687967447116,0.2972343129242452,0.42574431080259606,0.4799076836622883,0.9908537749089029,0.2625,0.012824689709641308,0.8641055301097117,0.17,0.0,0.35786924939467313,0.11004359492978281,0.6028225176472929,0.15,0.012635872441923079,0.856331232115838,
treatment_imbalance,treatment_imbalance,synthetic,treated_fraction,0.25,s_learner,19,2000,2000,0.235,1.8715591430664062,0.5335757342957818,0.32148192132692877,0.37833638985590234,-0.32148192132692893,1.0013442425231096,0.6798623211961808,0.9252967845466846,0.00619907382163476,0.9314958583683194,0.1998517110221043,0.34807323568612575,0.42874568290670356,0.8910071338134857,0.235,0.006291935363717205,0.8759986464774006,0.2285,0.0,0.35089695452649144,0.10466636821567102,0.5855461728044553,0.2,0.007110817737396532,0.8793651039973216,
treatment_imbalance,treatment_imbalance,synthetic,treated_fraction,0.25,s_learner,20,2000,2000,0.2405,1.8871917724609375,0.7378741963146012,0.5764045149496334,0.6049392254785829,-0.5764045149496336,0.9972729066129272,0.4208683916632938,1.0155817956787603,0.018659780231077727,1.034241575909838,0.2858535288240094,0.5297934428185113,0.6391736815774952,1.1861268866068737,0.2405,0.012713125368592778,0.8838921882199936,0.231,0.0,0.3836573191411901,0.11470309448050671,0.6380331071432239,0.25,0.01711143452969602,0.8529240034790861,
treatment_imbalance,treatment_imbalance,synthetic,treated_fraction,0.25,s_learner,21,2000,2000,0.257,1.8455069065093994,0.5742272340352591,0.37295174877276893,0.4292586228678977,-0.37295174877276904,0.9942709486025046,0.6213191998297357,0.9771676750514395,0.009077167520268437,0.986244842571708,0.24365924795166935,0.33569801303504304,0.4276835040443062,0.9818205032140406,0.257,0.0072088731829381076,0.944440612831002,0.2065,0.001,0.3785054804635744,0.11491399749959605,0.6408097705844218,0.2,0.009045540243451595,0.9160206316721978,
treatment_imbalance,treatment_imbalance,synthetic,treated_fraction,0.25,s_learner,22,2000,2000,0.2465,1.885990858078003,0.5651103291174354,0.3547859952648891,0.41596230487853664,-0.35478599526488896,1.005694401834314,0.6509084065694248,1.0312298308128838,0.005378344141657276,1.036608174954541,0.21432580741538493,0.3441378706965296,0.4751009364085197,0.9419720859732597,0.2465,0.011603996251089875,0.8580846958984714,0.198,0.0,0.38742124312370535,0.113651041341289,0.5771913295844541,0.25,0.010244188601155162,0.8594492845509364,
treatment_imbalance,treatment_imbalance,synthetic,treated_fraction,0.25,s_learner,23,2000,2000,0.253,1.927626609802246,0.5840205105390067,0.411531945130305,0.45554157096053516,-0.41153194513030505,0.9863786558371623,0.5748467107068573,0.9844216714636461,0.004236469561941347,0.9886581410255875,0.21219771065270007,0.36371461695596846,0.4791961537513704,0.9784552530173197,0.253,0.013341756978113942,0.8595232994067643,0.1665,0.0,0.3437729838987042,0.11152785039491,0.49617412058351285,0.2,0.006968506104846208,0.9069996397438209,
treatment_imbalance,treatment_imbalance,synthetic,treated_fraction,0.25,s_learner,24,2000,2000,0.245,1.8945152759552002,0.4837774246602975,0.27698459318089386,0.34837666896443314,-0.27698459318089386,0.9987093506981598,0.721724757517266,0.9592251006551137,0.009045097109521505,0.9682701977646352,0.22954898526084583,0.3559053143048604,0.3979225760090248,0.7736011120476856,0.245,0.007436213401257463,0.9035747531229344,0.2135,0.0005,0.41578591701581297,0.12317524388535006,0.5496597271136858,0.3,0.008410440464011727,0.9236455109783657,
treatment_imbalance,treatment_imbalance,synthetic,treated_fraction,0.25,s_learner,25,2000,2000,0.247,1.8878471851348877,0.6230331790301773,0.443064110140978,0.4873104196627951,-0.4430641101409781,0.9991239276584803,0.5560598175175023,0.9601413377423532,0.007130458669400985,0.9672717964117542,0.2044280200961408,0.36812707586921417,0.5495714447934155,1.0360232798393227,0.247,0.011016791056620907,0.8590211626587413,0.1825,0.0,0.3509927899737084,0.10955906634691348,0.6399286727384331,0.2,0.010778444282538826,0.9149002794957223,
treatment_imbalance,treatment_imbalance,synthetic,treated_fraction,0.25,s_learner,26,2000,2000,0.252,1.8597280979156494,0.671287561795644,0.47310558013039095,0.5088451620477515,-0.4731055801303907,1.0171306539049356,0.5440250737745447,1.0207924046712302,0.004364252627466092,1.0251566572986963,0.21092846718425382,0.4078750673638206,0.5474059167565121,1.136662586672221,0.252,0.012834722132048644,0.8499706420014328,0.1845,0.0,0.36694677871148457,0.10751844263702444,0.5956793573962511,0.2,0.009333838735329853,0.8601167285736672,
treatment_imbalance,treatment_imbalance,synthetic,treated_fraction,0.25,s_learner,27,2000,2000,0.2465,1.8270301818847656,0.6008737872752199,0.3879333809872413,0.4480351732212047,-0.3879333809872412,0.9959384935616975,0.6080051125744562,0.9551561769496061,0.007467044565127701,0.9626232215147338,0.22947418026802843,0.27816491764233564,0.4835483446723888,1.0393960315903688,0.2465,0.0038591468877884937,0.8949060578404754,0.216,0.0,0.3690377965707025,0.1156124430086091,0.5842335378156805,0.2,0.00469154303821725,0.8791370897453722,
treatment_imbalance,treatment_imbalance,synthetic,treated_fraction,0.25,s_learner,28,2000,2000,0.2415,1.8864154815673828,0.6659030060174637,0.44290885925628476,0.5122891064513821,-0.44290885925628487,0.9766359953808899,0.5337271361246051,0.8397012923902896,0.008286369862398058,0.8479876622526876,0.2981162047633696,0.3791163751063491,0.5540540487113671,1.1109135283102036,0.2415,0.012550612093885789,0.8868422624255275,0.184,0.0,0.34004812265681833,0.09611803605415084,0.5403919203121411,0.2,0.013901372365952357,0.8935237976254122,
treatment_imbalance,treatment_imbalance,synthetic,treated_fraction,0.25,s_learner,29,2000,2000,0.252,1.9965972900390625,0.6392434249800952,0.4550060692088026,0.4857617923164415,-0.45500606920880254,0.9856623929546574,0.5306563237458548,0.8820832555944083,0.006078504791296568,0.8881617603857048,0.17606992139544175,0.3564920279015051,0.5138801576880568,1.1010761217454965,0.252,0.006800329900555142,0.8970156627582971,0.194,0.0,0.3540658687717511,0.10685919117041831,0.6089582176451072,0.15,0.007445713361967975,0.8910732545146276,
treatment_imbalance,treatment_imbalance,synthetic,treated_fraction,0.25,t_learner,0,2000,2000,0.247,1.8546836376190186,0.9575600474349831,0.10849399080624178,0.7529546994837056,-0.10849399080624184,0.988634815670337,0.8801408248640952,0.8311814393481091,0.1434598104280328,0.9746412497761419,0.8980349743814691,0.9334809264300341,0.917016991223296,1.0718728284463235,0.247,0.007676085637586193,0.8724039045953162,0.1935,0.0,0.3633643563398229,0.11721737912236241,0.6095138029681287,0.3,0.00830925166248445,0.8714167552915396,
treatment_imbalance,treatment_imbalance,synthetic,treated_fraction,0.25,t_learner,1,2000,2000,0.2585,1.8430297374725342,1.0427022844936413,0.25446768734960634,0.8127426630394897,-0.2544676873496063,0.9947717733296532,0.7403040859800468,0.886259875325617,0.1776393754562393,1.0638992507818563,0.9916478176750815,0.9855021426352875,0.9465207126846062,1.2241041170478781,0.2585,0.015601700059162314,0.855766272749191,0.1605,0.0,0.35615505712060996,0.09882759774961405,0.540169156966987,0.15,0.01342655627743356,0.8656000846868334,
treatment_imbalance,treatment_imbalance,synthetic,treated_fraction,0.25,t_learner,2,2000,2000,0.264,1.8568389415740967,0.9451210007109924,0.03566875539461489,0.7435542564115597,-0.035668755394615045,0.9804604494287746,0.9447916940341597,0.8150898816355526,0.12255657286332589,0.9376464544988785,0.889428990431078,0.8672565968241698,0.896031660254301,1.107666084164097,0.264,0.005495570408167527,0.9382609019051216,0.2155,0.002,0.3797348484848485,0.11770383827915369,0.6220951728755048,0.2,0.010647474444223407,0.8841230581137303,
treatment_imbalance,treatment_imbalance,synthetic,treated_fraction,0.25,t_learner,3,2000,2000,0.261,1.8690671920776367,0.994905722384768,0.2406797468902533,0.7968428585928886,-0.2406797468902533,1.0087926713972664,0.7681129245070131,0.7499779622369221,0.1525404537903936,0.9025184160273158,1.0136374515710709,1.0220099157520157,0.928073961196302,1.0129477563834652,0.261,0.011383579394509177,0.8712998230529329,0.177,0.0,0.3707920509749636,0.10972742711844441,0.6130772123918963,0.15,0.007757703126997202,0.8638417975530128,
treatment_imbalance,treatment_imbalance,synthetic,treated_fraction,0.25,t_learner,4,2000,2000,0.241,1.8916733264923096,1.0050112790664392,0.22809173991355303,0.7857414433018165,-0.22809173991355294,0.9903193784566898,0.7622276385431368,0.7525331314543092,0.16980245223023993,0.9223355836845492,0.909622752436452,0.9712634936410296,0.9309573015801406,1.1843744597920955,0.241,0.004038062657624902,0.9334360499220279,0.2115,0.001,0.3916651632689879,0.1158707762771621,0.5905750833971293,0.2,0.0046761931597566414,0.9193722252316605,
treatment_imbalance,treatment_imbalance,synthetic,treated_fraction,0.25,t_learner,5,2000,2000,0.25,1.8934147357940674,0.9986439206728001,0.10496446784089764,0.7972588932723305,-0.10496446784089773,0.9664879542782492,0.8615234864373515,0.8235765943282614,0.15669181586926917,0.9802684101975305,0.8779578263381089,0.9437023907717932,1.039651187254308,1.1166467583130038,0.25,0.0023515172695018926,0.8928848657753,0.244,0.0,0.414,0.12448441729455273,0.6269412414330784,0.25,0.0076609763848174426,0.7864455805500425,
treatment_imbalance,treatment_imbalance,synthetic,treated_fraction,0.25,t_learner,6,2000,2000,0.2515,1.863459587097168,0.9443708782949308,0.09024817186327827,0.7442847808552698,-0.09024817186327842,1.003619649399195,0.9133714775359166,0.9035881753295378,0.13234530270117228,1.0359334780307101,0.8820647088781425,0.9489813183344893,0.8539785761067659,1.0767833214907578,0.2515,0.010261920294554165,0.8883642991486893,0.1785,0.0,0.3522180211981285,0.10721743827948457,0.572013174066926,0.2,0.007211604243077523,0.8541976925318047,
treatment_imbalance,treatment_imbalance,synthetic,treated_fraction,0.25,t_learner,7,2000,2000,0.253,1.9337470531463623,1.0004408972825223,0.23044000551131105,0.7843516587400554,-0.23044000551131108,0.9985860310672204,0.7681460255559094,0.8463359633183883,0.1559149012139297,1.002250864532318,0.947282475088066,0.9227978906317968,0.9392936520370901,1.1714757174185015,0.253,0.009580141604873665,0.8782452370217938,0.186,0.0,0.3727426173733141,0.11543796983965797,0.5450860949766734,0.25,0.008156682194352931,0.8831733195947208,
treatment_imbalance,treatment_imbalance,synthetic,treated_fraction,0.25,t_learner,8,2000,2000,0.26,1.8624274730682373,0.9854904993832465,0.014580422124128467,0.7777704421268635,-0.014580422124128514,1.0063284488837538,0.9917480267596254,0.922005220229639,0.11995527673596895,1.041960496965608,0.9717623520056147,0.9723877946750021,0.9055594492678929,1.0839133218720924,0.26,0.009788858143715799,0.8772901300985394,0.1645,0.0,0.3567047817047817,0.1076863130594736,0.5320185946756109,0.15,0.00789938071867933,0.8828770641387084,
treatment_imbalance,treatment_imbalance,synthetic,treated_fraction,0.25,t_learner,9,2000,2000,0.251,1.8783700466156006,0.9116412768383259,0.0345753208230708,0.7182003314637635,-0.03457532082307095,1.000148146210073,0.9655728253870022,0.8160908116060729,0.09117988839903701,0.9072707000051099,0.8356551878550632,0.8946194073600593,0.8752972708205656,1.0293446853320694,0.251,0.01238291151515844,0.8885271151393115,0.175,0.0,0.352286448332172,0.10675103238494921,0.5475588710171377,0.15,0.009878332084039482,0.8824606855516397,
treatment_imbalance,treatment_imbalance,synthetic,treated_fraction,0.25,t_learner,10,2000,2000,0.242,1.8095438480377197,1.030831106530184,0.1905009765835184,0.8123620999565685,-0.19050097658351833,1.0102761104198241,0.8197751338363057,0.8479244388798663,0.17340848364677708,1.0213329225266434,0.8937491690197639,1.010475940384332,1.0358156177213456,1.165198645564954,0.242,0.005124307105427106,0.9423876998504647,0.2525,0.0005,0.4101812076146449,0.12233232134554602,0.6298864706349572,0.25,0.009472945445573668,0.9091341656421658,
treatment_imbalance,treatment_imbalance,synthetic,treated_fraction,0.25,t_learner,11,2000,2000,0.239,1.9581689834594727,0.9722985821832885,0.04374810987594824,0.7673385493070466,-0.04374810987594817,1.004209171295834,0.9604610614198859,0.9128613207211072,0.11510079930932715,1.0279621200304343,0.9571659030714228,0.9055093081123484,1.0186858975563444,1.0038045131905518,0.239,0.008743588178069141,0.8717487896030242,0.191,0.0,0.3605803858609295,0.1128293655877874,0.5723280375981251,0.25,0.006382304294291562,0.8841208095764866,
treatment_imbalance,treatment_imbalance,synthetic,treated_fraction,0.25,t_learner,12,2000,2000,0.2565,1.9987897872924805,0.8869855335704367,0.026695864069476105,0.7115938544939715,-0.026695864069476005,1.0076912717470716,0.9809954076775955,0.909512247716819,0.1068201092709985,1.0163323569878175,0.8565035667414785,0.8326696784133111,0.8883175699753975,0.9648461477023851,0.2565,0.009947241172566611,0.9337254338612172,0.206,0.0015,0.38486375094876846,0.10845195242813661,0.679019731891791,0.2,0.011282693135232993,0.9262465610241732,
treatment_imbalance,treatment_imbalance,synthetic,treated_fraction,0.25,t_learner,13,2000,2000,0.243,1.8732843399047852,0.9921872695422486,0.08103209973118464,0.7741239337949309,-0.08103209973118455,0.9934729095450703,0.9124408098138856,0.8384480672444832,0.13353234040128237,0.9719804076457655,0.9809379387737329,0.8900264832493321,0.9052819999359046,1.1678272266684082,0.243,0.007282439017003263,0.925323352560604,0.209,0.0005,0.3504139689373801,0.110392710574622,0.5696521374941117,0.25,0.007829233102884296,0.9274905652169695,
treatment_imbalance,treatment_imbalance,synthetic,treated_fraction,0.25,t_learner,14,2000,2000,0.2395,1.885230302810669,1.0619684578999298,0.04539581217936728,0.8254723879078941,-0.04539581217936734,0.9864716718243007,0.9410758596449335,0.7227407778773965,0.13089038920817053,0.8536311670855671,0.9728836176984812,0.9404627849237104,1.1041379631208526,1.2087243677862247,0.2395,0.004162117508735503,0.9155797316792759,0.27,0.0015,0.41569591481266444,0.11842940433394074,0.6956007581500545,0.2,0.006657331817976288,0.8856801048976073,
treatment_imbalance,treatment_imbalance,synthetic,treated_fraction,0.25,t_learner,15,2000,2000,0.2435,1.8653061389923096,0.9366848721408617,0.10302672028841287,0.7314109910562677,-0.10302672028841288,0.9872567721697856,0.8842300518813727,0.9271435619493296,0.12942204631931253,1.056565608268642,0.8352782684228697,0.9436092762423147,0.9343118274714503,1.023956715846464,0.2435,0.012908097928047698,0.8217893823219911,0.177,0.0,0.35442455597009354,0.10365432902765045,0.5436218918924437,0.15,0.007659664793664004,0.864015364514899,
treatment_imbalance,treatment_imbalance,synthetic,treated_fraction,0.25,t_learner,16,2000,2000,0.268,1.8783543109893799,0.9865337462582175,0.22554419807559012,0.7802543770998185,-0.2255441980755902,1.003893844164219,0.7783496460886288,0.8817682740486619,0.13962139203254664,1.0213896660812085,0.9580387429814824,0.8993570459548362,0.8631828538617808,1.1921532458798982,0.268,0.008599310571518519,0.8789442149320168,0.181,0.0,0.375948128211402,0.11473709860958418,0.6402270349458286,0.3,0.008747716016776642,0.8745925818162762,
treatment_imbalance,treatment_imbalance,synthetic,treated_fraction,0.25,t_learner,17,2000,2000,0.245,1.9067797660827637,0.9256618191625109,0.1432713193485441,0.7317073507757468,-0.14327131934854412,0.9793423811024536,0.8360710617539096,0.7622270762434696,0.13880720299689475,0.9010342792403644,0.8817056475764327,0.8760184458434457,0.9170411234446069,1.0205986602510837,0.245,0.009014398096888662,0.8830513170779104,0.175,0.0,0.3604946614407352,0.10108650710616388,0.5860726585025996,0.3,0.006475486058355403,0.8937660628990804,
treatment_imbalance,treatment_imbalance,synthetic,treated_fraction,0.25,t_learner,18,2000,2000,0.2625,1.8946483135223389,0.9447247268563685,0.1371310215717565,0.7437697022741795,-0.1371310215717565,0.9985727292068496,0.8614417076350931,0.9552172527047672,0.12425154403994443,1.0794687967447116,0.9689281970062358,0.9039940405825208,0.8499732319498521,1.044766800171989,0.2625,0.012824689709641308,0.8641055301097117,0.17,0.0,0.35786924939467313,0.11004359492978281,0.6028225176472929,0.15,0.012635872441923079,0.856331232115838,
treatment_imbalance,treatment_imbalance,synthetic,treated_fraction,0.25,t_learner,19,2000,2000,0.235,1.902177333831787,0.9800984844341869,0.09658263779053955,0.7702023327400214,-0.09658263779053965,1.0013442425231096,0.9047616047325701,0.8052666044975234,0.12622925387079598,0.9314958583683194,0.9632825883903362,0.9437279301211645,0.9565766876763925,1.0529945138356884,0.235,0.006291935363717205,0.8759986464774006,0.2285,0.0,0.35089695452649144,0.10466636821567102,0.5855461728044553,0.2,0.007110817737396532,0.8793651039973216,
treatment_imbalance,treatment_imbalance,synthetic,treated_fraction,0.25,t_learner,20,2000,2000,0.2405,1.8870105743408203,1.0410958742237246,0.264894588202753,0.8274818782907203,-0.2648945882027532,0.9972729066129272,0.7323783184101742,0.8589887738783261,0.17525280203151195,1.034241575909838,1.020865450903714,0.9974078938015242,0.9917017032286467,1.146761280149278,0.2405,0.012713125368592778,0.8838921882199936,0.231,0.0,0.3836573191411901,0.11470309448050671,0.6380331071432239,0.25,0.01711143452969602,0.8529240034790861,
treatment_imbalance,treatment_imbalance,synthetic,treated_fraction,0.25,t_learner,21,2000,2000,0.257,1.8634395599365234,0.9871406871288327,0.1736309418760721,0.7785751175568218,-0.17363094187607206,0.9942709486025046,0.8206400067264326,0.8197989752531077,0.16644586731860023,0.986244842571708,0.834103587257411,1.001015797168845,0.996399988341823,1.0987322638003723,0.257,0.0072088731829381076,0.944440612831002,0.2065,0.001,0.3785054804635744,0.11491399749959605,0.6408097705844218,0.2,0.009045540243451595,0.9160206316721978,
treatment_imbalance,treatment_imbalance,synthetic,treated_fraction,0.25,t_learner,22,2000,2000,0.2465,1.8467552661895752,0.9719580653675737,0.0742189018524193,0.7694766715235563,-0.07421890185241935,1.005694401834314,0.9314754999818946,0.9119949262735425,0.12461324868099855,1.036608174954541,0.92416108399818,0.8997959446168571,0.8937207967120612,1.1473302095434565,0.2465,0.011603996251089875,0.8580846958984714,0.198,0.0,0.38742124312370535,0.113651041341289,0.5771913295844541,0.25,0.010244188601155162,0.8594492845509364,
treatment_imbalance,treatment_imbalance,synthetic,treated_fraction,0.25,t_learner,23,2000,2000,0.253,1.8717999458312988,1.089712171138072,0.2163098218611733,0.848878328372955,-0.21630982186117342,0.9863786558371623,0.770068833975989,0.7898500355912506,0.1988081054343369,0.9886581410255875,1.0100636630502366,1.0109248898018164,1.0144374870621993,1.2956115591925905,0.253,0.013341756978113942,0.8595232994067643,0.1665,0.0,0.3437729838987042,0.11152785039491,0.49617412058351285,0.2,0.006968506104846208,0.9069996397438209,
treatment_imbalance,treatment_imbalance,synthetic,treated_fraction,0.25,t_learner,24,2000,2000,0.245,1.9490084648132324,0.9618647164231171,0.07085863234103507,0.7526271285360151,0.07085863234103493,0.9987093506981598,1.0695679830391949,0.8615362943217788,0.10673390344285638,0.9682701977646352,0.8671014983335473,0.973357435227994,0.8862235428609038,1.1027479574916748,0.245,0.007436213401257463,0.9035747531229344,0.2135,0.0005,0.41578591701581297,0.12317524388535006,0.5496597271136858,0.3,0.008410440464011727,0.9236455109783657,
treatment_imbalance,treatment_imbalance,synthetic,treated_fraction,0.25,t_learner,25,2000,2000,0.247,1.880810260772705,1.0432249932848703,0.1581840248039934,0.8264699918141745,-0.15818402480399346,0.9991239276584803,0.8409399028544869,0.8084458919779028,0.15882590443385136,0.9672717964117542,0.9802645453613761,0.9545386636599644,1.0598658846310842,1.1652876098790994,0.247,0.011016791056620907,0.8590211626587413,0.1825,0.0,0.3509927899737084,0.10955906634691348,0.6399286727384331,0.2,0.010778444282538826,0.9149002794957223,
treatment_imbalance,treatment_imbalance,synthetic,treated_fraction,0.25,t_learner,26,2000,2000,0.252,1.8471109867095947,1.0691203091797294,0.24135514293267923,0.826570818782661,-0.24135514293267915,1.0171306539049356,0.7757755109722564,0.8380905221302443,0.18706613516845205,1.0251566572986963,0.8970459743056107,0.97319668763339,1.0352570592355879,1.3223133102508722,0.252,0.012834722132048644,0.8499706420014328,0.1845,0.0,0.36694677871148457,0.10751844263702444,0.5956793573962511,0.2,0.009333838735329853,0.8601167285736672,
treatment_imbalance,treatment_imbalance,synthetic,treated_fraction,0.25,t_learner,27,2000,2000,0.2465,1.9092800617218018,1.0244740422310625,0.17677116388864722,0.8046724464822318,-0.17677116388864722,0.9959384935616975,0.8191673296730503,0.7903238020201638,0.17229941949456995,0.9626232215147338,0.958121573528901,0.9755737056877009,0.9430553734453884,1.1996223616397206,0.2465,0.0038591468877884937,0.8949060578404754,0.216,0.0,0.3690377965707025,0.1156124430086091,0.5842335378156805,0.2,0.00469154303821725,0.8791370897453722,
treatment_imbalance,treatment_imbalance,synthetic,treated_fraction,0.25,t_learner,28,2000,2000,0.2415,1.8561298847198486,1.0401322620478723,0.15942360843715608,0.8275771052579508,-0.15942360843715597,0.9766359953808899,0.8172123869437338,0.6736118354036056,0.17437582684908204,0.8479876622526876,0.9500966016030311,0.9446170993067982,1.0488179403165172,1.1968694171049297,0.2415,0.012550612093885789,0.8868422624255275,0.184,0.0,0.34004812265681833,0.09611803605415084,0.5403919203121411,0.2,0.013901372365952357,0.8935237976254122,
treatment_imbalance,treatment_imbalance,synthetic,treated_fraction,0.25,t_learner,29,2000,2000,0.252,1.8862407207489014,1.002313384889297,0.17188058808455886,0.779118360831216,-0.1718805880845589,0.9856623929546574,0.8137818048700985,0.7409635994788359,0.14719816090686888,0.8881617603857048,0.9239675770632985,0.9570454933033155,0.9625999484434882,1.1499033288294913,0.252,0.006800329900555142,0.8970156627582971,0.194,0.0,0.3540658687717511,0.10685919117041831,0.6089582176451072,0.15,0.007445713361967975,0.8910732545146276,
treatment_imbalance,treatment_imbalance,synthetic,treated_fraction,0.25,x_learner,0,2000,2000,0.247,3.851773738861084,0.5701238287398657,0.003607964166760791,0.44220409068413574,-0.0036079641667608876,0.988634815670337,0.9850268515035762,0.9421316466316737,0.03250960314446816,0.9746412497761419,0.5366028190353838,0.48635129431994395,0.5375859025229967,0.6976288059657115,0.247,0.007676085637586193,0.8724039045953162,0.1935,0.0,0.3633643563398229,0.11721737912236241,0.6095138029681287,0.3,0.00830925166248445,0.8714167552915396,
treatment_imbalance,treatment_imbalance,synthetic,treated_fraction,0.25,x_learner,1,2000,2000,0.2585,3.648876905441284,0.5920207337116505,0.1951750467500587,0.45110220536376006,-0.19517504675005856,0.9947717733296532,0.7995967265795945,1.013609824791481,0.050289425990375225,1.0638992507818563,0.4844366688815038,0.4693416497462882,0.5358917019118339,0.8122892403918612,0.2585,0.015601700059162314,0.855766272749191,0.1605,0.0,0.35615505712060996,0.09882759774961405,0.540169156966987,0.15,0.01342655627743356,0.8656000846868334,
treatment_imbalance,treatment_imbalance,synthetic,treated_fraction,0.25,x_learner,2,2000,2000,0.264,3.670867443084717,0.4715542280523506,0.016187143201671583,0.3607791162265561,-0.01618714320167168,0.9804604494287746,0.964273306227103,0.924636136693417,0.013010317805461469,0.9376464544988785,0.4393412249683829,0.3699449458192494,0.4301818045646319,0.6119781042682682,0.264,0.005495570408167527,0.9382609019051216,0.2155,0.002,0.3797348484848485,0.11770383827915369,0.6220951728755048,0.2,0.010647474444223407,0.8841230581137303,
treatment_imbalance,treatment_imbalance,synthetic,treated_fraction,0.25,x_learner,3,2000,2000,0.261,3.6791582107543945,0.5774073299140765,0.12603061674513383,0.44359227973798804,-0.12603061674513397,1.0087926713972664,0.8827620546521325,0.8375524206549114,0.06496599537240433,0.9025184160273158,0.4978750106139289,0.5178749573289527,0.5921671827206232,0.6832722214757808,0.261,0.011383579394509177,0.8712998230529329,0.177,0.0,0.3707920509749636,0.10972742711844441,0.6130772123918963,0.15,0.007757703126997202,0.8638417975530128,
treatment_imbalance,treatment_imbalance,synthetic,treated_fraction,0.25,x_learner,4,2000,2000,0.241,3.6735947132110596,0.5742991059623527,0.1619188832354056,0.4459013316081198,-0.16191888323540546,0.9903193784566898,0.8284004952212842,0.8640695035213188,0.058266080163230316,0.9223355836845492,0.47323086901385714,0.5397447205579471,0.5460136310942093,0.7112490058609292,0.241,0.004038062657624902,0.9334360499220279,0.2115,0.001,0.3916651632689879,0.1158707762771621,0.5905750833971293,0.2,0.0046761931597566414,0.9193722252316605,
treatment_imbalance,treatment_imbalance,synthetic,treated_fraction,0.25,x_learner,5,2000,2000,0.25,3.633251667022705,0.5464251901140112,0.0069032359931411325,0.4260034657650152,-0.006903235993141267,0.9664879542782492,0.959584718285108,0.9485398113625693,0.031728598834961264,0.9802684101975305,0.44241459107733844,0.48201533489521275,0.5660259256739621,0.6677328444499303,0.25,0.0023515172695018926,0.8928848657753,0.244,0.0,0.414,0.12448441729455273,0.6269412414330784,0.25,0.0076609763848174426,0.7864455805500425,
treatment_imbalance,treatment_imbalance,synthetic,treated_fraction,0.25,x_learner,6,2000,2000,0.2515,3.6838302612304688,0.5196073369423228,0.03453137559020214,0.39134074052922635,-0.03453137559020221,1.003619649399195,0.9690882738089928,0.9984705753288735,0.03746290270183661,1.0359334780307101,0.433334609404449,0.4027590437570524,0.5014135637275244,0.6917787547268509,0.2515,0.010261920294554165,0.8883642991486893,0.1785,0.0,0.3522180211981285,0.10721743827948457,0.572013174066926,0.2,0.007211604243077523,0.8541976925318047,
treatment_imbalance,treatment_imbalance,synthetic,treated_fraction,0.25,x_learner,7,2000,2000,0.253,3.715142250061035,0.6451058929813837,0.12274397006012072,0.4954975598713788,-0.12274397006012078,0.9985860310672204,0.8758420610070997,0.938176420217112,0.06407444431520604,1.002250864532318,0.5534593659764644,0.5382338221007588,0.6348069106105448,0.8158760456332006,0.253,0.009580141604873665,0.8782452370217938,0.186,0.0,0.3727426173733141,0.11543796983965797,0.5450860949766734,0.25,0.008156682194352931,0.8831733195947208,
treatment_imbalance,treatment_imbalance,synthetic,treated_fraction,0.25,x_learner,8,2000,2000,0.26,3.8388445377349854,0.580210191778365,0.03213332474529662,0.4431405526664686,-0.0321333247452966,1.0063284488837538,0.9741951241384572,1.019668575746992,0.022291921218615895,1.041960496965608,0.5464408064322234,0.49590428773988265,0.4956387266571244,0.7459216458037355,0.26,0.009788858143715799,0.8772901300985394,0.1645,0.0,0.3567047817047817,0.1076863130594736,0.5320185946756109,0.15,0.00789938071867933,0.8828770641387084,
treatment_imbalance,treatment_imbalance,synthetic,treated_fraction,0.25,x_learner,9,2000,2000,0.251,3.883821487426758,0.5341032984453488,0.08618963126489176,0.40296221674279725,-0.08618963126489183,1.000148146210073,0.9139585149451812,0.8848556913474238,0.022415008657686086,0.9072707000051099,0.4444481397621815,0.4401167587358991,0.46809158003898027,0.728504424200127,0.251,0.01238291151515844,0.8885271151393115,0.175,0.0,0.352286448332172,0.10675103238494921,0.5475588710171377,0.15,0.009878332084039482,0.8824606855516397,
treatment_imbalance,treatment_imbalance,synthetic,treated_fraction,0.25,x_learner,10,2000,2000,0.242,3.89509916305542,0.5896100930986615,0.1212812938864779,0.4476169056059709,-0.12128129388647788,1.0102761104198241,0.8889948165333462,0.967599669330516,0.05373325319612743,1.0213329225266434,0.4798559298759341,0.5273455934753486,0.5655196970349432,0.749928417521159,0.242,0.005124307105427106,0.9423876998504647,0.2525,0.0005,0.4101812076146449,0.12233232134554602,0.6298864706349572,0.25,0.009472945445573668,0.9091341656421658,
treatment_imbalance,treatment_imbalance,synthetic,treated_fraction,0.25,x_learner,11,2000,2000,0.239,3.880323648452759,0.5521522565808571,0.02963747019031726,0.42552026349201244,-0.02963747019031719,1.004209171295834,0.9745717011055168,0.9939902822059665,0.03397183782446778,1.0279621200304343,0.5220478670951785,0.47934296203769683,0.5913729737753342,0.6061871104566234,0.239,0.008743588178069141,0.8717487896030242,0.191,0.0,0.3605803858609295,0.1128293655877874,0.5723280375981251,0.25,0.006382304294291562,0.8841208095764866,
treatment_imbalance,treatment_imbalance,synthetic,treated_fraction,0.25,x_learner,12,2000,2000,0.2565,3.856843948364258,0.5494508619898121,0.06511543138158082,0.4091806534645315,-0.06511543138158087,1.0076912717470716,0.9425758403654908,0.9795830733423782,0.03674928364543939,1.0163323569878175,0.4295564611484517,0.4621847986753082,0.5412274254160346,0.718696272080219,0.2565,0.009947241172566611,0.9337254338612172,0.206,0.0015,0.38486375094876846,0.10845195242813661,0.679019731891791,0.2,0.011282693135232993,0.9262465610241732,
treatment_imbalance,treatment_imbalance,synthetic,treated_fraction,0.25,x_learner,13,2000,2000,0.243,3.74643611907959,0.5378209760719525,0.02101945132311578,0.4163145888441162,-0.021019451323115626,0.9934729095450703,0.9724534582219545,0.937306026278161,0.03467438136760459,0.9719804076457655,0.4630199070358388,0.5004052518098697,0.5005987421486235,0.6645401855574957,0.243,0.007282439017003263,0.925323352560604,0.209,0.0005,0.3504139689373801,0.110392710574622,0.5696521374941117,0.25,0.007829233102884296,0.9274905652169695,
treatment_imbalance,treatment_imbalance,synthetic,treated_fraction,0.25,x_learner,14,2000,2000,0.2395,3.857118844985962,0.5903629244711003,0.0581098588928447,0.4570949325975669,-0.058109858892844674,0.9864716718243007,0.928361812931456,0.8015073617385392,0.052123805347027874,0.8536311670855671,0.4714379113311558,0.507882680319762,0.5986522923940168,0.7453391455992365,0.2395,0.004162117508735503,0.9155797316792759,0.27,0.0015,0.41569591481266444,0.11842940433394074,0.6956007581500545,0.2,0.006657331817976288,0.8856801048976073,
treatment_imbalance,treatment_imbalance,synthetic,treated_fraction,0.25,x_learner,15,2000,2000,0.2435,3.768927812576294,0.5158877144006536,0.034424009680203316,0.3852979805248226,0.034424009680203226,0.9872567721697856,1.021680781849989,1.0310511986563238,0.025514409612318323,1.056565608268642,0.42009517053001416,0.44687592124482767,0.4932282011834467,0.6671644742823225,0.2435,0.012908097928047698,0.8217893823219911,0.177,0.0,0.35442455597009354,0.10365432902765045,0.5436218918924437,0.15,0.007659664793664004,0.864015364514899,
treatment_imbalance,treatment_imbalance,synthetic,treated_fraction,0.25,x_learner,16,2000,2000,0.268,3.732550859451294,0.6046537231344007,0.1085599905466762,0.45716269586455816,-0.10855999054667625,1.003893844164219,0.8953338536175427,0.9758449288058144,0.0455447372753941,1.0213896660812085,0.5056874988361032,0.5089024910686174,0.5386516125612808,0.8109114304234118,0.268,0.008599310571518519,0.8789442149320168,0.181,0.0,0.375948128211402,0.11473709860958418,0.6402270349458286,0.3,0.008747716016776642,0.8745925818162762,
treatment_imbalance,treatment_imbalance,synthetic,treated_fraction,0.25,x_learner,17,2000,2000,0.245,3.796801805496216,0.5378363364230272,0.07429298449977029,0.4149372889351445,-0.07429298449977034,0.9793423811024536,0.9050493966026834,0.8586777163529475,0.04235656288741685,0.9010342792403644,0.4841523847117895,0.46557857682019643,0.5054127196719679,0.6711652099785322,0.245,0.009014398096888662,0.8830513170779104,0.175,0.0,0.3604946614407352,0.10108650710616388,0.5860726585025996,0.3,0.006475486058355403,0.8937660628990804,
treatment_imbalance,treatment_imbalance,synthetic,treated_fraction,0.25,x_learner,18,2000,2000,0.2625,3.7418196201324463,0.5567967049759719,0.09695386220118607,0.4277240405624645,-0.09695386220118599,0.9985727292068496,0.9016188670056635,1.0378318531973063,0.041636943547405325,1.0794687967447116,0.5192570650955572,0.47463742905685985,0.499677190233589,0.70392073384388,0.2625,0.012824689709641308,0.8641055301097117,0.17,0.0,0.35786924939467313,0.11004359492978281,0.6028225176472929,0.15,0.012635872441923079,0.856331232115838,
treatment_imbalance,treatment_imbalance,synthetic,treated_fraction,0.25,x_learner,19,2000,2000,0.235,3.76081919670105,0.5256754237448977,0.006934479964276985,0.4098798428550091,-0.006934479964277077,1.0013442425231096,0.9944097625588326,0.8995167290178829,0.03197912935043645,0.9314958583683194,0.465131470054433,0.45141379889922617,0.546167592450049,0.6220272206288077,0.235,0.006291935363717205,0.8759986464774006,0.2285,0.0,0.35089695452649144,0.10466636821567102,0.5855461728044553,0.2,0.007110817737396532,0.8793651039973216,
treatment_imbalance,treatment_imbalance,synthetic,treated_fraction,0.25,x_learner,20,2000,2000,0.2405,3.671491861343384,0.6287966494502677,0.22477112120462905,0.4750697484669405,-0.22477112120462925,0.9972729066129272,0.7725017854082982,0.9531759393979733,0.08106563651186471,1.034241575909838,0.5166155417974785,0.5529411382023569,0.5742669816122093,0.8240890843387706,0.2405,0.012713125368592778,0.8838921882199936,0.231,0.0,0.3836573191411901,0.11470309448050671,0.6380331071432239,0.25,0.01711143452969602,0.8529240034790861,
treatment_imbalance,treatment_imbalance,synthetic,treated_fraction,0.25,x_learner,21,2000,2000,0.257,3.6874802112579346,0.5798741583952922,0.0670527361884029,0.4304790936281065,-0.06705273618840295,0.9942709486025046,0.9272182124141017,0.9255945384999281,0.06065030407177985,0.986244842571708,0.4813265965295149,0.5059104282989126,0.5556887214219633,0.7406791135132283,0.257,0.0072088731829381076,0.944440612831002,0.2065,0.001,0.3785054804635744,0.11491399749959605,0.6408097705844218,0.2,0.009045540243451595,0.9160206316721978,
treatment_imbalance,treatment_imbalance,synthetic,treated_fraction,0.25,x_learner,22,2000,2000,0.2465,3.756497621536255,0.5769052402537962,0.008264879970649619,0.44057063144086056,-0.008264879970649676,1.005694401834314,0.9974295218636643,1.0003504815127158,0.03625769344182528,1.036608174954541,0.546494754174317,0.5019561454703456,0.5587160313632111,0.6844695266492224,0.2465,0.011603996251089875,0.8580846958984714,0.198,0.0,0.38742124312370535,0.113651041341289,0.5771913295844541,0.25,0.010244188601155162,0.8594492845509364,
treatment_imbalance,treatment_imbalance,synthetic,treated_fraction,0.25,x_learner,23,2000,2000,0.253,3.6836092472076416,0.5402365062574477,0.10605727886647809,0.41733155913666914,-0.10605727886647824,0.9863786558371623,0.8803213769706842,0.9499350932914089,0.03872304773417856,0.9886581410255875,0.5170339734037064,0.49529008336237873,0.47404826249335646,0.655792481863971,0.253,0.013341756978113942,0.8595232994067643,0.1665,0.0,0.3437729838987042,0.11152785039491,0.49617412058351285,0.2,0.006968506104846208,0.9069996397438209,
treatment_imbalance,treatment_imbalance,synthetic,treated_fraction,0.25,x_learner,24,2000,2000,0.245,3.6451423168182373,0.5918743805258666,0.08219291049491739,0.4515537298843736,0.08219291049491753,0.9987093506981598,1.0809022611930772,0.9353952435726974,0.032874954191937755,0.9682701977646352,0.46501160353947,0.5170592796475529,0.6083396434151846,0.7399985928669077,0.245,0.007436213401257463,0.9035747531229344,0.2135,0.0005,0.41578591701581297,0.12317524388535006,0.5496597271136858,0.3,0.008410440464011727,0.9236455109783657,
treatment_imbalance,treatment_imbalance,synthetic,treated_fraction,0.25,x_learner,25,2000,2000,0.247,3.650678873062134,0.5259432108736551,0.019972770576615728,0.3969341051276967,-0.01997277057661568,0.9991239276584803,0.9791511570818646,0.9401176503036047,0.02715414610814948,0.9672717964117542,0.4808692073795456,0.44103005804206913,0.5065441828702351,0.651256729987693,0.247,0.011016791056620907,0.8590211626587413,0.1825,0.0,0.3509927899737084,0.10955906634691348,0.6399286727384331,0.2,0.010778444282538826,0.9149002794957223,
treatment_imbalance,treatment_imbalance,synthetic,treated_fraction,0.25,x_learner,26,2000,2000,0.252,3.6695809364318848,0.587877248562151,0.06525090981930393,0.44612127400130125,-0.0652509098193037,1.0171306539049356,0.9518797440856317,0.9946443760584228,0.030512281240273498,1.0251566572986963,0.46200401896627635,0.49468527487277414,0.5219822478035472,0.8073239348421628,0.252,0.012834722132048644,0.8499706420014328,0.1845,0.0,0.36694677871148457,0.10751844263702444,0.5956793573962511,0.2,0.009333838735329853,0.8601167285736672,
treatment_imbalance,treatment_imbalance,synthetic,treated_fraction,0.25,x_learner,27,2000,2000,0.2465,3.5801165103912354,0.5795949528064888,0.08925191462446636,0.44043032670329935,-0.08925191462446637,0.9959384935616975,0.9066865789372311,0.922506708287146,0.0401165132275878,0.9626232215147338,0.4792464346176744,0.4932034681682437,0.5440124725483311,0.7581852417977669,0.2465,0.0038591468877884937,0.8949060578404754,0.216,0.0,0.3690377965707025,0.1156124430086091,0.5842335378156805,0.2,0.00469154303821725,0.8791370897453722,
treatment_imbalance,treatment_imbalance,synthetic,treated_fraction,0.25,x_learner,28,2000,2000,0.2415,3.6644363403320312,0.5612211875206217,0.08805061805577508,0.4270786154300863,-0.08805061805577498,0.9766359953808899,0.8885853773251148,0.8166708479189513,0.03131681433373634,0.8479876622526876,0.4641127329347534,0.48168843569624725,0.5187116226968069,0.7371504322808263,0.2415,0.012550612093885789,0.8868422624255275,0.184,0.0,0.34004812265681833,0.09611803605415084,0.5403919203121411,0.2,0.013901372365952357,0.8935237976254122,
treatment_imbalance,treatment_imbalance,synthetic,treated_fraction,0.25,x_learner,29,2000,2000,0.252,3.673781156539917,0.5966010055052369,0.11121809310612818,0.44793369063440924,-0.11121809310612818,0.9856623929546574,0.8744442998485292,0.8440300496994958,0.044131710686209025,0.8881617603857048,0.48766322335376794,0.48442870844942987,0.5226264037207948,0.823471971734034,0.252,0.006800329900555142,0.8970156627582971,0.194,0.0,0.3540658687717511,0.10685919117041831,0.6089582176451072,0.15,0.007445713361967975,0.8910732545146276,
treatment_imbalance,treatment_imbalance,synthetic,treated_fraction,0.25,neural_rep,0,2000,2000,0.247,1.8476600646972656,0.5785551667540111,0.23908781820639702,0.4305676912334542,-0.23908781820639688,0.988634815670337,0.7495469974639399,0.953371963433824,0.02126928634231784,0.9746412497761419,0.40881966790012825,0.37428451729485435,0.4580516804978736,0.9065707700756221,0.247,0.007676085637586193,0.8724039045953162,0.1935,0.0,0.3633643563398229,0.11721737912236241,0.6095138029681287,0.3,0.00830925166248445,0.8714167552915396,
treatment_imbalance,treatment_imbalance,synthetic,treated_fraction,0.25,neural_rep,1,2000,2000,0.2585,2.4125125408172607,0.6080416588185104,0.22680920956796335,0.44559762312797785,-0.22680920956796327,0.9947717733296532,0.7679625637616898,1.0299886561482408,0.033910594633615565,1.0638992507818563,0.41947717952026836,0.4150973512179497,0.4747073880678353,0.9514434381624789,0.2585,0.015601700059162314,0.855766272749191,0.1605,0.0,0.35615505712060996,0.09882759774961405,0.540169156966987,0.15,0.01342655627743356,0.8656000846868334,
treatment_imbalance,treatment_imbalance,synthetic,treated_fraction,0.25,neural_rep,2,2000,2000,0.264,2.197349786758423,0.5768785755717676,0.09642224853454995,0.4358271235235733,-0.09642224853455003,0.9804604494287746,0.8840382008942247,0.9291274507657377,0.00851900373314085,0.9376464544988785,0.5995250433352258,0.2835033137928708,0.34422104391363667,0.8791262879838191,0.264,0.005495570408167527,0.9382609019051216,0.2155,0.002,0.3797348484848485,0.11770383827915369,0.6220951728755048,0.2,0.010647474444223407,0.8841230581137303,
treatment_imbalance,treatment_imbalance,synthetic,treated_fraction,0.25,neural_rep,3,2000,2000,0.261,2.034169912338257,0.5651706688939354,0.15508458011703152,0.41088174546692086,-0.15508458011703144,1.0087926713972664,0.8537080912802348,0.8758840808602629,0.026634335167052825,0.9025184160273158,0.351512236707509,0.4317027913001322,0.4990379412135599,0.8477644251618273,0.261,0.011383579394509177,0.8712998230529329,0.177,0.0,0.3707920509749636,0.10972742711844441,0.6130772123918963,0.15,0.007757703126997202,0.8638417975530128,
treatment_imbalance,treatment_imbalance,synthetic,treated_fraction,0.25,neural_rep,4,2000,2000,0.241,2.3178775310516357,0.5690592432858972,0.2628334175717927,0.43340640070459924,-0.26283341757179274,0.9903193784566898,0.7274859608848971,0.914460999776685,0.007874583907864108,0.9223355836845492,0.3829396813703661,0.25190593642291365,0.41630518467548333,0.9549367949323353,0.241,0.004038062657624902,0.9334360499220279,0.2115,0.001,0.3916651632689879,0.1158707762771621,0.5905750833971293,0.2,0.0046761931597566414,0.9193722252316605,
treatment_imbalance,treatment_imbalance,synthetic,treated_fraction,0.25,neural_rep,5,2000,2000,0.25,2.1789934635162354,0.517608189335999,0.06462998523825192,0.3907600958983455,-0.06462998523825195,0.9664879542782492,0.9018579690399973,0.968782315532626,0.011486094664904578,0.9802684101975305,0.46684438806861683,0.3448008672425966,0.383030966641772,0.7668956308011065,0.25,0.0023515172695018926,0.8928848657753,0.244,0.0,0.414,0.12448441729455273,0.6269412414330784,0.25,0.0076609763848174426,0.7864455805500425,
treatment_imbalance,treatment_imbalance,synthetic,treated_fraction,0.25,neural_rep,6,2000,2000,0.2515,2.3880162239074707,0.509590259263578,0.05361477876027554,0.3929873341862007,-0.053614778760275615,1.003619649399195,0.9500048706389194,1.0137908091286405,0.022142668902069618,1.0359334780307101,0.44503799306162056,0.3998472075077412,0.4420174589581035,0.6967157890427419,0.2515,0.010261920294554165,0.8883642991486893,0.1785,0.0,0.3522180211981285,0.10721743827948457,0.572013174066926,0.2,0.007211604243077523,0.8541976925318047,
treatment_imbalance,treatment_imbalance,synthetic,treated_fraction,0.25,neural_rep,7,2000,2000,0.253,2.0556933879852295,0.584133860471436,0.19583392404430622,0.42738006635115144,-0.19583392404430627,0.9985860310672204,0.8027521070229142,0.9764923548359284,0.025758509696389598,1.002250864532318,0.3625655019515446,0.3962449316715479,0.5265768338064368,0.8939253418572914,0.253,0.009580141604873665,0.8782452370217938,0.186,0.0,0.3727426173733141,0.11543796983965797,0.5450860949766734,0.25,0.008156682194352931,0.8831733195947208,
treatment_imbalance,treatment_imbalance,synthetic,treated_fraction,0.25,neural_rep,8,2000,2000,0.26,2.742666244506836,0.5067186166083714,0.07097743054720485,0.39579192427517185,0.07097743054720465,1.0063284488837538,1.0773058794309587,1.0321032503039418,0.009857246661666208,1.041960496965608,0.6435743742900718,0.36486460597729636,0.36035893732971286,0.5915085003774515,0.26,0.009788858143715799,0.8772901300985394,0.1645,0.0,0.3567047817047817,0.1076863130594736,0.5320185946756109,0.15,0.00789938071867933,0.8828770641387084,
treatment_imbalance,treatment_imbalance,synthetic,treated_fraction,0.25,neural_rep,9,2000,2000,0.251,2.4749205112457275,0.45149871394932656,0.08421970959480196,0.3254005853101852,-0.08421970959480207,1.000148146210073,0.915928436615271,0.9025668728053668,0.004703827199743049,0.9072707000051099,0.3664844045809723,0.26498524022869024,0.324438135832231,0.7110669831100046,0.251,0.01238291151515844,0.8885271151393115,0.175,0.0,0.352286448332172,0.10675103238494921,0.5475588710171377,0.15,0.009878332084039482,0.8824606855516397,
treatment_imbalance,treatment_imbalance,synthetic,treated_fraction,0.25,neural_rep,10,2000,2000,0.242,2.478705406188965,0.6158835149516506,0.2893600336148072,0.4688051429087948,-0.2893600336148071,1.0102761104198241,0.7209160768050169,0.9802434514199884,0.04108947110665506,1.0213329225266434,0.39459719177265157,0.4550834808945141,0.580151642950326,0.9043595351412553,0.242,0.005124307105427106,0.9423876998504647,0.2525,0.0005,0.4101812076146449,0.12233232134554602,0.6298864706349572,0.25,0.009472945445573668,0.9091341656421658,
treatment_imbalance,treatment_imbalance,synthetic,treated_fraction,0.25,neural_rep,11,2000,2000,0.239,2.9249002933502197,0.5594558382113641,0.1381344340692815,0.42647144560216466,-0.13813443406928144,1.004209171295834,0.8660747372265526,0.9959974811220541,0.031964638908380194,1.0279621200304343,0.43786529292566284,0.4747196562095793,0.5148150160981733,0.7548801706856129,0.239,0.008743588178069141,0.8717487896030242,0.191,0.0,0.3605803858609295,0.1128293655877874,0.5723280375981251,0.25,0.006382304294291562,0.8841208095764866,
treatment_imbalance,treatment_imbalance,synthetic,treated_fraction,0.25,neural_rep,12,2000,2000,0.2565,2.2364535331726074,0.5932714681817438,0.2508038819422901,0.44110770277212824,-0.25080388194229003,1.0076912717470716,0.7568873898047815,1.0091292655225772,0.007203091465240341,1.0163323569878175,0.40967698062538666,0.27434053898123983,0.4649576034994147,0.9739612964586003,0.2565,0.009947241172566611,0.9337254338612172,0.206,0.0015,0.38486375094876846,0.10845195242813661,0.679019731891791,0.2,0.011282693135232993,0.9262465610241732,
treatment_imbalance,treatment_imbalance,synthetic,treated_fraction,0.25,neural_rep,13,2000,2000,0.243,2.344825029373169,0.607752067373976,0.21258619152024916,0.45957417636044884,-0.2125861915202492,0.9934729095450703,0.7808867180248211,0.9639560247369402,0.008024382908825345,0.9719804076457655,0.4295708958577716,0.3877438867426421,0.49927749248582054,0.9451432752826948,0.243,0.007282439017003263,0.925323352560604,0.209,0.0005,0.3504139689373801,0.110392710574622,0.5696521374941117,0.25,0.007829233102884296,0.9274905652169695,
treatment_imbalance,treatment_imbalance,synthetic,treated_fraction,0.25,neural_rep,14,2000,2000,0.2395,2.0596139430999756,0.5437471358207869,0.1061792964173971,0.4062874371073211,-0.10617929641739715,0.9864716718243007,0.8802923754069036,0.8447881613027964,0.008843005782770641,0.8536311670855671,0.49608057580125037,0.3129555991669403,0.3708453367372109,0.837305429539462,0.2395,0.004162117508735503,0.9155797316792759,0.27,0.0015,0.41569591481266444,0.11842940433394074,0.6956007581500545,0.2,0.006657331817976288,0.8856801048976073,
treatment_imbalance,treatment_imbalance,synthetic,treated_fraction,0.25,neural_rep,15,2000,2000,0.2435,2.4934298992156982,0.4578365708422099,0.12594759296014235,0.3392476687420578,-0.12594759296014227,0.9872567721697856,0.8613091792096432,1.046545797713613,0.010019810555029096,1.056565608268642,0.3338809954932643,0.33097343028319925,0.40193151932383375,0.6751951017826251,0.2435,0.012908097928047698,0.8217893823219911,0.177,0.0,0.35442455597009354,0.10365432902765045,0.5436218918924437,0.15,0.007659664793664004,0.864015364514899,
treatment_imbalance,treatment_imbalance,synthetic,treated_fraction,0.25,neural_rep,16,2000,2000,0.268,2.7822651863098145,0.5481716304135061,0.17283461305081838,0.4097149089516204,-0.17283461305081843,1.003893844164219,0.8310592311134005,1.0042467138542188,0.017142952226989694,1.0213896660812085,0.3765564453156096,0.40590021827675377,0.47636805432914087,0.8176137710860985,0.268,0.008599310571518519,0.8789442149320168,0.181,0.0,0.375948128211402,0.11473709860958418,0.6402270349458286,0.3,0.008747716016776642,0.8745925818162762,
treatment_imbalance,treatment_imbalance,synthetic,treated_fraction,0.25,neural_rep,17,2000,2000,0.245,1.6963915824890137,0.6303905405839888,0.30444049252974903,0.4846841830786958,-0.30444049252974903,0.9793423811024536,0.6749018885727046,0.872720588778734,0.028313690461630348,0.9010342792403644,0.4291052380719164,0.38948105405261263,0.5201998514029291,0.9915312664887452,0.245,0.009014398096888662,0.8830513170779104,0.175,0.0,0.3604946614407352,0.10108650710616388,0.5860726585025996,0.3,0.006475486058355403,0.8937660628990804,
treatment_imbalance,treatment_imbalance,synthetic,treated_fraction,0.25,neural_rep,18,2000,2000,0.2625,2.1384057998657227,0.5558838454776908,0.1661407824867377,0.4096153636312463,-0.16614078248673753,0.9985727292068496,0.8324319467201119,1.0707349611419057,0.00873383560280594,1.0794687967447116,0.4104856754534277,0.2947421643760787,0.44820838383240275,0.8830431530231432,0.2625,0.012824689709641308,0.8641055301097117,0.17,0.0,0.35786924939467313,0.11004359492978281,0.6028225176472929,0.15,0.012635872441923079,0.856331232115838,
treatment_imbalance,treatment_imbalance,synthetic,treated_fraction,0.25,neural_rep,19,2000,2000,0.235,2.3484268188476562,0.5348024198202361,0.08860966070204312,0.4020826634193725,-0.08860966070204321,1.0013442425231096,0.9127345818210665,0.924899498287007,0.006596360081312369,0.9314958583683194,0.3845775169773656,0.3511478450612602,0.4833391815977589,0.7995205268528672,0.235,0.006291935363717205,0.8759986464774006,0.2285,0.0,0.35089695452649144,0.10466636821567102,0.5855461728044553,0.2,0.007110817737396532,0.8793651039973216,
treatment_imbalance,treatment_imbalance,synthetic,treated_fraction,0.25,neural_rep,20,2000,2000,0.2405,2.2548205852508545,0.5652315177757116,0.23751469969611427,0.4226489105694634,-0.23751469969611444,0.9972729066129272,0.759758206916813,1.0231083455588048,0.011133230351033196,1.034241575909838,0.40427153722394216,0.29811883811154527,0.4439681915378338,0.9102354652530171,0.2405,0.012713125368592778,0.8838921882199936,0.231,0.0,0.3836573191411901,0.11470309448050671,0.6380331071432239,0.25,0.01711143452969602,0.8529240034790861,
treatment_imbalance,treatment_imbalance,synthetic,treated_fraction,0.25,neural_rep,21,2000,2000,0.257,2.0455543994903564,0.5670251481749495,0.18511259114671497,0.42640406484915344,-0.18511259114671497,0.9942709486025046,0.8091583574557897,0.977020832949409,0.009224009622298968,0.986244842571708,0.44774858895608977,0.2839635082882,0.4482552049720993,0.8966734483161656,0.257,0.0072088731829381076,0.944440612831002,0.2065,0.001,0.3785054804635744,0.11491399749959605,0.6408097705844218,0.2,0.009045540243451595,0.9160206316721978,
treatment_imbalance,treatment_imbalance,synthetic,treated_fraction,0.25,neural_rep,22,2000,2000,0.2465,2.0179193019866943,0.606881060209699,0.046019346650278514,0.4665160267672211,-0.04601934665027859,1.005694401834314,0.9596750551840354,1.0231227149211786,0.013485460033362484,1.036608174954541,0.6776362072110067,0.38589793451512633,0.41464420176891265,0.8325746967798477,0.2465,0.011603996251089875,0.8580846958984714,0.198,0.0,0.38742124312370535,0.113651041341289,0.5771913295844541,0.25,0.010244188601155162,0.8594492845509364,
treatment_imbalance,treatment_imbalance,synthetic,treated_fraction,0.25,neural_rep,23,2000,2000,0.253,2.173356056213379,0.49359402083592613,0.18165411726342018,0.379926056727082,-0.18165411726342023,0.9863786558371623,0.8047245385737422,0.9753443853754458,0.013313755650141701,0.9886581410255875,0.3900672344486672,0.343159182816538,0.42417528128797866,0.7243651622092446,0.253,0.013341756978113942,0.8595232994067643,0.1665,0.0,0.3437729838987042,0.11152785039491,0.49617412058351285,0.2,0.006968506104846208,0.9069996397438209,
treatment_imbalance,treatment_imbalance,synthetic,treated_fraction,0.25,neural_rep,24,2000,2000,0.245,2.0204899311065674,0.5039457835426233,0.006099336374453368,0.3781140684702856,0.006099336374453301,0.9987093506981598,1.0048086870726132,0.9601806509846852,0.008089546779949996,0.9682701977646352,0.48365996697073255,0.3454099037489873,0.3687118405204793,0.7257148368357507,0.245,0.007436213401257463,0.9035747531229344,0.2135,0.0005,0.41578591701581297,0.12317524388535006,0.5496597271136858,0.3,0.008410440464011727,0.9236455109783657,
treatment_imbalance,treatment_imbalance,synthetic,treated_fraction,0.25,neural_rep,25,2000,2000,0.247,2.7416787147521973,0.49117595003788567,0.02279185004438311,0.3646261348323759,-0.022791850044383097,0.9991239276584803,0.9763320776140972,0.9547996049563452,0.01247219145540901,0.9672717964117542,0.44437788040852416,0.4174185311919465,0.405754139078971,0.654728114123677,0.247,0.011016791056620907,0.8590211626587413,0.1825,0.0,0.3509927899737084,0.10955906634691348,0.6399286727384331,0.2,0.010778444282538826,0.9149002794957223,
treatment_imbalance,treatment_imbalance,synthetic,treated_fraction,0.25,neural_rep,26,2000,2000,0.252,2.5837130546569824,0.6161340790290998,0.17708518763198144,0.45071382344160665,-0.17708518763198122,1.0171306539049356,0.8400454662729542,1.0174184944293756,0.007738162869320719,1.0251566572986963,0.447754150921023,0.3515397519928743,0.4904460025480581,0.9766696243103706,0.252,0.012834722132048644,0.8499706420014328,0.1845,0.0,0.36694677871148457,0.10751844263702444,0.5956793573962511,0.2,0.009333838735329853,0.8601167285736672,
treatment_imbalance,treatment_imbalance,synthetic,treated_fraction,0.25,neural_rep,27,2000,2000,0.2465,2.6732633113861084,0.5902490636715853,0.26755720405009376,0.4510758386085724,-0.2675572040500938,0.9959384935616975,0.7283812895116037,0.9469900377753537,0.015633183739380052,0.9626232215147338,0.3476406812634275,0.3809801462876467,0.5367606630169129,0.9162226280570241,0.2465,0.0038591468877884937,0.8949060578404754,0.216,0.0,0.3690377965707025,0.1156124430086091,0.5842335378156805,0.2,0.00469154303821725,0.8791370897453722,
treatment_imbalance,treatment_imbalance,synthetic,treated_fraction,0.25,neural_rep,28,2000,2000,0.2415,2.4756460189819336,0.5589112031646156,0.20127813437525122,0.4161261143362675,-0.2012781343752511,0.9766359953808899,0.7753578610056386,0.8398801630492064,0.008107499203481194,0.8479876622526876,0.4153389746652838,0.2746144442142449,0.3928137819536421,0.9204915577841233,0.2415,0.012550612093885789,0.8868422624255275,0.184,0.0,0.34004812265681833,0.09611803605415084,0.5403919203121411,0.2,0.013901372365952357,0.8935237976254122,
treatment_imbalance,treatment_imbalance,synthetic,treated_fraction,0.25,neural_rep,29,2000,2000,0.252,2.7068257331848145,0.6067698870331772,0.23489545754604912,0.4532177860691293,-0.234895457546049,0.9856623929546574,0.7507669354086083,0.8511947342810212,0.03696702610468361,0.8881617603857048,0.4038718928565758,0.4368679993488112,0.5222890390841615,0.9197427837167169,0.252,0.006800329900555142,0.8970156627582971,0.194,0.0,0.3540658687717511,0.10685919117041831,0.6089582176451072,0.15,0.007445713361967975,0.8910732545146276,
treatment_imbalance,treatment_imbalance,synthetic,treated_fraction,0.1,s_learner,0,2000,2000,0.095,1.8136541843414307,0.786385672196186,0.6126765694521548,0.6521351809681162,-0.6126765694521548,0.988634815670337,0.3759582462181822,0.967340400209226,0.007300849566915901,0.9746412497761419,0.24919488993003153,0.4543741815051462,0.7753409529371939,1.266452572524736,0.095,0.0007182890487726693,0.6987810814647578,0.689,0.0,0.4543471939517302,0.15191159914747793,0.7603658648116849,0.5,0.0023948385261354007,0.6600560104191665,
treatment_imbalance,treatment_imbalance,synthetic,treated_fraction,0.1,s_learner,1,2000,2000,0.092,1.8213746547698975,0.8795916436182327,0.67810093521527,0.7154757768146159,-0.67810093521527,0.9947717733296532,0.31667083811438307,1.0548906820509933,0.009008568730862976,1.0638992507818563,0.25720745073141926,0.5264705026266012,0.7701496582188009,1.4691046522252587,0.092,0.00336111691809858,0.6381422932507997,0.6835,0.0,0.39580540126412567,0.13301268555211504,0.5949027146201571,0.3,0.00388398047082141,0.6485344000648833,
treatment_imbalance,treatment_imbalance,synthetic,treated_fraction,0.1,s_learner,2,2000,2000,0.11,1.8424632549285889,0.6684572352618873,0.476627353855536,0.5152034920299458,-0.47662735385553606,0.9804604494287746,0.5038330955732386,0.9331812604625606,0.004465194036317954,0.9376464544988785,0.21064333883580344,0.3328433624951848,0.5515543465384879,1.1523770147644259,0.11,0.0019355521567803432,0.7444774311854289,0.6075,0.0,0.3904494382022472,0.12389584418497898,0.596467352967145,0.2,0.00307390471690626,0.6861255313652606,
treatment_imbalance,treatment_imbalance,synthetic,treated_fraction,0.1,s_learner,3,2000,2000,0.1045,1.8811652660369873,0.8549994789877295,0.7054976283487744,0.727458401365619,-0.7054976283487745,1.0087926713972664,0.303295043048492,0.8588664394614041,0.04365197656591169,0.9025184160273158,0.33683649349224665,0.6072801117164061,0.7767456214613857,1.3559184040285308,0.1045,0.00231247356927956,0.6851842333489518,0.625,0.0,0.4243385988955944,0.13990568507761944,0.6536314454995417,0.4,0.0022349900159087982,0.6451006640577337,
treatment_imbalance,treatment_imbalance,synthetic,treated_fraction,0.1,s_learner,4,2000,2000,0.0935,1.8601479530334473,0.8262119419942623,0.622632861363782,0.6610288607625319,-0.622632861363782,0.9903193784566898,0.3676865170929078,0.908369365404898,0.013966218279651166,0.9223355836845492,0.2363921010243731,0.4591459664590692,0.7220489210534841,1.393719413669362,0.0935,0.0004609035895346401,0.8231868861263986,0.68,0.0,0.4096675525246954,0.1390924501912883,0.6169165942625832,0.4,0.0013442367384049652,0.7656389578900169,
treatment_imbalance,treatment_imbalance,synthetic,treated_fraction,0.1,s_learner,5,2000,2000,0.0935,1.9280309677124023,0.7616620669077734,0.5828738207252837,0.6134539996930221,-0.5828738207252836,0.9664879542782492,0.3836141335529654,0.9770324155150976,0.0032359946824329633,0.9802684101975305,0.24860826384313428,0.5213929275542779,0.6830338199923214,1.2330144215121188,0.0935,0.0012688373245176843,0.5586211511287793,0.675,0.0,0.39064569316670156,0.1260548220268922,0.629676634871974,0.3,0.0022069699348180186,0.5134047460535719,
treatment_imbalance,treatment_imbalance,synthetic,treated_fraction,0.1,s_learner,6,2000,2000,0.094,1.8532524108886719,0.6050655906758737,0.4184623621173693,0.46763937366171854,-0.41846236211736937,1.003619649399195,0.5851572872818256,1.029752076339992,0.006181401690718014,1.0359334780307101,0.26149671073392694,0.4251024336200966,0.4941245592178116,0.9854774412756426,0.094,0.0022713387376649755,0.6262174792195296,0.6615,0.0,0.4029167253769198,0.1375973174478438,0.5485537143524933,0.35,0.002076845503080005,0.6266591613050506,
treatment_imbalance,treatment_imbalance,synthetic,treated_fraction,0.1,s_learner,7,2000,2000,0.098,1.8056449890136719,0.7128200219108672,0.5386612436634763,0.5651767041524444,-0.5386612436634765,0.9985860310672204,0.45992478740374404,0.9911532786387863,0.011097585893531714,1.002250864532318,0.24848701232160378,0.41969803829276303,0.6010570903792797,1.1971999290066473,0.098,0.005067652796265301,0.5928104517404778,0.65,0.0,0.36760713154441377,0.12389866864744326,0.606024333726914,0.3,0.00235060853769078,0.6841327600452058,
treatment_imbalance,treatment_imbalance,synthetic,treated_fraction,0.1,s_learner,8,2000,2000,0.109,1.8519275188446045,0.763541362153622,0.5208986596010919,0.6028479761885983,-0.5208986596010919,1.0063284488837538,0.4854297892826619,1.0229138208871462,0.019046676078461777,1.041960496965608,0.29543491855485204,0.3621215782823615,0.6584456468843422,1.2961547548103483,0.109,0.0047916707259375805,0.6616737181705981,0.579,0.0,0.34336741523285863,0.10255940248606181,0.49690564697427403,0.15,0.002276038609224947,0.6835126407818236,
treatment_imbalance,treatment_imbalance,synthetic,treated_fraction,0.1,s_learner,9,2000,2000,0.0935,1.8195390701293945,0.7311783746049233,0.5508522299092077,0.570904810772288,-0.5508522299092077,1.000148146210073,0.4492959163008653,0.9012066681055273,0.0060640318995826,0.9072707000051099,0.24375566262084197,0.41816542528799133,0.5805905071742585,1.2518477459230875,0.0935,0.002402296363528321,0.693483823622094,0.6735,0.0,0.4122307399618324,0.1378312355241074,0.6755803185068423,0.4,0.0028502786976433553,0.6826422773801979,
treatment_imbalance,treatment_imbalance,synthetic,treated_fraction,0.1,s_learner,10,2000,2000,0.0985,1.8114314079284668,0.745969319235369,0.5455157945824542,0.5921603089396326,-0.545515794582454,1.0102761104198241,0.46476031583736993,1.0146736382207848,0.006659284305858604,1.0213329225266434,0.22749145968824352,0.39880464992774484,0.6672425082084741,1.252944860385526,0.0985,0.0012773164335213249,0.7309608047462609,0.6505,0.0,0.3783260274049737,0.14397411640924612,0.6444848655482354,0.45,0.0027325130964206057,0.7413713905670535,
treatment_imbalance,treatment_imbalance,synthetic,treated_fraction,0.1,s_learner,11,2000,2000,0.095,1.8101418018341064,0.5960764771638893,0.39040622640023914,0.4561678011120703,-0.3904062264002391,1.004209171295834,0.613802944895595,1.019462762523179,0.00849935750725539,1.0279621200304343,0.23896417089736335,0.35397108370230534,0.49329224613073236,0.997743465701329,0.095,0.0018690157123873823,0.6436487571250237,0.677,0.0,0.4009595812736261,0.1512738845710203,0.6204634695850825,0.45,0.0018369256837262556,0.6861208047742317,
treatment_imbalance,treatment_imbalance,synthetic,treated_fraction,0.1,s_learner,12,2000,2000,0.095,1.8100817203521729,0.7925803485624427,0.631049068673349,0.6565692562642504,-0.6310490686733489,1.0076912717470716,0.37664220307372265,1.0010062835451448,0.015326073442672783,1.0163323569878175,0.3028843687570583,0.5177888728474215,0.7103512133777365,1.2838579873491716,0.095,0.0018182861683567902,0.8229724774688834,0.6865,0.0,0.46106426286711255,0.1460123322877286,0.8109335637491476,0.35,0.0032587793590294054,0.7825200426443356,
treatment_imbalance,treatment_imbalance,synthetic,treated_fraction,0.1,s_learner,13,2000,2000,0.1055,1.809718132019043,0.6942076189121632,0.522174629949218,0.5468258760824855,-0.522174629949218,0.9934729095450703,0.47129827959585224,0.9675964449910934,0.004383962654672113,0.9719804076457655,0.1876020114564924,0.3834705139941114,0.5936950313684032,1.1802452849072609,0.1055,0.0022460198090549586,0.8207543984012908,0.6255,0.0,0.3819815142034391,0.1365864036054701,0.6489270488268953,0.4,0.0022557135267526436,0.7856272184657465,
treatment_imbalance,treatment_imbalance,synthetic,treated_fraction,0.1,s_learner,14,2000,2000,0.1005,1.8145639896392822,0.6502248430021372,0.5052561420728959,0.5259273647969813,-0.5052561420728959,0.9864716718243007,0.4812155297514048,0.8299644501540054,0.023666716931561638,0.8536311670855671,0.3239618315871555,0.5598089559623499,0.530635013429595,0.9956196727918891,0.1005,0.0018717735325747115,0.7357199727288374,0.657,0.0,0.4118291256336439,0.12734341301016877,0.6586652751473744,0.3,0.0019164606389563631,0.6894084516785315,
treatment_imbalance,treatment_imbalance,synthetic,treated_fraction,0.1,s_learner,15,2000,2000,0.0975,1.7976946830749512,0.6592403468594427,0.4098626411910623,0.5100632094173382,-0.40986264119106225,0.9872567721697856,0.5773941309787233,1.0542576941165838,0.0023079141520583324,1.056565608268642,0.26736050331769734,0.2779682800877758,0.5775090949972733,1.120770530231597,0.0975,0.00501754413603496,0.532702737596741,0.64,0.0,0.3475672988138362,0.10903848162182661,0.49434338571045966,0.3,0.0022065900160406233,0.6454386214283936,
treatment_imbalance,treatment_imbalance,synthetic,treated_fraction,0.1,s_learner,16,2000,2000,0.108,1.7760334014892578,0.7948276193314043,0.6076114602581593,0.6317493420768626,-0.6076114602581595,1.003893844164219,0.3962823839060596,1.0142872109457235,0.00710245513548502,1.0213896660812085,0.2827777891200048,0.48586477448131377,0.6480273421568212,1.3382961124220236,0.108,0.0023036429492549336,0.6999014453028618,0.6135,0.0,0.36545009134695233,0.1552532408941015,0.5454519533702707,0.55,0.0025220035681639114,0.6664540092069099,
treatment_imbalance,treatment_imbalance,synthetic,treated_fraction,0.1,s_learner,17,2000,2000,0.087,1.785999059677124,0.7823893257149435,0.5840750714292202,0.622617403239025,-0.5840750714292202,0.9793423811024536,0.3952673096732335,0.8930447623566542,0.00798951688371019,0.9010342792403644,0.26205467270053423,0.41143516815883685,0.6827852092492985,1.3207516938921762,0.087,0.0010684895780352973,0.7147265056230764,0.713,0.0,0.40817816721431177,0.1462858512214327,0.701792846597489,0.4,0.0018638693193863908,0.7067808677599663,
treatment_imbalance,treatment_imbalance,synthetic,treated_fraction,0.1,s_learner,18,2000,2000,0.1045,1.8572056293487549,0.7254418072722092,0.5828814180964583,0.6093462608551301,-0.5828814180964582,0.9985727292068496,0.4156913111103913,1.0605186816229746,0.018950115121737054,1.0794687967447116,0.3218579664320001,0.5182181688817948,0.6315888022564242,1.1549962020296123,0.1045,0.0045979935811166555,0.6689891408614271,0.61,0.0,0.3728771448951296,0.1091260062009034,0.5689799126342624,0.2,0.003653173745925322,0.6306827257190998,
treatment_imbalance,treatment_imbalance,synthetic,treated_fraction,0.1,s_learner,19,2000,2000,0.083,1.9356999397277832,0.6419578989495527,0.47213242444356773,0.5015905078544654,-0.47213242444356784,1.0013442425231096,0.5292118180795419,0.9226117106870727,0.008884147681246679,0.9314958583683194,0.26452731033491994,0.5089106239756973,0.5560313155950528,1.0051389113272704,0.083,0.0013996657405152683,0.7468936498164331,0.74,0.0,0.44265612066586957,0.15336866889264952,0.6672868439966402,0.45,0.0020476723272443275,0.6762150484150177,
treatment_imbalance,treatment_imbalance,synthetic,treated_fraction,0.1,s_learner,20,2000,2000,0.0975,1.8188626766204834,0.7451231389263469,0.5668797650894042,0.6081355405304462,-0.5668797650894044,0.9972729066129272,0.43039314152352304,1.0218106673544254,0.012430908555412623,1.034241575909838,0.22922339223985025,0.5093472004580666,0.6743077910973673,1.2058876553621332,0.0975,0.002557749630007886,0.6573218411647996,0.6675,0.0,0.424319909084452,0.13112698436859735,0.7049527908427742,0.25,0.004963102223961865,0.6242720751741762,
treatment_imbalance,treatment_imbalance,synthetic,treated_fraction,0.1,s_learner,21,2000,2000,0.098,1.8147780895233154,0.7031751109535094,0.49870668447208033,0.5513203623966225,-0.4987066844720804,0.9942709486025046,0.4955642641304243,0.9790767227269012,0.007168119844806808,0.986244842571708,0.2201254486360502,0.39379673035098944,0.6026909445309395,1.1878777269003624,0.098,0.0009464908601884061,0.838290077390014,0.6605,0.0,0.42481560251595096,0.1332400128117303,0.670038711916858,0.3,0.0026084253153925868,0.7575819010236416,
treatment_imbalance,treatment_imbalance,synthetic,treated_fraction,0.1,s_learner,22,2000,2000,0.093,1.7864320278167725,0.7050653775693211,0.4536029960374466,0.5406296151411839,-0.4536029960374466,1.005694401834314,0.5520914057968673,1.0262768361207244,0.01033133883381665,1.036608174954541,0.25719941870277135,0.3034367918714903,0.6141601291562081,1.2054255077359202,0.093,0.001500852967419116,0.6892795427477194,0.6845,0.0,0.42152434470249317,0.14314294340805805,0.8024733482645543,0.3,0.002956619637599997,0.636619911410083,
treatment_imbalance,treatment_imbalance,synthetic,treated_fraction,0.1,s_learner,23,2000,2000,0.102,1.8606750965118408,0.7508788507036533,0.5617094511341978,0.6090301829240037,-0.5617094511341979,0.9863786558371623,0.42466920470296454,0.9851287983844227,0.003529342641164779,0.9886581410255875,0.2167858858991244,0.4382704099358165,0.712957177064317,1.227962208236988,0.102,0.0033539184447760424,0.767781141102042,0.6325,0.0,0.3552229354993668,0.1306830625187616,0.5225343190162953,0.35,0.0020064866690360918,0.7364384406109432,
treatment_imbalance,treatment_imbalance,synthetic,treated_fraction,0.1,s_learner,24,2000,2000,0.098,1.8017573356628418,0.4707967477134009,0.21930666083681782,0.31592527922881847,-0.21930666083681782,0.9987093506981598,0.779402689861342,0.9640447824668654,0.0042254152977697634,0.9682701977646352,0.21375063474419273,0.24554579505055127,0.31558352991426014,0.8252413434604238,0.098,0.0013959134104341,0.7175651580844389,0.6745,0.0,0.4401330376940133,0.14513412843955542,0.6463350089703223,0.35,0.0024241785690450562,0.7760756144989274,
treatment_imbalance,treatment_imbalance,synthetic,treated_fraction,0.1,s_learner,25,2000,2000,0.102,1.8698887825012207,0.8804503430704139,0.6714704998006029,0.7050804090022468,-0.671470499800603,0.9991239276584803,0.3276534278578774,0.9405427659146833,0.02672903049707087,0.9672717964117542,0.2641792346912009,0.4834734317783109,0.7980371353250812,1.4698199651031587,0.102,0.0019199669825804332,0.7006859687467256,0.665,0.0,0.4203240316171012,0.13503839362437858,0.7712116341785826,0.3,0.003112008480987086,0.7549133816311429,
treatment_imbalance,treatment_imbalance,synthetic,treated_fraction,0.1,s_learner,26,2000,2000,0.0965,1.9203243255615234,0.800265939215849,0.5799379801721396,0.6181746146551449,-0.5799379801721393,1.0171306539049356,0.4371926737327961,1.018255083559119,0.006901573739577227,1.0251566572986963,0.2200521571544362,0.40929574198524693,0.6784200257653301,1.3731360479723391,0.0965,0.0024746343747838496,0.7269137360918676,0.6685,0.0,0.4008447287606344,0.14164511281840436,0.6683434296545662,0.35,0.0026921181330671726,0.6378996990655813,
treatment_imbalance,treatment_imbalance,synthetic,treated_fraction,0.1,s_learner,27,2000,2000,0.1105,1.8491790294647217,0.6765451957963556,0.4915899799419564,0.5168410553829549,-0.49158997994195647,0.9959384935616975,0.5043485136197411,0.9570688375455473,0.005554383969186505,0.9626232215147338,0.19594866299320815,0.3334292272213386,0.5496850720403226,1.1743632322677244,0.1105,0.001700934540616625,0.7164251252986886,0.5905,0.0,0.37035652242476963,0.12150636391418787,0.5641624203034299,0.3,0.0013486640944855735,0.675744643654041,
treatment_imbalance,treatment_imbalance,synthetic,treated_fraction,0.1,s_learner,28,2000,2000,0.0995,1.8436625003814697,0.6854674066839547,0.47600773728534806,0.5243669870631911,-0.47600773728534795,0.9766359953808899,0.5006282580955418,0.8422331351509215,0.00575452710176616,0.8479876622526876,0.20548074336054167,0.32543124212084346,0.5639331760159015,1.1888287539643405,0.0995,0.0036284755737639196,0.7012551160550405,0.637,0.0,0.35798369973130506,0.11784990938706767,0.5981251907074161,0.25,0.00402270935999213,0.7062523325002755,
treatment_imbalance,treatment_imbalance,synthetic,treated_fraction,0.1,s_learner,29,2000,2000,0.0945,1.8570420742034912,0.7349852442693031,0.5447426563032876,0.5897012767102683,-0.5447426563032874,0.9856623929546574,0.4409197366513699,0.8794391005284885,0.00872265985721632,0.8881617603857048,0.2388086132739664,0.3983881128731032,0.6573846469496621,1.230006512534332,0.0945,0.003991762402950403,0.6047912497069203,0.6605,0.0,0.3523850426114369,0.11059736049450138,0.6286862703237173,0.25,0.00214462587798056,0.7009343347838258,
treatment_imbalance,treatment_imbalance,synthetic,treated_fraction,0.1,t_learner,0,2000,2000,0.095,1.94761061668396,1.3328483983938537,0.36398890223926006,1.0536323214823622,-0.3639889022392599,0.988634815670337,0.6246459134310769,0.6887271917631334,0.2859140580130085,0.9746412497761419,1.0855927902921911,1.1778422000535904,1.406842726844408,1.6002840372158211,0.095,0.0007182890487726693,0.6987810814647578,0.689,0.0,0.4543471939517302,0.15191159914747793,0.7603658648116849,0.5,0.0023948385261354007,0.6600560104191665,
treatment_imbalance,treatment_imbalance,synthetic,treated_fraction,0.1,t_learner,1,2000,2000,0.092,1.8810629844665527,1.4468654775615426,0.5315138377855506,1.1245793594216165,-0.5315138377855506,0.9947717733296532,0.46325793554410255,0.7307339878534683,0.333165262928388,1.0638992507818563,1.1084340164939042,1.3184287050048282,1.4223362828722645,1.839499421027676,0.092,0.00336111691809858,0.6381422932507997,0.6835,0.0,0.39580540126412567,0.13301268555211504,0.5949027146201571,0.3,0.00388398047082141,0.6485344000648833,
treatment_imbalance,treatment_imbalance,synthetic,treated_fraction,0.1,t_learner,2,2000,2000,0.11,1.9146981239318848,1.1494763675873851,0.030175170822966946,0.9147962410988306,-0.030175170822967015,0.9804604494287746,0.9502852786058077,0.7684251199765586,0.1692213345223199,0.9376464544988785,1.1203060848256468,1.0365035248959942,1.0931758581597426,1.3269231103892487,0.11,0.0019355521567803432,0.7444774311854289,0.6075,0.0,0.3904494382022472,0.12389584418497898,0.596467352967145,0.2,0.00307390471690626,0.6861255313652606,
treatment_imbalance,treatment_imbalance,synthetic,treated_fraction,0.1,t_learner,3,2000,2000,0.1045,1.861633539199829,1.3149124838082755,0.4556441458649798,1.05087931841224,-0.4556441458649799,1.0087926713972664,0.5531485255322866,0.6130192536078606,0.28949916241945517,0.9025184160273158,1.1625461789089502,1.2070100661792165,1.3018448103320637,1.5533166232797198,0.1045,0.00231247356927956,0.6851842333489518,0.625,0.0,0.4243385988955944,0.13990568507761944,0.6536314454995417,0.4,0.0022349900159087982,0.6451006640577337,
treatment_imbalance,treatment_imbalance,synthetic,treated_fraction,0.1,t_learner,4,2000,2000,0.0935,1.8535871505737305,1.3777518451774788,0.4696519284720988,1.0775359396539388,-0.4696519284720988,0.9903193784566898,0.520667449984591,0.6108765957829763,0.3114589879015729,0.9223355836845492,1.1492355439038244,1.1681759305251977,1.3399874456200715,1.7640456040335397,0.0935,0.0004609035895346401,0.8231868861263986,0.68,0.0,0.4096675525246954,0.1390924501912883,0.6169165942625832,0.4,0.0013442367384049652,0.7656389578900169,
treatment_imbalance,treatment_imbalance,synthetic,treated_fraction,0.1,t_learner,5,2000,2000,0.0935,1.9032809734344482,1.2769926075257125,0.37029317887661495,1.0074374408373976,-0.370293178876615,0.9664879542782492,0.5961947754016342,0.718883765365346,0.2613846448321845,0.9802684101975305,1.1306229553787692,1.1514692842273269,1.2667715264068262,1.5211642248086754,0.0935,0.0012688373245176843,0.5586211511287793,0.675,0.0,0.39064569316670156,0.1260548220268922,0.629676634871974,0.3,0.0022069699348180186,0.5134047460535719,
treatment_imbalance,treatment_imbalance,synthetic,treated_fraction,0.1,t_learner,6,2000,2000,0.094,1.8747146129608154,1.1343474924970014,0.17369953821160733,0.9028485931982032,-0.17369953821160733,1.003619649399195,0.8299201111875876,0.8446667790448062,0.19126669898590387,1.0359334780307101,1.0102990956894897,1.10788251253654,1.0882235775835225,1.3094420398753739,0.094,0.0022713387376649755,0.6262174792195296,0.6615,0.0,0.4029167253769198,0.1375973174478438,0.5485537143524933,0.35,0.002076845503080005,0.6266591613050506,
treatment_imbalance,treatment_imbalance,synthetic,treated_fraction,0.1,t_learner,7,2000,2000,0.098,1.8755674362182617,1.2987900339343939,0.1702977298729884,1.035119201737663,-0.17029772987298833,0.9985860310672204,0.828288301194232,0.7771855725204172,0.22506529201190084,1.002250864532318,1.1161646985537843,1.2514485847452603,1.2967068419814713,1.5013415268982202,0.098,0.005067652796265301,0.5928104517404778,0.65,0.0,0.36760713154441377,0.12389866864744326,0.606024333726914,0.3,0.00235060853769078,0.6841327600452058,
treatment_imbalance,treatment_imbalance,synthetic,treated_fraction,0.1,t_learner,8,2000,2000,0.109,1.879988431930542,1.3309644585611358,0.04032899058079198,1.0629978478532078,-0.040328990580791854,1.0063284488837538,0.9659994583029619,0.8134427417244771,0.22851775524113094,1.041960496965608,1.365046331163914,1.2309059586700766,1.2140282689357378,1.4944965562767563,0.109,0.0047916707259375805,0.6616737181705981,0.579,0.0,0.34336741523285863,0.10255940248606181,0.49690564697427403,0.15,0.002276038609224947,0.6835126407818236,
treatment_imbalance,treatment_imbalance,synthetic,treated_fraction,0.1,t_learner,9,2000,2000,0.0935,1.8651511669158936,1.2192947930948124,0.13731404912910017,0.951235839750834,-0.1373140491291003,1.000148146210073,0.8628340970809728,0.7084286463522955,0.19884205365281438,0.9072707000051099,0.9770660685211582,1.1212597030723672,1.1869509525387147,1.5251180879363397,0.0935,0.002402296363528321,0.693483823622094,0.6735,0.0,0.4122307399618324,0.1378312355241074,0.6755803185068423,0.4,0.0028502786976433553,0.6826422773801979,
treatment_imbalance,treatment_imbalance,synthetic,treated_fraction,0.1,t_learner,10,2000,2000,0.0985,1.8745133876800537,1.3556716414543657,0.2766908125616824,1.0626382899613491,-0.27669081256168226,1.0102761104198241,0.7335852978581417,0.7508979118352733,0.2704350106913701,1.0213329225266434,1.2246235632452542,1.1986456272250936,1.2906556218562746,1.6580519449714923,0.0985,0.0012773164335213249,0.7309608047462609,0.6505,0.0,0.3783260274049737,0.14397411640924612,0.6444848655482354,0.45,0.0027325130964206057,0.7413713905670535,
treatment_imbalance,treatment_imbalance,synthetic,treated_fraction,0.1,t_learner,11,2000,2000,0.095,1.8672301769256592,1.1856351634255353,0.004623887717249753,0.9446537453915441,-0.004623887717249551,1.004209171295834,0.9995852835785843,0.8659866804768939,0.16197543955354043,1.0279621200304343,1.1119420485597404,1.0872506990567672,1.2484679126668599,1.2828568244706717,0.095,0.0018690157123873823,0.6436487571250237,0.677,0.0,0.4009595812736261,0.1512738845710203,0.6204634695850825,0.45,0.0018369256837262556,0.6861208047742317,
treatment_imbalance,treatment_imbalance,synthetic,treated_fraction,0.1,t_learner,12,2000,2000,0.095,1.907883882522583,1.405062710599545,0.5360914688314687,1.105679550734045,-0.5360914688314687,1.0076912717470716,0.4715998029156029,0.687997943599977,0.32833441338784053,1.0163323569878175,1.176497995607221,1.186056279394513,1.342495336805736,1.817590196376855,0.095,0.0018182861683567902,0.8229724774688834,0.6865,0.0,0.46106426286711255,0.1460123322877286,0.8109335637491476,0.35,0.0032587793590294054,0.7825200426443356,
treatment_imbalance,treatment_imbalance,synthetic,treated_fraction,0.1,t_learner,13,2000,2000,0.1055,1.8892228603363037,1.3141316423746023,0.27861044221864917,1.0223781834107775,-0.27861044221864906,0.9934729095450703,0.7148624673264211,0.7157501247054597,0.2562302829403058,0.9719804076457655,1.1498934356548942,1.0476495772943837,1.1475274761125736,1.7807650140768347,0.1055,0.0022460198090549586,0.8207543984012908,0.6255,0.0,0.3819815142034391,0.1365864036054701,0.6489270488268953,0.4,0.0022557135267526436,0.7856272184657465,
treatment_imbalance,treatment_imbalance,synthetic,treated_fraction,0.1,t_learner,14,2000,2000,0.1005,1.8917486667633057,1.3235882792753715,0.06559702154152547,1.0506083223311835,-0.0655970215415255,0.9864716718243007,0.9208746502827753,0.6724535255924656,0.18117764149310145,0.8536311670855671,1.3200150580712173,1.3189306412960746,1.2125873615974236,1.4335821680497842,0.1005,0.0018717735325747115,0.7357199727288374,0.657,0.0,0.4118291256336439,0.12734341301016877,0.6586652751473744,0.3,0.0019164606389563631,0.6894084516785315,
treatment_imbalance,treatment_imbalance,synthetic,treated_fraction,0.1,t_learner,15,2000,2000,0.0975,1.8746061325073242,1.293642693561299,0.19430454652619955,1.0300217949549069,-0.19430454652619944,0.9872567721697856,0.792952225643586,0.8099313062568985,0.24663430201174363,1.056565608268642,1.1436967629834287,1.1960953272698238,1.279693428323429,1.522413901128232,0.0975,0.00501754413603496,0.532702737596741,0.64,0.0,0.3475672988138362,0.10903848162182661,0.49434338571045966,0.3,0.0022065900160406233,0.6454386214283936,
treatment_imbalance,treatment_imbalance,synthetic,treated_fraction,0.1,t_learner,16,2000,2000,0.108,1.8430719375610352,1.2270657137296033,0.2534206770889359,0.9630780897245057,-0.253420677088936,1.003893844164219,0.750473167075283,0.8234722970936438,0.19791736898756473,1.0213896660812085,1.1184433766323718,1.0524106423555601,1.1663483924898066,1.5178632164010506,0.108,0.0023036429492549336,0.6999014453028618,0.6135,0.0,0.36545009134695233,0.1552532408941015,0.5454519533702707,0.55,0.0025220035681639114,0.6664540092069099,
treatment_imbalance,treatment_imbalance,synthetic,treated_fraction,0.1,t_learner,17,2000,2000,0.087,1.8423492908477783,1.2560991820841778,0.2354386037288223,0.996767127183142,-0.23543860372882222,0.9793423811024536,0.7439037773736313,0.7035935123062336,0.19744076693413082,0.9010342792403644,1.3345498623895857,1.1525938863239678,1.1251660236536867,1.3912749685630312,0.087,0.0010684895780352973,0.7147265056230764,0.713,0.0,0.40817816721431177,0.1462858512214327,0.701792846597489,0.4,0.0018638693193863908,0.7067808677599663,
treatment_imbalance,treatment_imbalance,synthetic,treated_fraction,0.1,t_learner,18,2000,2000,0.1045,1.9652900695800781,1.2315788794323037,0.4417447479982184,0.975522207067321,-0.44174474799821833,0.9985727292068496,0.5568279812086312,0.815797540383664,0.2636712563610476,1.0794687967447116,1.141204425038002,1.2011567619983115,1.2075212104028195,1.3652521982628856,0.1045,0.0045979935811166555,0.6689891408614271,0.61,0.0,0.3728771448951296,0.1091260062009034,0.5689799126342624,0.2,0.003653173745925322,0.6306827257190998,
treatment_imbalance,treatment_imbalance,synthetic,treated_fraction,0.1,t_learner,19,2000,2000,0.083,1.867063283920288,1.2418002399900099,0.04620199185850338,0.9716461322776695,-0.04620199185850354,1.0013442425231096,0.9551422506646062,0.7468816185806126,0.18461423978770675,0.9314958583683194,1.1491196840910647,1.1178092495785856,1.1796755375327357,1.4854842319913222,0.083,0.0013996657405152683,0.7468936498164331,0.74,0.0,0.44265612066586957,0.15336866889264952,0.6672868439966402,0.45,0.0020476723272443275,0.6762150484150177,
treatment_imbalance,treatment_imbalance,synthetic,treated_fraction,0.1,t_learner,20,2000,2000,0.0975,1.9440412521362305,1.2870193402132384,0.14101356759448225,1.0256808672639985,-0.1410135675944824,0.9972729066129272,0.856259339018445,0.8080886556362358,0.22615292027360223,1.034241575909838,1.1403554032006908,1.2614840675762264,1.2207018137220667,1.4979351494472863,0.0975,0.002557749630007886,0.6573218411647996,0.6675,0.0,0.424319909084452,0.13112698436859735,0.7049527908427742,0.25,0.004963102223961865,0.6242720751741762,
treatment_imbalance,treatment_imbalance,synthetic,treated_fraction,0.1,t_learner,21,2000,2000,0.098,1.929102897644043,1.087013868493348,0.03656573565366472,0.8499716240310511,-0.03656573565366474,0.9942709486025046,0.9577052129488399,0.833923405239614,0.15232143733209402,0.986244842571708,1.0640200663865773,1.07568355827385,1.0020639184080506,1.1970925968354362,0.098,0.0009464908601884061,0.838290077390014,0.6605,0.0,0.42481560251595096,0.1332400128117303,0.670038711916858,0.3,0.0026084253153925868,0.7575819010236416,
treatment_imbalance,treatment_imbalance,synthetic,treated_fraction,0.1,t_learner,22,2000,2000,0.093,1.9092581272125244,1.2381207495510418,0.09828219108902281,0.9891448107915302,0.09828219108902303,1.005694401834314,1.1039765929233367,0.8858867532312025,0.15072142172333858,1.036608174954541,1.1562020033577376,1.2205737814352775,1.177295666816217,1.3853315293731803,0.093,0.001500852967419116,0.6892795427477194,0.6845,0.0,0.42152434470249317,0.14314294340805805,0.8024733482645543,0.3,0.002956619637599997,0.636619911410083,
treatment_imbalance,treatment_imbalance,synthetic,treated_fraction,0.1,t_learner,23,2000,2000,0.102,1.88625168800354,1.2696071708626435,0.15795174055034178,0.9748852448713684,-0.15795174055034186,0.9863786558371623,0.8284269152868206,0.7683217906570688,0.22033635036851862,0.9886581410255875,1.144719422845795,1.1153842172738413,1.211364617844167,1.557478965082562,0.102,0.0033539184447760424,0.767781141102042,0.6325,0.0,0.3552229354993668,0.1306830625187616,0.5225343190162953,0.35,0.0020064866690360918,0.7364384406109432,
treatment_imbalance,treatment_imbalance,synthetic,treated_fraction,0.1,t_learner,24,2000,2000,0.098,1.8674941062927246,1.283201521256673,0.333299083363643,1.0126297111692664,0.33329908336364317,0.9987093506981598,1.3320084340618028,0.8681493085731704,0.10012088919146478,0.9682701977646352,1.0899997254926317,1.4278722209167571,1.2093115310523024,1.377342265613718,0.098,0.0013959134104341,0.7175651580844389,0.6745,0.0,0.4401330376940133,0.14513412843955542,0.6463350089703223,0.35,0.0024241785690450562,0.7760756144989274,
treatment_imbalance,treatment_imbalance,synthetic,treated_fraction,0.1,t_learner,25,2000,2000,0.102,1.853832483291626,1.4350939065746011,0.6811850327944546,1.1287663693624959,-0.6811850327944547,0.9991239276584803,0.3179388948640257,0.5839430373058424,0.3833287591059118,0.9672717964117542,1.1188985432597414,1.124029571248846,1.400026847955093,1.9397233000107235,0.102,0.0019199669825804332,0.7006859687467256,0.665,0.0,0.4203240316171012,0.13503839362437858,0.7712116341785826,0.3,0.003112008480987086,0.7549133816311429,
treatment_imbalance,treatment_imbalance,synthetic,treated_fraction,0.1,t_learner,26,2000,2000,0.0965,1.8010778427124023,1.264094151459554,0.2922687745150718,0.9911640620431779,-0.29226877451507166,1.0171306539049356,0.7248618793898638,0.7872225158446938,0.2379341414540025,1.0251566572986963,1.1839380600304337,1.1281232046949359,1.1964156280552762,1.511937315169614,0.0965,0.0024746343747838496,0.7269137360918676,0.6685,0.0,0.4008447287606344,0.14164511281840436,0.6683434296545662,0.35,0.0026921181330671726,0.6378996990655813,
treatment_imbalance,treatment_imbalance,synthetic,treated_fraction,0.1,t_learner,27,2000,2000,0.1105,1.8004744052886963,1.3034596794353592,0.2855989176032352,1.0260926298287554,-0.28559891760323525,0.9959384935616975,0.7103395759584623,0.7240891925342787,0.23853402898045506,0.9626232215147338,1.250176155180922,1.155693939240807,1.2321629092945667,1.5424766476134346,0.1105,0.001700934540616625,0.7164251252986886,0.5905,0.0,0.37035652242476963,0.12150636391418787,0.5641624203034299,0.3,0.0013486640944855735,0.675744643654041,
treatment_imbalance,treatment_imbalance,synthetic,treated_fraction,0.1,t_learner,28,2000,2000,0.0995,1.8194422721862793,1.2742490289925692,0.17616796834386084,0.999687717003779,-0.17616796834386075,0.9766359953808899,0.800468027037029,0.6137462745568113,0.23424138769587632,0.8479876622526876,1.1279893000177026,1.1451109814145577,1.2734121314131912,1.5131506449832077,0.0995,0.0036284755737639196,0.7012551160550405,0.637,0.0,0.35798369973130506,0.11784990938706767,0.5981251907074161,0.25,0.00402270935999213,0.7062523325002755,
treatment_imbalance,treatment_imbalance,synthetic,treated_fraction,0.1,t_learner,29,2000,2000,0.0945,1.82108473777771,1.3043906709363646,0.2309854325859544,1.0259756653549352,-0.23098543258595425,0.9856623929546574,0.754676960368703,0.6530727884638927,0.2350889719218121,0.8881617603857048,1.2053234785604852,1.0844419071327869,1.3708744846845282,1.5157916410342362,0.0945,0.003991762402950403,0.6047912497069203,0.6605,0.0,0.3523850426114369,0.11059736049450138,0.6286862703237173,0.25,0.00214462587798056,0.7009343347838258,
treatment_imbalance,treatment_imbalance,synthetic,treated_fraction,0.1,x_learner,0,2000,2000,0.095,3.641378879547119,0.6637257401029594,0.2121029621358148,0.5252490731082976,-0.2121029621358148,0.988634815670337,0.7765318535345221,0.8914584941555687,0.0831827556205732,0.9746412497761419,0.5407350568988177,0.6061018632828575,0.7003112419284862,0.7822644861523158,0.095,0.0007182890487726693,0.6987810814647578,0.689,0.0,0.4543471939517302,0.15191159914747793,0.7603658648116849,0.5,0.0023948385261354007,0.6600560104191665,
treatment_imbalance,treatment_imbalance,synthetic,treated_fraction,0.1,x_learner,1,2000,2000,0.092,3.646939277648926,0.7729609247413587,0.32584598794177344,0.5974004965418117,-0.32584598794177344,0.9947717733296532,0.6689257853878797,0.9605267942551567,0.10337245652669957,1.0638992507818563,0.5763084672155747,0.6641220371626907,0.7335813788893939,1.0385293426886473,0.092,0.00336111691809858,0.6381422932507997,0.6835,0.0,0.39580540126412567,0.13301268555211504,0.5949027146201571,0.3,0.00388398047082141,0.6485344000648833,
treatment_imbalance,treatment_imbalance,synthetic,treated_fraction,0.1,x_learner,2,2000,2000,0.11,3.661555528640747,0.5729565770036784,0.13742125037789898,0.4419917037803763,-0.13742125037789898,0.9804604494287746,0.8430391990508757,0.9043922337266246,0.03325422077225393,0.9376464544988785,0.48761481608028184,0.4895778305425443,0.5102825632597471,0.7584681938884449,0.11,0.0019355521567803432,0.7444774311854289,0.6075,0.0,0.3904494382022472,0.12389584418497898,0.596467352967145,0.2,0.00307390471690626,0.6861255313652606,
treatment_imbalance,treatment_imbalance,synthetic,treated_fraction,0.1,x_learner,3,2000,2000,0.1045,3.7139651775360107,0.897222490341964,0.4474665697489738,0.6639876326998204,-0.4474665697489738,1.0087926713972664,0.5613261016482926,0.7273622950492388,0.17515612097807698,0.9025184160273158,0.6774261503908864,0.6968010578477718,0.7864925647534081,1.2872545711078904,0.1045,0.00231247356927956,0.6851842333489518,0.625,0.0,0.4243385988955944,0.13990568507761944,0.6536314454995417,0.4,0.0022349900159087982,0.6451006640577337,
treatment_imbalance,treatment_imbalance,synthetic,treated_fraction,0.1,x_learner,4,2000,2000,0.0935,3.6747429370880127,0.6845501637438851,0.20979027269390138,0.5254958817752056,-0.2097902726939015,0.9903193784566898,0.7805291057627884,0.8591356152291726,0.06319996845537657,0.9223355836845492,0.567814938722092,0.5681289796077469,0.6069821593557382,0.9278060265189336,0.0935,0.0004609035895346401,0.8231868861263986,0.68,0.0,0.4096675525246954,0.1390924501912883,0.6169165942625832,0.4,0.0013442367384049652,0.7656389578900169,
treatment_imbalance,treatment_imbalance,synthetic,treated_fraction,0.1,x_learner,5,2000,2000,0.0935,3.6296193599700928,0.6342937745333606,0.2533042262712296,0.4921792524783329,-0.2533042262712296,0.9664879542782492,0.7131837280070196,0.9110873147755517,0.06918109542197881,0.9802684101975305,0.557322031263852,0.5254967895654148,0.5864864312319795,0.8237677544382659,0.0935,0.0012688373245176843,0.5586211511287793,0.675,0.0,0.39064569316670156,0.1260548220268922,0.629676634871974,0.3,0.0022069699348180186,0.5134047460535719,
treatment_imbalance,treatment_imbalance,synthetic,treated_fraction,0.1,x_learner,6,2000,2000,0.094,3.719153881072998,0.6586653347937602,0.024113761460804573,0.5151864629748023,-0.024113761460804725,1.003619649399195,0.9795058879383903,0.98049904323478,0.05543443479593013,1.0359334780307101,0.5332230347433411,0.5481952016063303,0.6995139771042741,0.8131392900521799,0.094,0.0022713387376649755,0.6262174792195296,0.6615,0.0,0.4029167253769198,0.1375973174478438,0.5485537143524933,0.35,0.002076845503080005,0.6266591613050506,
treatment_imbalance,treatment_imbalance,synthetic,treated_fraction,0.1,x_learner,7,2000,2000,0.098,3.705756664276123,0.7101303825954096,0.14766498129722672,0.5543041685239268,-0.1476649812972267,0.9985860310672204,0.8509210497699937,0.9236168824222638,0.07863398211005423,1.002250864532318,0.6307200279736055,0.6786649480051948,0.6532901560383526,0.8555458771017932,0.098,0.005067652796265301,0.5928104517404778,0.65,0.0,0.36760713154441377,0.12389866864744326,0.606024333726914,0.3,0.00235060853769078,0.6841327600452058,
treatment_imbalance,treatment_imbalance,synthetic,treated_fraction,0.1,x_learner,8,2000,2000,0.109,3.7013773918151855,0.6544775673684942,0.15170107770357444,0.4909875815878653,-0.1517010777035744,1.0063284488837538,0.8546273711801794,0.9975131160974945,0.044447380868113506,1.041960496965608,0.5683621413097134,0.5038235255077292,0.5648315184722097,0.9041323088826686,0.109,0.0047916707259375805,0.6616737181705981,0.579,0.0,0.34336741523285863,0.10255940248606181,0.49690564697427403,0.15,0.002276038609224947,0.6835126407818236,
treatment_imbalance,treatment_imbalance,synthetic,treated_fraction,0.1,x_learner,9,2000,2000,0.0935,3.667388439178467,0.6662547387448654,0.11933654358876677,0.5045286768784532,-0.11933654358876689,1.000148146210073,0.8808116026213062,0.850744722228414,0.05652597777669588,0.9072707000051099,0.5560929954000067,0.6092971654803648,0.6531650708751837,0.8176028634937701,0.0935,0.002402296363528321,0.693483823622094,0.6735,0.0,0.4122307399618324,0.1378312355241074,0.6755803185068423,0.4,0.0028502786976433553,0.6826422773801979,
treatment_imbalance,treatment_imbalance,synthetic,treated_fraction,0.1,x_learner,10,2000,2000,0.0985,3.7458982467651367,0.6179533975077703,0.20251959587265123,0.4753979424090727,-0.20251959587265114,1.0102761104198241,0.8077565145471729,0.9714041534261706,0.049928769100472836,1.0213329225266434,0.5236701157278123,0.5124604037809933,0.563772779437105,0.8202315548560589,0.0985,0.0012773164335213249,0.7309608047462609,0.6505,0.0,0.3783260274049737,0.14397411640924612,0.6444848655482354,0.45,0.0027325130964206057,0.7413713905670535,
treatment_imbalance,treatment_imbalance,synthetic,treated_fraction,0.1,x_learner,11,2000,2000,0.095,3.7127609252929688,0.5764354161178957,0.015294292582344493,0.44953314960313023,0.015294292582344667,1.004209171295834,1.0195034638781786,0.999528630308908,0.02843348972152626,1.0279621200304343,0.5686593654553163,0.541033301374824,0.5590776543372028,0.6328134204678926,0.095,0.0018690157123873823,0.6436487571250237,0.677,0.0,0.4009595812736261,0.1512738845710203,0.6204634695850825,0.45,0.0018369256837262556,0.6861208047742317,
treatment_imbalance,treatment_imbalance,synthetic,treated_fraction,0.1,x_learner,12,2000,2000,0.095,3.6948602199554443,0.7435544067750174,0.20102659095593345,0.5661379079676764,-0.20102659095593345,1.0076912717470716,0.8066646807911382,0.9205469937843442,0.0957853632034733,1.0163323569878175,0.6104115272328843,0.6826744122697839,0.6973762059201363,0.941547909034878,0.095,0.0018182861683567902,0.8229724774688834,0.6865,0.0,0.46106426286711255,0.1460123322877286,0.8109335637491476,0.35,0.0032587793590294054,0.7825200426443356,
treatment_imbalance,treatment_imbalance,synthetic,treated_fraction,0.1,x_learner,13,2000,2000,0.1055,3.7112598419189453,0.8024229721315873,0.1500954367718359,0.622838133222232,-0.15009543677183587,0.9934729095450703,0.8433774727732344,0.8892249620754551,0.08275544557031045,0.9719804076457655,0.6969700621480214,0.691999909543763,0.7510606878799999,1.023135966330961,0.1055,0.0022460198090549586,0.8207543984012908,0.6255,0.0,0.3819815142034391,0.1365864036054701,0.6489270488268953,0.4,0.0022557135267526436,0.7856272184657465,
treatment_imbalance,treatment_imbalance,synthetic,treated_fraction,0.1,x_learner,14,2000,2000,0.1005,3.7649295330047607,0.6900407887365576,0.1806953733720268,0.5409904226132116,-0.18069537337202676,0.9864716718243007,0.8057762984522739,0.7575868818021556,0.09604428528341147,0.8536311670855671,0.6492254483050572,0.6712752741099771,0.6263574702972521,0.8001233052006306,0.1005,0.0018717735325747115,0.7357199727288374,0.657,0.0,0.4118291256336439,0.12734341301016877,0.6586652751473744,0.3,0.0019164606389563631,0.6894084516785315,
treatment_imbalance,treatment_imbalance,synthetic,treated_fraction,0.1,x_learner,15,2000,2000,0.0975,3.7910101413726807,0.6070874255957274,0.059267812101382766,0.47282125854308465,0.05926781210138284,0.9872567721697856,1.0465245842711683,1.0334582809893562,0.023107327279285883,1.056565608268642,0.5446384316688767,0.5583837673999175,0.5659585357835728,0.7385716296291421,0.0975,0.00501754413603496,0.532702737596741,0.64,0.0,0.3475672988138362,0.10903848162182661,0.49434338571045966,0.3,0.0022065900160406233,0.6454386214283936,
treatment_imbalance,treatment_imbalance,synthetic,treated_fraction,0.1,x_learner,16,2000,2000,0.108,3.749882221221924,0.818747219835024,0.19776825756515148,0.5942371055659462,-0.19776825756515165,1.003893844164219,0.8061255865990674,0.9137897485514752,0.1075999175297333,1.0213896660812085,0.6532132991644186,0.5588072756074512,0.7443325803568217,1.178305505500417,0.108,0.0023036429492549336,0.6999014453028618,0.6135,0.0,0.36545009134695233,0.1552532408941015,0.5454519533702707,0.55,0.0025220035681639114,0.6664540092069099,
treatment_imbalance,treatment_imbalance,synthetic,treated_fraction,0.1,x_learner,17,2000,2000,0.087,3.729212999343872,0.7732645632270085,0.11983846819760158,0.6159383639811199,-0.11983846819760151,0.9793423811024536,0.8595039129048521,0.8027083729495473,0.09832590629081706,0.9010342792403644,0.662020851358051,0.7453334492300294,0.8095566603394804,0.8617289565151219,0.087,0.0010684895780352973,0.7147265056230764,0.713,0.0,0.40817816721431177,0.1462858512214327,0.701792846597489,0.4,0.0018638693193863908,0.7067808677599663,
treatment_imbalance,treatment_imbalance,synthetic,treated_fraction,0.1,x_learner,18,2000,2000,0.1045,3.769541025161743,0.6988798109333538,0.18788630747355073,0.5489572582123325,-0.18788630747355056,0.9985727292068496,0.8106864217332989,0.9882687176131483,0.09120007913156336,1.0794687967447116,0.6292982550183827,0.6620359343348857,0.5995391102203769,0.8717665649227859,0.1045,0.0045979935811166555,0.6689891408614271,0.61,0.0,0.3728771448951296,0.1091260062009034,0.5689799126342624,0.2,0.003653173745925322,0.6306827257190998,
treatment_imbalance,treatment_imbalance,synthetic,treated_fraction,0.1,x_learner,19,2000,2000,0.083,3.834073781967163,0.6109018710195658,0.032729219181938496,0.4768972225440749,-0.032729219181938725,1.0013442425231096,0.9686150233411711,0.886526810528537,0.044969047839782395,0.9314958583683194,0.5716307169924947,0.5363531001320049,0.6193614413887936,0.7033914019598585,0.083,0.0013996657405152683,0.7468936498164331,0.74,0.0,0.44265612066586957,0.15336866889264952,0.6672868439966402,0.45,0.0020476723272443275,0.6762150484150177,
treatment_imbalance,treatment_imbalance,synthetic,treated_fraction,0.1,x_learner,20,2000,2000,0.0975,3.7513720989227295,0.6800401383837609,0.08902251637070246,0.5297201884941457,-0.08902251637070274,0.9972729066129272,0.9082503902422248,0.958411433708156,0.07583014220168205,1.034241575909838,0.5619484622701298,0.6478706667243864,0.6686240707852353,0.8168462132916666,0.0975,0.002557749630007886,0.6573218411647996,0.6675,0.0,0.424319909084452,0.13112698436859735,0.7049527908427742,0.25,0.004963102223961865,0.6242720751741762,
treatment_imbalance,treatment_imbalance,synthetic,treated_fraction,0.1,x_learner,21,2000,2000,0.098,3.7227280139923096,0.6124362294686275,0.1033741251262994,0.462812549186999,-0.10337412512629941,0.9942709486025046,0.8908968234762052,0.9446862050226884,0.04155863754901956,0.986244842571708,0.532523261414714,0.487370089855695,0.5223591264439423,0.8404420594246859,0.098,0.0009464908601884061,0.838290077390014,0.6605,0.0,0.42481560251595096,0.1332400128117303,0.670038711916858,0.3,0.0026084253153925868,0.7575819010236416,
treatment_imbalance,treatment_imbalance,synthetic,treated_fraction,0.1,x_learner,22,2000,2000,0.093,3.739342451095581,0.7291972977054434,0.008980472183548027,0.5677344463037194,0.008980472183547838,1.005694401834314,1.014674874017862,0.9968688447372549,0.03973933021728615,1.036608174954541,0.7969117939353005,0.6044294123943129,0.6209495153691768,0.8607747518404306,0.093,0.001500852967419116,0.6892795427477194,0.6845,0.0,0.42152434470249317,0.14314294340805805,0.8024733482645543,0.3,0.002956619637599997,0.636619911410083,
treatment_imbalance,treatment_imbalance,synthetic,treated_fraction,0.1,x_learner,23,2000,2000,0.102,3.697706937789917,0.5896905411378439,0.0535852332073089,0.45112471169180113,-0.05358523320730891,0.9863786558371623,0.9327934226298534,0.9555902984797945,0.03306784254579298,0.9886581410255875,0.5667794311823091,0.49560875946353694,0.5238606597129886,0.7413789721637085,0.102,0.0033539184447760424,0.767781141102042,0.6325,0.0,0.3552229354993668,0.1306830625187616,0.5225343190162953,0.35,0.0020064866690360918,0.7364384406109432,
treatment_imbalance,treatment_imbalance,synthetic,treated_fraction,0.1,x_learner,24,2000,2000,0.098,3.727506160736084,0.6802657345217836,0.24592767922515868,0.5322974892114171,0.2459276792251588,0.9987093506981598,1.2446370299233185,0.947212815933323,0.021057381831312227,0.9682701977646352,0.539714008985146,0.6095905112795964,0.7292270904586711,0.810174009618977,0.098,0.0013959134104341,0.7175651580844389,0.6745,0.0,0.4401330376940133,0.14513412843955542,0.6463350089703223,0.35,0.0024241785690450562,0.7760756144989274,
treatment_imbalance,treatment_imbalance,synthetic,treated_fraction,0.1,x_learner,25,2000,2000,0.102,3.7896761894226074,0.7930099666958078,0.2510379743044959,0.6041521321737163,-0.2510379743044961,0.9991239276584803,0.7480859533539844,0.8601365095671408,0.10713528684461338,0.9672717964117542,0.6309732579324573,0.667765867900745,0.739696384296618,1.0603159819671306,0.102,0.0019199669825804332,0.7006859687467256,0.665,0.0,0.4203240316171012,0.13503839362437858,0.7712116341785826,0.3,0.003112008480987086,0.7549133816311429,
treatment_imbalance,treatment_imbalance,synthetic,treated_fraction,0.1,x_learner,26,2000,2000,0.0965,3.7838239669799805,0.694523088018798,0.05923957338929042,0.5251236169825233,-0.05923957338929028,1.0171306539049356,0.9578910805156452,0.9675830873528717,0.05757356994582463,1.0251566572986963,0.6033423709137946,0.6146825624908394,0.6423477355452175,0.8803306177990268,0.0965,0.0024746343747838496,0.7269137360918676,0.6685,0.0,0.4008447287606344,0.14164511281840436,0.6683434296545662,0.35,0.0026921181330671726,0.6378996990655813,
treatment_imbalance,treatment_imbalance,synthetic,treated_fraction,0.1,x_learner,27,2000,2000,0.1105,3.7315096855163574,0.6637168117904989,0.09977945338773686,0.5083044379315829,-0.09977945338773693,0.9959384935616975,0.8961590401739606,0.9105019607932895,0.052121260721444296,0.9626232215147338,0.5279690025560752,0.5931154438892823,0.586269478134342,0.8875984038862549,0.1105,0.001700934540616625,0.7164251252986886,0.5905,0.0,0.37035652242476963,0.12150636391418787,0.5641624203034299,0.3,0.0013486640944855735,0.675744643654041,
treatment_imbalance,treatment_imbalance,synthetic,treated_fraction,0.1,x_learner,28,2000,2000,0.0995,3.673330307006836,0.5898529064982396,0.048388248485918606,0.4501915640632608,-0.048388248485918675,0.9766359953808899,0.9282477468949712,0.8142276325753266,0.033760029677361025,0.8479876622526876,0.5269978771102032,0.5134690400091362,0.5274694905650761,0.7563759146179486,0.0995,0.0036284755737639196,0.7012551160550405,0.637,0.0,0.35798369973130506,0.11784990938706767,0.5981251907074161,0.25,0.00402270935999213,0.7062523325002755,
treatment_imbalance,treatment_imbalance,synthetic,treated_fraction,0.1,x_learner,29,2000,2000,0.0945,3.75093674659729,0.6633370938510278,0.13697136479940497,0.5149631355589774,-0.13697136479940492,0.9856623929546574,0.8486910281552524,0.8225532974039995,0.0656084629817053,0.8881617603857048,0.5663632146812676,0.5844885864824441,0.6259211823532783,0.8401743123447886,0.0945,0.003991762402950403,0.6047912497069203,0.6605,0.0,0.3523850426114369,0.11059736049450138,0.6286862703237173,0.25,0.00214462587798056,0.7009343347838258,
treatment_imbalance,treatment_imbalance,synthetic,treated_fraction,0.1,neural_rep,0,2000,2000,0.095,1.7967121601104736,0.6456730670710509,0.29721809135138333,0.49766294667503747,-0.29721809135138333,0.988634815670337,0.6914167243189536,0.9632345840997873,0.01140666567635451,0.9746412497761419,0.45045980395713026,0.34545002098194355,0.5203919114452364,1.0365892844751015,0.095,0.0007182890487726693,0.6987810814647578,0.689,0.0,0.4543471939517302,0.15191159914747793,0.7603658648116849,0.5,0.0023948385261354007,0.6600560104191665,
treatment_imbalance,treatment_imbalance,synthetic,treated_fraction,0.1,neural_rep,1,2000,2000,0.092,2.353276252746582,0.7434143444307411,0.4306070424897993,0.5673472676512623,-0.43060704248979925,0.9947717733296532,0.5641647308398539,1.027285107266407,0.03661414351544923,1.0638992507818563,0.405571895401503,0.40358857496640865,0.6122842543263359,1.2281674322919547,0.092,0.00336111691809858,0.6381422932507997,0.6835,0.0,0.39580540126412567,0.13301268555211504,0.5949027146201571,0.3,0.00388398047082141,0.6485344000648833,
treatment_imbalance,treatment_imbalance,synthetic,treated_fraction,0.1,neural_rep,2,2000,2000,0.11,2.081587314605713,0.6506852769918188,0.1847327754996091,0.4949381997653604,-0.18473277549960915,0.9804604494287746,0.7957276739291655,0.9291274507657377,0.00851900373314085,0.9376464544988785,0.5992593925267684,0.2688432125929907,0.4258168839551486,1.0396426345747543,0.11,0.0019355521567803432,0.7444774311854289,0.6075,0.0,0.3904494382022472,0.12389584418497898,0.596467352967145,0.2,0.00307390471690626,0.6861255313652606,
treatment_imbalance,treatment_imbalance,synthetic,treated_fraction,0.1,neural_rep,3,2000,2000,0.1045,2.0676238536834717,0.7258748314709313,0.44718174142712874,0.5327936276236457,-0.44718174142712885,1.0087926713972664,0.5616109299701376,0.8351512385225217,0.06736717750479404,0.9025184160273158,0.31338915757976904,0.46651080628293506,0.6445942047954947,1.1731284237152235,0.1045,0.00231247356927956,0.6851842333489518,0.625,0.0,0.4243385988955944,0.13990568507761944,0.6536314454995417,0.4,0.0022349900159087982,0.6451006640577337,
treatment_imbalance,treatment_imbalance,synthetic,treated_fraction,0.1,neural_rep,4,2000,2000,0.0935,1.7636668682098389,0.697500001240645,0.35979396887615767,0.5394776710600052,-0.3597939688761576,0.9903193784566898,0.6305254095805322,0.9164202871713446,0.005915296513204549,0.9223355836845492,0.4360775999151638,0.24839758526952635,0.5334616674672122,1.187256763615352,0.0935,0.0004609035895346401,0.8231868861263986,0.68,0.0,0.4096675525246954,0.1390924501912883,0.6169165942625832,0.4,0.0013442367384049652,0.7656389578900169,
treatment_imbalance,treatment_imbalance,synthetic,treated_fraction,0.1,neural_rep,5,2000,2000,0.0935,2.590754508972168,0.6516658846904477,0.30274566351131127,0.4983887949772337,-0.3027456635113114,0.9664879542782492,0.6637422907669379,0.9677051782341746,0.012563231963355959,0.9802684101975305,0.43318244414758156,0.3522363624456426,0.519448161974908,1.0569436234500944,0.0935,0.0012688373245176843,0.5586211511287793,0.675,0.0,0.39064569316670156,0.1260548220268922,0.629676634871974,0.3,0.0022069699348180186,0.5134047460535719,
treatment_imbalance,treatment_imbalance,synthetic,treated_fraction,0.1,neural_rep,6,2000,2000,0.094,2.8143341541290283,0.5423294660655963,0.0657672268282472,0.4124552332748553,-0.06576722682824723,1.003619649399195,0.9378524225709477,1.0127081400629239,0.023225337967786253,1.0359334780307101,0.44995488378654136,0.4189085104464346,0.5156221336242928,0.7298459267550241,0.094,0.0022713387376649755,0.6262174792195296,0.6615,0.0,0.4029167253769198,0.1375973174478438,0.5485537143524933,0.35,0.002076845503080005,0.6266591613050506,
treatment_imbalance,treatment_imbalance,synthetic,treated_fraction,0.1,neural_rep,7,2000,2000,0.098,2.7061798572540283,0.6142752452431622,0.13788992081536922,0.4713691982544994,-0.13788992081536913,0.9985860310672204,0.8606961102518512,0.9925144781300116,0.009736386402306452,1.002250864532318,0.4904478057215994,0.4144252891095253,0.5354137191378701,0.9002116899054894,0.098,0.005067652796265301,0.5928104517404778,0.65,0.0,0.36760713154441377,0.12389866864744326,0.606024333726914,0.3,0.00235060853769078,0.6841327600452058,
treatment_imbalance,treatment_imbalance,synthetic,treated_fraction,0.1,neural_rep,8,2000,2000,0.109,2.5275113582611084,0.6011150593890041,0.05753530108742544,0.46478993896778653,-0.057535301087425425,1.0063284488837538,0.9487931477963284,1.0323402360541523,0.009620260911455736,1.041960496965608,0.6913856611288702,0.30827286800703363,0.3462960718347654,0.8674041708251741,0.109,0.0047916707259375805,0.6616737181705981,0.579,0.0,0.34336741523285863,0.10255940248606181,0.49690564697427403,0.15,0.002276038609224947,0.6835126407818236,
treatment_imbalance,treatment_imbalance,synthetic,treated_fraction,0.1,neural_rep,9,2000,2000,0.0935,3.4607746601104736,0.5487268155142314,0.15913595275084702,0.4061796504639784,-0.1591359527508471,1.000148146210073,0.841012193459226,0.8952160510977671,0.012054648907342758,0.9072707000051099,0.41782964047609794,0.37257170020962493,0.4522663491309199,0.8285338505117762,0.0935,0.002402296363528321,0.693483823622094,0.6735,0.0,0.4122307399618324,0.1378312355241074,0.6755803185068423,0.4,0.0028502786976433553,0.6826422773801979,
treatment_imbalance,treatment_imbalance,synthetic,treated_fraction,0.1,neural_rep,10,2000,2000,0.0985,2.758692502975464,0.6391645663279201,0.19225793399450775,0.5001085209905716,-0.19225793399450777,1.0102761104198241,0.8180181764253164,0.9833895788624325,0.03794334366421093,1.0213329225266434,0.6007147665325231,0.46098912201694703,0.541459483575381,0.8761151737612669,0.0985,0.0012773164335213249,0.7309608047462609,0.6505,0.0,0.3783260274049737,0.14397411640924612,0.6444848655482354,0.45,0.0027325130964206057,0.7413713905670535,
treatment_imbalance,treatment_imbalance,synthetic,treated_fraction,0.1,neural_rep,11,2000,2000,0.095,2.781660795211792,0.5738278382475678,0.0449748315807319,0.4416932174206584,-0.044974831580731685,1.004209171295834,0.9592343397151022,1.019462762523179,0.00849935750725539,1.0279621200304343,0.6282172810181476,0.34429124955169954,0.38652888256084555,0.8090213582162505,0.095,0.0018690157123873823,0.6436487571250237,0.677,0.0,0.4009595812736261,0.1512738845710203,0.6204634695850825,0.45,0.0018369256837262556,0.6861208047742317,
treatment_imbalance,treatment_imbalance,synthetic,treated_fraction,0.1,neural_rep,12,2000,2000,0.095,2.140361785888672,0.7931934687814749,0.4967943996339027,0.6236129302733445,-0.4967943996339026,1.0076912717470716,0.5108968721131689,1.0071087443694497,0.009223612618367794,1.0163323569878175,0.3820472338388469,0.3738799580820806,0.6988545645030437,1.3200301138247725,0.095,0.0018182861683567902,0.8229724774688834,0.6865,0.0,0.46106426286711255,0.1460123322877286,0.8109335637491476,0.35,0.0032587793590294054,0.7825200426443356,
treatment_imbalance,treatment_imbalance,synthetic,treated_fraction,0.1,neural_rep,13,2000,2000,0.1055,2.5407168865203857,0.6582121425269272,0.19394571705969976,0.5045445913503717,-0.1939457170596997,0.9934729095450703,0.7995271924853705,0.9646022289337399,0.007378178712025618,0.9719804076457655,0.506209012741647,0.4249169382774072,0.5574917691184973,0.9926599904442411,0.1055,0.0022460198090549586,0.8207543984012908,0.6255,0.0,0.3819815142034391,0.1365864036054701,0.6489270488268953,0.4,0.0022557135267526436,0.7856272184657465,
treatment_imbalance,treatment_imbalance,synthetic,treated_fraction,0.1,neural_rep,14,2000,2000,0.1005,2.3263254165649414,0.6965494161282159,0.37579456891557095,0.5299886440653463,-0.375794568915571,0.9864716718243007,0.6106771029087298,0.8436013954377174,0.010029771647849683,0.8536311670855671,0.3958099199709596,0.33897188583045357,0.563236941187871,1.1627214078981658,0.1005,0.0018717735325747115,0.7357199727288374,0.657,0.0,0.4118291256336439,0.12734341301016877,0.6586652751473744,0.3,0.0019164606389563631,0.6894084516785315,
treatment_imbalance,treatment_imbalance,synthetic,treated_fraction,0.1,neural_rep,15,2000,2000,0.0975,2.9606761932373047,0.533624285166674,0.040131936510344746,0.4091230289160021,-0.04013193651034485,0.9872567721697856,0.9471248356594408,1.0481036292790726,0.008461978989569463,1.056565608268642,0.5459556622654905,0.37109873577017555,0.38587371667793,0.744539541465571,0.0975,0.00501754413603496,0.532702737596741,0.64,0.0,0.3475672988138362,0.10903848162182661,0.49434338571045966,0.3,0.0022065900160406233,0.6454386214283936,
treatment_imbalance,treatment_imbalance,synthetic,treated_fraction,0.1,neural_rep,16,2000,2000,0.108,2.746065855026245,0.5678918672429173,0.11063973413041694,0.4277412278079073,-0.11063973413041699,1.003893844164219,0.893254110033802,1.0091960012186583,0.012193664862550246,1.0213896660812085,0.49858777073734417,0.3264213621180773,0.41408567293160453,0.8737259731858231,0.108,0.0023036429492549336,0.6999014453028618,0.6135,0.0,0.36545009134695233,0.1552532408941015,0.5454519533702707,0.55,0.0025220035681639114,0.6664540092069099,
treatment_imbalance,treatment_imbalance,synthetic,treated_fraction,0.1,neural_rep,17,2000,2000,0.087,2.4023895263671875,0.7141036075875401,0.44679626358831726,0.5595630772670683,-0.4467962635883173,0.9793423811024536,0.5325461175141364,0.8239999267865983,0.07703435245376611,0.9010342792403644,0.3938978329145994,0.4686486675361768,0.6577497475378506,1.1101144277658046,0.087,0.0010684895780352973,0.7147265056230764,0.713,0.0,0.40817816721431177,0.1462858512214327,0.701792846597489,0.4,0.0018638693193863908,0.7067808677599663,
treatment_imbalance,treatment_imbalance,synthetic,treated_fraction,0.1,neural_rep,18,2000,2000,0.1045,2.3392672538757324,0.7031067147564474,0.27853547596177963,0.5305282164644315,-0.2785354759617795,0.9985727292068496,0.72003725324507,1.0612938094537894,0.018174987290922262,1.0794687967447116,0.5374839358847429,0.358107030992567,0.5149127405424416,1.1380559968600066,0.1045,0.0045979935811166555,0.6689891408614271,0.61,0.0,0.3728771448951296,0.1091260062009034,0.5689799126342624,0.2,0.003653173745925322,0.6306827257190998,
treatment_imbalance,treatment_imbalance,synthetic,treated_fraction,0.1,neural_rep,19,2000,2000,0.083,2.668905019760132,0.5868584971035398,0.07897338746979787,0.4504041137631616,-0.07897338746979801,1.0013442425231096,0.9223708550533117,0.9254216274662606,0.00607423090205883,0.9314958583683194,0.4878523467996401,0.38868461847802127,0.5099690369763235,0.8535030866356733,0.083,0.0013996657405152683,0.7468936498164331,0.74,0.0,0.44265612066586957,0.15336866889264952,0.6672868439966402,0.45,0.0020476723272443275,0.6762150484150177,
treatment_imbalance,treatment_imbalance,synthetic,treated_fraction,0.1,neural_rep,20,2000,2000,0.0975,2.6804018020629883,0.743102104724873,0.2745469489323863,0.5649322353902123,-0.27454694893238646,0.9972729066129272,0.7227259576805409,0.9365139719011718,0.0977276040086662,1.034241575909838,0.5389677045755122,0.5489765538003178,0.6846768733032467,1.071521856124253,0.0975,0.002557749630007886,0.6573218411647996,0.6675,0.0,0.424319909084452,0.13112698436859735,0.7049527908427742,0.25,0.004963102223961865,0.6242720751741762,
treatment_imbalance,treatment_imbalance,synthetic,treated_fraction,0.1,neural_rep,21,2000,2000,0.098,2.358891248703003,0.6438115560310612,0.2059137570919104,0.489151070644126,-0.20591375709191032,0.9942709486025046,0.7883571915105942,0.977020832949409,0.009224009622298968,0.986244842571708,0.5207397462777312,0.3503936597330501,0.4883784530970054,1.012676732789198,0.098,0.0009464908601884061,0.838290077390014,0.6605,0.0,0.42481560251595096,0.1332400128117303,0.670038711916858,0.3,0.0026084253153925868,0.7575819010236416,
treatment_imbalance,treatment_imbalance,synthetic,treated_fraction,0.1,neural_rep,22,2000,2000,0.093,2.140047788619995,0.6568395216901983,0.034552853200628286,0.5067793799890999,-0.03455285320062832,1.005694401834314,0.9711415486336856,1.0272800204314376,0.009328154523103427,1.036608174954541,0.7365068085519352,0.4264267559417475,0.45746967854711,0.8900517204075715,0.093,0.001500852967419116,0.6892795427477194,0.6845,0.0,0.42152434470249317,0.14314294340805805,0.8024733482645543,0.3,0.002956619637599997,0.636619911410083,
treatment_imbalance,treatment_imbalance,synthetic,treated_fraction,0.1,neural_rep,23,2000,2000,0.102,2.606762409210205,0.515813714707362,0.1703611520485233,0.4003887440970219,-0.17036115204852342,0.9863786558371623,0.816017503788639,0.9816096119396726,0.007048529085914912,0.9886581410255875,0.47864717544617247,0.2949677407786732,0.40469271166104825,0.7644408908389093,0.102,0.0033539184447760424,0.767781141102042,0.6325,0.0,0.3552229354993668,0.1306830625187616,0.5225343190162953,0.35,0.0020064866690360918,0.7364384406109432,
treatment_imbalance,treatment_imbalance,synthetic,treated_fraction,0.1,neural_rep,24,2000,2000,0.098,2.5733723640441895,0.5998179565208767,0.051505376944302905,0.4555029409024131,0.051505376944302905,0.9987093506981598,1.0502147276424627,0.9608860307171276,0.0073841670475075505,0.9682701977646352,0.6938376136209593,0.44344560145981016,0.39149129801170635,0.7796192993451034,0.098,0.0013959134104341,0.7175651580844389,0.6745,0.0,0.4401330376940133,0.14513412843955542,0.6463350089703223,0.35,0.0024241785690450562,0.7760756144989274,
treatment_imbalance,treatment_imbalance,synthetic,treated_fraction,0.1,neural_rep,25,2000,2000,0.102,3.1351447105407715,0.6929499489277313,0.3238947740074093,0.5383382175348219,-0.3238947740074093,0.9991239276584803,0.6752291536510711,0.9024588062840266,0.06481299012772757,0.9672717964117542,0.478232397232554,0.4941330466697774,0.6217305137635718,1.030192215830189,0.102,0.0019199669825804332,0.7006859687467256,0.665,0.0,0.4203240316171012,0.13503839362437858,0.7712116341785826,0.3,0.003112008480987086,0.7549133816311429,
treatment_imbalance,treatment_imbalance,synthetic,treated_fraction,0.1,neural_rep,26,2000,2000,0.0965,2.727919101715088,0.625266558364139,0.16989305517255737,0.4616408258585797,-0.16989305517255718,1.0171306539049356,0.8472375987323782,1.0191712024314858,0.005985454867210471,1.0251566572986963,0.5541433136508629,0.2459708903674659,0.39833545036120915,1.0186193862515829,0.0965,0.0024746343747838496,0.7269137360918676,0.6685,0.0,0.4008447287606344,0.14164511281840436,0.6683434296545662,0.35,0.0026921181330671726,0.6378996990655813,
treatment_imbalance,treatment_imbalance,synthetic,treated_fraction,0.1,neural_rep,27,2000,2000,0.1105,2.6533405780792236,0.5873450326145883,0.2747539812382588,0.45014204995474233,-0.2747539812382588,0.9959384935616975,0.7211845123234387,0.9556602367246236,0.006962984790110149,0.9626232215147338,0.4010227859103651,0.25411018100597643,0.4716132624268471,0.9654462290262634,0.1105,0.001700934540616625,0.7164251252986886,0.5905,0.0,0.37035652242476963,0.12150636391418787,0.5641624203034299,0.3,0.0013486640944855735,0.675744643654041,
treatment_imbalance,treatment_imbalance,synthetic,treated_fraction,0.1,neural_rep,28,2000,2000,0.0995,2.0087358951568604,0.6438332499524569,0.046827486826464315,0.49600733353319515,-0.046827486826464294,0.9766359953808899,0.9298085085544255,0.839839203712656,0.008148458540031656,0.8479876622526876,0.7523288219396679,0.29721692356162327,0.32095663463432755,0.9490707548381283,0.0995,0.0036284755737639196,0.7012551160550405,0.637,0.0,0.35798369973130506,0.11784990938706767,0.5981251907074161,0.25,0.00402270935999213,0.7062523325002755,
treatment_imbalance,treatment_imbalance,synthetic,treated_fraction,0.1,neural_rep,29,2000,2000,0.0945,2.8191184997558594,0.6338938752896446,0.03243663742143532,0.4851160066825758,-0.03243663742143529,0.9856623929546574,0.9532257555332221,0.8637924492230135,0.024369311162691365,0.8881617603857048,0.6593862122598324,0.4825309062997644,0.5296697971848392,0.8118555499694662,0.0945,0.003991762402950403,0.6047912497069203,0.6605,0.0,0.3523850426114369,0.11059736049450138,0.6286862703237173,0.25,0.00214462587798056,0.7009343347838258,
